antecedent,consequent,support,confidence,lift
RADIATION_MID + RAIN_LOW + TEMP_MID + WIND_LOW,O3_MID + PM10_HIGH,0.006434420902118809,0.3707865168539326,7.37069941642714
RAIN_LOW + TEMP_HIGH + WIND_LOW,O3_HIGH + PM10_HIGH,0.0075393214610685036,0.2310756972111554,6.903554713186091
HUMIDITY_MID + RADIATION_MID + RAIN_LOW + WIND_LOW,NO2_HIGH + O3_MID + PM10_HIGH,0.0056544910958013775,0.2169576059850374,6.812468827930175
HUMIDITY_MID + RAIN_LOW + TEMP_MID + WIND_LOW,O3_MID + PM10_HIGH,0.006239438450539451,0.3380281690140845,6.719510863631401
HUMIDITY_MID + RADIATION_MID + WIND_LOW,NO2_HIGH + O3_MID + PM10_HIGH,0.005914467697907188,0.2054176072234763,6.450112866817156
HUMIDITY_MID + RADIATION_MID + RAIN_LOW + TEMP_MID,NO2_HIGH + O3_MID + PM10_HIGH,0.005004549590536852,0.2047872340425532,6.43031914893617
HUMIDITY_HIGH + RADIATION_LOW + RAIN_HIGH + TEMP_MID,O3_LOW + PM10_LOW,0.006499415052645262,0.2358490566037736,6.299954140461216
HUMIDITY_MID + RADIATION_HIGH + RAIN_HIGH + WIND_HIGH,NO2_LOW + O3_HIGH + PM10_LOW,0.00695437410633043,0.4672489082969432,6.2513840896145805
HUMIDITY_MID + TEMP_MID + WIND_LOW,O3_MID + PM10_HIGH,0.006824385805277525,0.3143712574850299,6.249245694657197
RADIATION_MID + TEMP_MID + WIND_LOW,O3_MID + PM10_HIGH,0.006889379955803978,0.30994152046783624,6.161188932710759
HUMIDITY_MID + RADIATION_HIGH + RAIN_HIGH + TEMP_HIGH + WIND_HIGH,NO2_LOW + O3_HIGH + PM10_LOW,0.005004549590536852,0.4583333333333333,6.132101449275361
HUMIDITY_MID + RADIATION_MID + RAIN_LOW + TEMP_MID,O3_MID + PM10_HIGH,0.0074743273105420515,0.3058510638297872,6.079876573753367
HUMIDITY_MID + RADIATION_MID + RAIN_LOW + WIND_LOW,O3_MID + PM10_HIGH,0.00792928636422722,0.3042394014962594,6.04783905868404
RADIATION_LOW + RAIN_HIGH + TEMP_MID,O3_LOW + PM10_LOW,0.006889379955803978,0.2231578947368421,5.96095029239766
RADIATION_MID + RAIN_LOW + TEMP_LOW + WIND_MID,NO2_HIGH + O3_MID,0.0052645261926426625,0.35526315789473684,5.934939139379393
HUMIDITY_MID + RADIATION_MID + WIND_LOW,O3_MID + PM10_HIGH,0.008514233718965293,0.29571106094808125,5.878307989337439
HUMIDITY_MID + RADIATION_HIGH + RAIN_HIGH,NO2_LOW + O3_HIGH + PM10_LOW,0.010009099181073703,0.42896935933147634,5.739237011020951
HUMIDITY_HIGH + RADIATION_LOW + TEMP_MID,O3_LOW + PM10_LOW,0.007344339009489146,0.21320754716981133,5.695158542976939
HUMIDITY_MID + RADIATION_HIGH + RAIN_HIGH + TEMP_HIGH,NO2_LOW + O3_HIGH + PM10_LOW,0.0075393214610685036,0.4249084249084249,5.684905239687848
RADIATION_HIGH + RAIN_HIGH + TEMP_HIGH + WIND_HIGH,NO2_LOW + O3_HIGH + PM10_LOW,0.00669439750422462,0.4204081632653061,5.624695652173912
RADIATION_HIGH + RAIN_HIGH + WIND_HIGH,NO2_LOW + O3_HIGH + PM10_LOW,0.009554140127388535,0.41761363636363635,5.587307312252964
RADIATION_MID + RAIN_LOW + TEMP_MID + WIND_LOW,NO2_HIGH + O3_MID,0.005784479396854283,0.3333333333333333,5.568584871516467
RAIN_HIGH + TEMP_LOW + WIND_LOW,NO2_HIGH + O3_LOW + PM10_MID,0.0055245027947484725,0.20047169811320756,5.498141795311606
HUMIDITY_HIGH + RADIATION_LOW + RAIN_MID + TEMP_LOW,O3_LOW + PM10_HIGH,0.00571948524632783,0.721311475409836,5.475134859721626
RADIATION_MID + TEMP_LOW + WIND_MID,NO2_HIGH + O3_MID,0.0053945144936955675,0.32677165354330706,5.45896705908504
HUMIDITY_LOW + RADIATION_MID + RAIN_LOW + TEMP_LOW,NO2_HIGH + O3_MID,0.0053945144936955675,0.3192307692307692,5.3329908961830785
HUMIDITY_MID + RAIN_LOW + TEMP_MID + WIND_LOW,NO2_HIGH + O3_MID,0.005849473547380735,0.31690140845070425,5.294077166582557
HUMIDITY_LOW + RADIATION_HIGH + RAIN_LOW + WIND_LOW,NO2_MID + O3_HIGH,0.005589496945274925,0.44559585492227977,5.273798326026305
HUMIDITY_MID + RADIATION_HIGH + RAIN_HIGH + WIND_HIGH,O3_HIGH + PM10_LOW,0.007084362407383336,0.4759825327510917,5.253563306246985
HUMIDITY_HIGH + RADIATION_LOW + RAIN_LOW + TEMP_LOW + WIND_LOW,NO2_HIGH + O3_LOW + PM10_HIGH + PM25_HIGH,0.010074093331600156,0.34675615212527966,5.230578584901522
RADIATION_MID + RAIN_LOW + TEMP_LOW + WIND_LOW,NO2_HIGH + PM10_HIGH + PM25_HIGH,0.0074743273105420515,0.452755905511811,5.221965788759163
HUMIDITY_HIGH + RAIN_LOW + TEMP_LOW + WIND_LOW,NO2_HIGH + O3_LOW + PM10_HIGH + PM25_HIGH,0.015793578577927986,0.3456614509246088,5.214065768554932
RADIATION_MID + RAIN_LOW + WIND_LOW,O3_MID + PM10_HIGH,0.011503964643182114,0.26222222222222225,5.212598334768877
HUMIDITY_MID + RADIATION_HIGH + RAIN_HIGH,NO2_LOW + O3_HIGH + PM25_LOW,0.0056544910958013775,0.24233983286908078,5.207598699055414
HUMIDITY_LOW + RADIATION_HIGH + WIND_LOW,NO2_MID + O3_HIGH,0.005589496945274925,0.4387755102040816,5.193076923076923
HUMIDITY_MID + RADIATION_HIGH + RAIN_HIGH + TEMP_HIGH + WIND_HIGH,O3_HIGH + PM10_LOW,0.005134537891589757,0.47023809523809523,5.190160210425633
RADIATION_HIGH + RAIN_HIGH + TEMP_HIGH,NO2_LOW + O3_HIGH + PM10_LOW,0.010334069933705966,0.38686131386861317,5.175867978419549
HUMIDITY_HIGH + RAIN_LOW + TEMP_LOW + WIND_LOW,O3_LOW + PM10_HIGH + PM25_HIGH,0.017483426491615755,0.38264580369843526,5.155331292210267
HUMIDITY_LOW + RADIATION_MID + TEMP_LOW,NO2_HIGH + O3_MID,0.0053945144936955675,0.30855018587360594,5.154563691478068
HUMIDITY_LOW + TEMP_HIGH + WIND_LOW,NO2_MID + O3_HIGH,0.005979461848433641,0.431924882629108,5.111997110870351
HUMIDITY_LOW + RAIN_LOW + TEMP_HIGH + WIND_LOW,NO2_MID + O3_HIGH,0.005849473547380735,0.430622009569378,5.096577107103423
RAIN_LOW + TEMP_MID + WIND_LOW,O3_MID + PM10_HIGH,0.009294163525282725,0.25627240143369173,5.094324507052688
RADIATION_HIGH + RAIN_HIGH,NO2_LOW + O3_HIGH + PM10_LOW,0.014103730664240218,0.38003502626970226,5.084538186248381
HUMIDITY_HIGH + RADIATION_LOW + RAIN_LOW + TEMP_LOW + WIND_LOW,NO2_HIGH + O3_LOW + PM10_HIGH,0.017223449889509943,0.5928411633109619,5.081590049416413
HUMIDITY_HIGH + RAIN_HIGH + TEMP_MID + WIND_HIGH,NO2_LOW + O3_MID + PM10_LOW,0.006564409203171715,0.2853107344632768,5.069042679505747
HUMIDITY_MID + RADIATION_HIGH + TEMP_HIGH + WIND_HIGH,NO2_LOW + O3_HIGH + PM10_LOW,0.006889379955803978,0.37857142857142856,5.06495652173913
HUMIDITY_HIGH + RADIATION_LOW + RAIN_LOW + TEMP_LOW + WIND_LOW,O3_LOW + PM10_HIGH + PM25_HIGH,0.01091901728844404,0.37583892617449666,5.063623220771283
RADIATION_HIGH + RAIN_LOW + TEMP_HIGH + WIND_LOW,NO2_MID + O3_HIGH,0.006499415052645262,0.42735042735042733,5.057856673241289
HUMIDITY_MID + RADIATION_LOW + RAIN_LOW + TEMP_LOW + WIND_LOW,NO2_HIGH + O3_LOW + PM10_HIGH,0.005784479396854283,0.5894039735099338,5.052127875445037
RADIATION_MID + RAIN_LOW + TEMP_LOW + WIND_LOW,NO2_HIGH + O3_LOW + PM10_HIGH + PM25_HIGH,0.0055245027947484725,0.33464566929133854,5.047900262467191
HUMIDITY_MID + RADIATION_HIGH + RAIN_HIGH,O3_HIGH + PM10_LOW + PM25_LOW,0.005004549590536852,0.21448467966573817,5.045965261983253
RADIATION_MID + TEMP_LOW + WIND_LOW,NO2_HIGH + PM10_HIGH + PM25_HIGH,0.00792928636422722,0.4372759856630825,5.0434245242969915
HUMIDITY_MID + RADIATION_HIGH + WIND_HIGH,NO2_LOW + O3_HIGH + PM10_LOW,0.009229169374756272,0.37566137566137564,5.026022544283413
HUMIDITY_MID + RADIATION_HIGH + RAIN_HIGH,O3_HIGH + PM10_LOW,0.010594046535811776,0.45403899721448465,5.011365861651407
HUMIDITY_HIGH + RADIATION_LOW + RAIN_LOW + WIND_LOW,NO2_HIGH + O3_LOW + PM10_HIGH + PM25_HIGH,0.01091901728844404,0.3300589390962672,4.978712585230556
HUMIDITY_MID + RADIATION_HIGH + RAIN_HIGH + TEMP_HIGH,O3_HIGH + PM10_LOW,0.007994280514753671,0.4505494505494505,4.972850678733031
HUMIDITY_HIGH + RADIATION_LOW + RAIN_LOW + TEMP_LOW + WIND_LOW,NO2_HIGH + O3_LOW + PM25_HIGH,0.011308982191602755,0.38926174496644295,4.966153572183824
HUMIDITY_MID + TEMP_MID + WIND_LOW,NO2_HIGH + O3_MID,0.006434420902118809,0.2964071856287425,4.951705709102967
HUMIDITY_MID + RADIATION_LOW + TEMP_LOW + WIND_LOW,NO2_HIGH + O3_LOW + PM10_HIGH,0.006239438450539451,0.5748502994011976,4.927379780828315
RADIATION_MID + TEMP_LOW + WIND_LOW,NO2_HIGH + O3_LOW + PM10_HIGH + PM25_HIGH,0.005914467697907188,0.32616487455197135,4.9199732939770895
RADIATION_HIGH + RAIN_HIGH + TEMP_HIGH + WIND_HIGH,O3_HIGH + PM10_LOW,0.007084362407383336,0.4448979591836735,4.910473457675753
HUMIDITY_MID + RADIATION_MID + RAIN_LOW,O3_MID + PM10_HIGH,0.014688678018978291,0.24511930585683298,4.872617105831049
HUMIDITY_HIGH + RADIATION_LOW + RAIN_HIGH + TEMP_LOW,O3_LOW + PM10_MID,0.009099181073703366,0.2697495183044316,4.871321700272283
RADIATION_LOW + RAIN_LOW + TEMP_LOW + WIND_LOW,NO2_HIGH + O3_LOW + PM10_HIGH,0.024177823995840373,0.5679389312977099,4.868138382700036
HUMIDITY_HIGH + RADIATION_LOW + RAIN_MID,O3_LOW + PM10_HIGH,0.005914467697907188,0.6408450704225352,4.864352369768686
HUMIDITY_MID + RADIATION_MID + TEMP_LOW,O3_MID + PM10_HIGH,0.005004549590536852,0.24444444444444444,4.8592018374964105
HUMIDITY_HIGH + RAIN_LOW + TEMP_LOW + WIND_LOW,NO2_HIGH + O3_LOW + PM25_HIGH,0.01735343819056285,0.37980085348506404,4.8454526797024835
HUMIDITY_HIGH + RADIATION_LOW + RAIN_LOW + TEMP_LOW,O3_LOW + PM10_HIGH + PM25_HIGH,0.01338879500844924,0.35951134380453753,4.8436440768621845
RADIATION_MID + RAIN_LOW + TEMP_MID,O3_MID + PM10_HIGH,0.011503964643182114,0.24346629986244842,4.839757738609342
RADIATION_LOW + RAIN_MID + TEMP_LOW,O3_LOW + PM10_HIGH,0.006499415052645262,0.6369426751592356,4.834731129748397
HUMIDITY_HIGH + RAIN_LOW + TEMP_LOW,O3_LOW + PM10_HIGH + PM25_HIGH,0.024697777200051996,0.3588290840415486,4.834452090248044
HUMIDITY_HIGH + RADIATION_LOW + RAIN_LOW + WIND_LOW,NO2_HIGH + O3_LOW + PM10_HIGH,0.0186533212010919,0.5638506876227898,4.833095643322698
RADIATION_HIGH + RAIN_HIGH + WIND_HIGH,O3_HIGH + PM10_LOW,0.010009099181073703,0.4375,4.82881994261119
HUMIDITY_HIGH + RADIATION_LOW + TEMP_LOW + WIND_LOW,NO2_HIGH + O3_LOW + PM25_HIGH,0.019693227609515144,0.3782771535580524,4.82601350302172
RADIATION_LOW + RAIN_HIGH + TEMP_LOW,O3_LOW + PM10_MID,0.010074093331600156,0.2667814113597246,4.817721590587703
HUMIDITY_HIGH + RADIATION_LOW + RAIN_LOW + WIND_LOW,O3_LOW + PM10_HIGH + PM25_HIGH,0.011828935395814377,0.3575638506876228,4.817405785183682
RADIATION_LOW + RAIN_HIGH + TEMP_LOW + WIND_LOW,O3_LOW + PM10_MID,0.005004549590536852,0.2655172413793103,4.794892342561113
HUMIDITY_HIGH + RADIATION_LOW + RAIN_LOW + TEMP_LOW + WIND_LOW,O3_LOW + PM10_HIGH,0.018328350448459638,0.6308724832214765,4.7886551686460965
HUMIDITY_HIGH + RADIATION_LOW + RAIN_LOW + WIND_LOW,NO2_HIGH + O3_LOW + PM25_HIGH,0.012413882750552451,0.37524557956778,4.78733705408778
RADIATION_HIGH + RAIN_LOW + WIND_LOW,NO2_MID + O3_HIGH,0.007409333160015599,0.40425531914893614,4.784517184942716
HUMIDITY_HIGH + RADIATION_LOW + RAIN_LOW + TEMP_LOW,O3_LOW + PM25_HIGH,0.01592356687898089,0.42757417102966844,4.767142170624985
RADIATION_LOW + RAIN_LOW + TEMP_LOW + WIND_LOW,NO2_HIGH + O3_LOW + PM10_HIGH + PM25_HIGH,0.013453789158975693,0.31603053435114503,4.767103726986978
RADIATION_HIGH + RAIN_HIGH + WIND_HIGH,NO2_LOW + O3_HIGH + PM25_LOW,0.005069543741063305,0.2215909090909091,4.761728669375317
RADIATION_MID + RAIN_LOW + TEMP_LOW + WIND_LOW,NO2_HIGH + PM25_HIGH,0.00792928636422722,0.48031496062992124,4.7494382932210595
HUMIDITY_HIGH + TEMP_MID + WIND_HIGH,NO2_LOW + O3_MID + PM10_LOW,0.006759391654751073,0.2659846547314578,4.725681175171143
RADIATION_HIGH + TEMP_HIGH + WIND_LOW,NO2_MID + O3_HIGH,0.00669439750422462,0.3992248062015504,4.724979129397734
HUMIDITY_HIGH + RAIN_LOW + TEMP_LOW,NO2_HIGH + O3_LOW + PM10_HIGH + PM25_HIGH,0.021513063824255815,0.3125590179414542,4.714738284360014
HUMIDITY_HIGH + RADIATION_LOW + RAIN_LOW + TEMP_LOW + WIND_LOW,O3_LOW + PM25_HIGH,0.012283894449499545,0.4228187919463087,4.714123139772396
HUMIDITY_HIGH + RAIN_LOW + TEMP_LOW + WIND_LOW,O3_LOW + PM25_HIGH,0.019303262706356426,0.422475106685633,4.710291298163152
RADIATION_HIGH + RAIN_LOW + TEMP_HIGH + WIND_LOW,O3_HIGH + PM10_MID,0.007084362407383336,0.4658119658119658,4.702744688965161
RADIATION_MID + RAIN_HIGH + WIND_HIGH,NO2_LOW + O3_MID + PM10_LOW,0.005004549590536852,0.2646048109965636,4.701165845257653
RAIN_HIGH + TEMP_MID + WIND_HIGH,NO2_LOW + O3_MID + PM10_LOW,0.01091901728844404,0.26456692913385826,4.700492807914022
HUMIDITY_HIGH + RADIATION_LOW + RAIN_LOW + TEMP_LOW,NO2_HIGH + O3_LOW + PM25_HIGH,0.013713765761081503,0.3682373472949389,4.697926886799279
RADIATION_MID + TEMP_MID + WIND_LOW,NO2_HIGH + O3_MID,0.006239438450539451,0.2807017543859649,4.6893346286454465
HUMIDITY_MID + RADIATION_LOW + RAIN_LOW + WIND_LOW,NO2_HIGH + O3_LOW + PM10_HIGH,0.006044455998960093,0.5470588235294118,4.689162706865477
HUMIDITY_HIGH + RADIATION_LOW + TEMP_LOW + WIND_LOW,NO2_HIGH + O3_LOW + PM10_HIGH + PM25_HIGH,0.016183543481086703,0.3108614232209738,4.6891312330175525
HUMIDITY_HIGH + RADIATION_LOW + RAIN_LOW + TEMP_LOW,NO2_HIGH + O3_LOW + PM10_HIGH + PM25_HIGH,0.011568958793708567,0.3106457242582897,4.685877562194162
RADIATION_MID + TEMP_LOW + WIND_LOW,NO2_HIGH + PM25_HIGH,0.008579227869491746,0.4731182795698925,4.678276252867844
HUMIDITY_HIGH + RADIATION_LOW + TEMP_LOW + WIND_LOW,O3_LOW + PM25_HIGH,0.02183803457688808,0.41947565543071164,4.676849590186181
RADIATION_MID + RAIN_LOW + TEMP_HIGH,NO2_MID + PM10_HIGH,0.006109450149486546,0.25133689839572193,4.676021183454145
HUMIDITY_MID + RADIATION_HIGH + WIND_HIGH,NO2_LOW + O3_HIGH + PM25_LOW,0.005329520343169115,0.21693121693121692,4.661597351541485
RADIATION_HIGH + RAIN_HIGH + TEMP_HIGH,NO2_LOW + O3_HIGH + PM25_LOW,0.005784479396854283,0.21654501216545013,4.653298264214547
RAIN_LOW + TEMP_LOW + WIND_LOW,NO2_HIGH + O3_LOW + PM10_HIGH + PM25_HIGH,0.02554270115689588,0.307752545027408,4.642235939011471
RADIATION_MID + RAIN_HIGH + TEMP_MID,NO2_LOW + O3_MID + PM10_LOW,0.00695437410633043,0.26097560975609757,4.636686757167802
HUMIDITY_HIGH + RADIATION_LOW + RAIN_HIGH + WIND_LOW,O3_LOW + PM10_MID,0.0075393214610685036,0.25663716814159293,4.6345298932236485
RADIATION_MID + WIND_LOW,O3_MID + PM10_HIGH,0.012478876901078902,0.23300970873786409,4.631895838037179
HUMIDITY_HIGH + RADIATION_LOW + RAIN_LOW + TEMP_LOW,NO2_HIGH + O3_LOW + PM10_HIGH,0.020083192512673858,0.5392670157068062,4.622374542431711
RADIATION_HIGH + RAIN_HIGH + TEMP_HIGH,O3_HIGH + PM10_LOW,0.01117899389054985,0.41849148418491483,4.619017199188737
RADIATION_LOW + TEMP_LOW + WIND_LOW,NO2_HIGH + O3_LOW + PM25_HIGH,0.024177823995840373,0.36186770428015563,4.616663762897574
RADIATION_LOW + RAIN_LOW + WIND_LOW,NO2_HIGH + O3_LOW + PM10_HIGH,0.026192642662160405,0.5373333333333333,4.605799814298979
HUMIDITY_LOW + RADIATION_HIGH + RAIN_LOW + TEMP_HIGH,O3_HIGH + PM25_MID,0.018783309502144806,0.292806484295846,4.597061803444782
RADIATION_LOW + RAIN_LOW + TEMP_LOW + WIND_LOW,NO2_HIGH + O3_LOW + PM25_HIGH,0.015338619524242819,0.3603053435114504,4.596731355942932
HUMIDITY_HIGH + RADIATION_LOW + TEMP_LOW + WIND_LOW,O3_LOW + PM10_HIGH + PM25_HIGH,0.017743403093721567,0.3408239700374532,4.59187180647658
HUMIDITY_HIGH + RAIN_LOW + TEMP_LOW,O3_LOW + PM25_HIGH,0.028337449629533343,0.4117091595845137,4.590258789396614
RADIATION_LOW + RAIN_MID + TEMP_LOW,NO2_HIGH + O3_LOW + PM10_HIGH,0.00545950864422202,0.535031847133758,4.5860724233983285
HUMIDITY_MID + RADIATION_MID + RAIN_LOW + WIND_LOW,NO2_HIGH + O3_MID,0.007149356557909788,0.2743142144638404,4.582625954115796
HUMIDITY_HIGH + RADIATION_LOW + TEMP_LOW + WIND_LOW,NO2_HIGH + O3_LOW + PM10_HIGH,0.02781749642532172,0.5343320848938826,4.580074349959486
HUMIDITY_HIGH + RADIATION_LOW + RAIN_HIGH + TEMP_MID,NO2_MID + O3_LOW,0.0077343039126478615,0.2806603773584906,4.579258288481163
HUMIDITY_HIGH + TEMP_LOW + WIND_LOW,NO2_HIGH + O3_LOW + PM25_HIGH,0.028142467177953986,0.3587406793703397,4.5767695628458105
HUMIDITY_MID + RADIATION_MID + RAIN_LOW + TEMP_MID,NO2_HIGH + O3_MID,0.00669439750422462,0.27393617021276595,4.576310439623906
HUMIDITY_MID + RADIATION_LOW + RAIN_LOW + TEMP_LOW + WIND_LOW,O3_LOW + PM10_HIGH,0.005914467697907188,0.6026490066225165,4.5744240828288305
HUMIDITY_HIGH + RADIATION_LOW + RAIN_LOW,O3_LOW + PM10_HIGH + PM25_HIGH,0.014753672169504744,0.3393124065769806,4.571506731693015
HUMIDITY_MID + RADIATION_MID + TEMP_MID,O3_MID + PM10_HIGH,0.008384245417912387,0.22994652406417113,4.571004159239453
RADIATION_MID + RAIN_LOW + TEMP_LOW + WIND_LOW,NO2_HIGH + O3_LOW + PM25_HIGH,0.005914467697907188,0.35826771653543305,4.570735561039944
RADIATION_LOW + RAIN_LOW + TEMP_LOW + WIND_LOW,O3_LOW + PM10_HIGH + PM25_HIGH,0.014428701416872481,0.33893129770992364,4.566372107324768
HUMIDITY_HIGH + RADIATION_LOW + RAIN_LOW + WIND_LOW,O3_LOW + PM10_HIGH,0.0198882100610945,0.6011787819253438,4.563264301284331
HUMIDITY_HIGH + RAIN_HIGH + TEMP_MID + WIND_HIGH,O3_MID + PM10_LOW + PM25_LOW,0.0056544910958013775,0.2457627118644068,4.5612847825642495
HUMIDITY_HIGH + RAIN_HIGH + TEMP_MID + WIND_LOW,NO2_MID + O3_LOW,0.0052645261926426625,0.2793103448275862,4.557231140527297
HUMIDITY_HIGH + RADIATION_LOW + RAIN_LOW + WIND_LOW,O3_LOW + PM25_HIGH,0.013518783309502146,0.4086444007858546,4.556088949631275
RADIATION_LOW + RAIN_HIGH + WIND_LOW,O3_LOW + PM10_MID,0.0077343039126478615,0.2521186440677966,4.55293128829474
HUMIDITY_HIGH + RADIATION_LOW + RAIN_LOW,O3_LOW + PM25_HIGH,0.017743403093721567,0.4080717488789238,4.549704295834146
HUMIDITY_HIGH + TEMP_LOW + WIND_LOW,NO2_HIGH + O3_LOW + PM10_HIGH + PM25_HIGH,0.023657870791628753,0.3015741507870754,4.549039101970531
HUMIDITY_HIGH + RADIATION_LOW + RAIN_LOW + TEMP_LOW,O3_LOW + PM10_HIGH,0.022292993630573247,0.5986038394415357,4.543719128587799
HUMIDITY_HIGH + TEMP_LOW + WIND_LOW,O3_LOW + PM10_HIGH + PM25_HIGH,0.026452619264266217,0.3371996685998343,4.543042120032443
HUMIDITY_HIGH + RAIN_LOW + TEMP_LOW,NO2_HIGH + O3_LOW + PM25_HIGH,0.024502794748472636,0.3559962228517469,4.541756123380579
HUMIDITY_MID + RADIATION_MID + RAIN_LOW + TEMP_LOW,NO2_HIGH + O3_MID,0.0052645261926426625,0.27181208053691275,4.540825918719804
HUMIDITY_MID + RADIATION_HIGH + RAIN_HIGH,O3_HIGH + PM25_LOW,0.006174444300012999,0.2646239554317549,4.539023610114805
RADIATION_LOW + TEMP_LOW + WIND_LOW,NO2_HIGH + O3_LOW + PM10_HIGH,0.035356817886390224,0.5291828793774319,4.535937483064718
HUMIDITY_MID + RADIATION_HIGH + TEMP_HIGH + WIND_HIGH,O3_HIGH + PM10_LOW,0.0074743273105420515,0.4107142857142857,4.533177905308465
RADIATION_LOW + RAIN_LOW + TEMP_LOW + WIND_LOW,O3_LOW + PM10_HIGH,0.025412712855842973,0.5969465648854961,4.531139539875799
RADIATION_MID + TEMP_LOW + WIND_LOW,NO2_HIGH + O3_LOW + PM25_HIGH,0.006434420902118809,0.3548387096774194,4.5269887123522174
HUMIDITY_HIGH + RADIATION_LOW + RAIN_HIGH + TEMP_LOW + WIND_LOW,NO2_HIGH + O3_LOW + PM25_HIGH,0.006434420902118809,0.3548387096774194,4.5269887123522174
RADIATION_HIGH + RAIN_HIGH,O3_HIGH + PM10_LOW,0.015208631223189913,0.4098073555166375,4.523167842165699
RADIATION_MID + RAIN_LOW + TEMP_LOW + WIND_LOW,O3_LOW + PM10_HIGH + PM25_HIGH,0.0055245027947484725,0.33464566929133854,4.5086324585959145
HUMIDITY_HIGH + TEMP_LOW + WIND_LOW,O3_LOW + PM25_HIGH,0.03171714545690888,0.4043082021541011,4.507743477060145
HUMIDITY_HIGH + RAIN_LOW + TEMP_LOW + WIND_LOW,NO2_HIGH + O3_LOW + PM10_HIGH,0.023982841544261016,0.5248933143669986,4.499169100195343
RADIATION_LOW + TEMP_LOW + WIND_LOW,NO2_HIGH + O3_LOW + PM10_HIGH + PM25_HIGH,0.0198882100610945,0.29766536964980544,4.490077821011673
HUMIDITY_HIGH + RAIN_MID + TEMP_LOW,O3_LOW + PM10_HIGH,0.007994280514753671,0.5913461538461537,4.488629463777465
RADIATION_LOW + RAIN_HIGH + TEMP_LOW + WIND_LOW,NO2_HIGH + O3_LOW + PM25_HIGH,0.006629403353698167,0.35172413793103446,4.487253388231258
HUMIDITY_LOW + RADIATION_HIGH + RAIN_LOW + TEMP_HIGH + WIND_HIGH,O3_HIGH + PM25_MID,0.005914467697907188,0.2852664576802508,4.478683385579937
RAIN_HIGH + TEMP_LOW + WIND_LOW,O3_LOW + PM10_MID,0.006824385805277525,0.24764150943396226,4.472080122242891
HUMIDITY_MID + RADIATION_LOW + WIND_LOW,NO2_HIGH + O3_LOW + PM10_HIGH,0.006499415052645262,0.5208333333333334,4.464368616527391
HUMIDITY_HIGH + RADIATION_LOW + RAIN_LOW,NO2_HIGH + O3_LOW + PM25_HIGH,0.015208631223189913,0.34977578475336324,4.462396537491913
HUMIDITY_MID + RADIATION_MID + TEMP_LOW,NO2_HIGH + O3_MID,0.00545950864422202,0.26666666666666666,4.454867897213174
HUMIDITY_MID + RADIATION_LOW + TEMP_LOW + WIND_LOW,O3_LOW + PM10_HIGH,0.006369426751592357,0.5868263473053892,4.454321746246038
HUMIDITY_LOW + RADIATION_HIGH + TEMP_HIGH,O3_HIGH + PM25_MID,0.020083192512673858,0.2832263978001833,4.446654445462879
HUMIDITY_LOW + RADIATION_HIGH + RAIN_LOW + WIND_LOW,O3_HIGH + PM10_MID,0.0055245027947484725,0.44041450777202074,4.446337018753485
RADIATION_LOW + RAIN_LOW + WIND_LOW,NO2_HIGH + O3_LOW + PM10_HIGH + PM25_HIGH,0.014363707266346028,0.2946666666666667,4.444844444444445
RAIN_LOW + TEMP_LOW + WIND_LOW,O3_LOW + PM10_HIGH + PM25_HIGH,0.027362537371636554,0.32967893500391543,4.441716369501088
HUMIDITY_MID + RADIATION_HIGH + WIND_HIGH,O3_HIGH + PM10_LOW,0.009879110880020798,0.4021164021164021,4.438280461235984
RADIATION_MID + RAIN_LOW + WIND_MID,O3_MID + PM10_HIGH,0.008579227869491746,0.22297297297297297,4.432380054473078
HUMIDITY_HIGH + RADIATION_LOW + RAIN_LOW,NO2_HIGH + O3_LOW + PM10_HIGH + PM25_HIGH,0.012738853503184714,0.2929745889387145,4.419320613148099
RADIATION_LOW + TEMP_LOW + WIND_LOW,O3_LOW + PM25_HIGH,0.026452619264266217,0.3959143968871595,4.414158630801331
HUMIDITY_HIGH + RAIN_HIGH + TEMP_LOW + WIND_LOW,O3_LOW + PM10_MID,0.006369426751592357,0.24438902743142144,4.4133445728402
HUMIDITY_MID + RADIATION_MID + WIND_LOW,NO2_HIGH + O3_MID,0.0076043156115949565,0.26410835214446954,4.412129322578511
HUMIDITY_HIGH + RAIN_MID + TEMP_LOW,NO2_HIGH + O3_LOW + PM10_HIGH,0.00695437410633043,0.5144230769230769,4.409422541247054
RADIATION_HIGH + TEMP_HIGH + WIND_HIGH,NO2_LOW + O3_HIGH + PM25_LOW,0.009164175224229819,0.20494186046511628,4.403960146810445
RADIATION_HIGH + RAIN_HIGH,NO2_LOW + O3_HIGH + PM25_LOW,0.0076043156115949565,0.20490367775831875,4.40313964523672
HUMIDITY_HIGH + RADIATION_LOW + TEMP_LOW + WIND_LOW,O3_LOW + PM10_HIGH,0.030157285844274014,0.5792759051186017,4.39700990436843
RADIATION_HIGH + WIND_LOW,NO2_MID + O3_HIGH,0.0076043156115949565,0.37142857142857144,4.396
RADIATION_MID + TEMP_LOW + WIND_LOW,O3_LOW + PM10_HIGH + PM25_HIGH,0.005914467697907188,0.32616487455197135,4.394371943832426
HUMIDITY_MID + RAIN_HIGH + TEMP_HIGH + WIND_HIGH,NO2_LOW + O3_HIGH + PM10_LOW,0.006889379955803978,0.3281733746130031,4.390674384170143
RADIATION_MID + RAIN_LOW + TEMP_LOW + WIND_LOW,NO2_HIGH + O3_LOW + PM10_HIGH,0.00844923956843884,0.5118110236220472,4.387033097185971
RADIATION_HIGH + TEMP_HIGH + WIND_LOW,O3_HIGH + PM10_MID,0.007279344858962694,0.43410852713178294,4.382673096095546
HUMIDITY_LOW + RADIATION_HIGH + WIND_LOW,O3_HIGH + PM10_MID,0.0055245027947484725,0.4336734693877551,4.378280839895013
RADIATION_MID + RAIN_LOW + TEMP_LOW,NO2_HIGH + O3_MID,0.011113999740023398,0.26186830015313933,4.374707563687515
HUMIDITY_HIGH + RADIATION_LOW + TEMP_MID,NO2_MID + O3_LOW,0.009229169374756272,0.2679245283018868,4.371460013205547
HUMIDITY_HIGH + RADIATION_LOW + RAIN_LOW,NO2_HIGH + O3_LOW + PM10_HIGH,0.022163005329520345,0.5097159940209267,4.36907536713425
HUMIDITY_HIGH + RADIATION_MID + RAIN_HIGH,NO2_LOW + O3_MID + PM10_LOW,0.005784479396854283,0.24585635359116023,4.368066808722392
HUMIDITY_HIGH + RADIATION_LOW + RAIN_HIGH + TEMP_LOW + WIND_LOW,O3_LOW + PM25_HIGH,0.007084362407383336,0.3906810035842294,4.355810087787648
HUMIDITY_HIGH + RAIN_LOW + TEMP_LOW + WIND_LOW,O3_LOW + PM10_HIGH,0.026192642662160405,0.5732574679943101,4.3513267896203525
RADIATION_LOW + TEMP_LOW + WIND_LOW,O3_LOW + PM10_HIGH + PM25_HIGH,0.02157805797478227,0.3229571984435798,4.35115538988872
RAIN_LOW + TEMP_LOW + WIND_LOW,NO2_HIGH + O3_LOW + PM25_HIGH,0.028207461328480437,0.3398590446358653,4.33587998405259
HUMIDITY_MID + RADIATION_MID + RAIN_LOW + TEMP_LOW + WIND_LOW,NO2_HIGH + PM10_HIGH,0.006044455998960093,0.775,4.334478371501272
RADIATION_HIGH + RAIN_LOW + WIND_LOW,O3_HIGH + PM10_MID,0.007864292213700767,0.42907801418439717,4.33188604084064
RADIATION_MID + TEMP_LOW + WIND_LOW,NO2_HIGH + O3_LOW + PM10_HIGH,0.009164175224229819,0.5053763440860215,4.331877676940127
HUMIDITY_LOW + RADIATION_HIGH + RAIN_LOW + TEMP_HIGH + WIND_MID,O3_HIGH + PM25_MID,0.008319251267385936,0.27586206896551724,4.3310344827586205
HUMIDITY_HIGH + RADIATION_MID + RAIN_HIGH + TEMP_MID,O3_MID + PM10_LOW,0.007084362407383336,0.4678111587982833,4.330771654193975
RADIATION_LOW + RAIN_HIGH + TEMP_MID,NO2_MID + O3_LOW,0.00818926296633303,0.26526315789473687,4.328037059775633
HUMIDITY_HIGH + RADIATION_LOW + TEMP_LOW,O3_LOW + PM25_HIGH,0.030612244897959183,0.38797364085667213,4.325624955232433
TEMP_LOW + WIND_LOW,NO2_HIGH + O3_LOW + PM10_HIGH + PM25_HIGH,0.03386195242428181,0.28657865786578657,4.322842382277443
RADIATION_LOW + RAIN_LOW + WIND_LOW,NO2_HIGH + O3_LOW + PM25_HIGH,0.016508514233718966,0.3386666666666667,4.3206677722498625
RADIATION_LOW + RAIN_MID,O3_LOW + PM10_HIGH,0.00669439750422462,0.569060773480663,4.319471662937089
HUMIDITY_HIGH + RADIATION_LOW + RAIN_LOW,O3_LOW + PM10_HIGH,0.024697777200051996,0.5680119581464873,4.31151060090866
HUMIDITY_MID + RADIATION_LOW + RAIN_LOW + TEMP_LOW + WIND_LOW,NO2_HIGH + O3_LOW,0.008384245417912387,0.8543046357615894,4.3082042365872875
RADIATION_LOW + RAIN_LOW + TEMP_LOW + WIND_LOW,O3_LOW + PM25_HIGH,0.01644352008319251,0.3862595419847328,4.306513994910941
RADIATION_LOW + RAIN_HIGH + TEMP_LOW + WIND_LOW,O3_LOW + PM25_HIGH,0.007279344858962694,0.38620689655172413,4.3059270364817595
RADIATION_LOW + TEMP_LOW + WIND_LOW,O3_LOW + PM10_HIGH,0.037826595606395425,0.566147859922179,4.2973611113777235
HUMIDITY_LOW + RADIATION_HIGH + RAIN_LOW + TEMP_HIGH + WIND_MID,NO2_LOW + O3_HIGH + PM10_MID,0.007214350708436241,0.23922413793103448,4.294868828712831
TEMP_LOW + WIND_LOW,NO2_HIGH + O3_LOW + PM25_HIGH,0.039776420122189,0.33663366336633666,4.294730965633877
RADIATION_LOW + RAIN_LOW + WIND_LOW,O3_LOW + PM10_HIGH,0.02755751982321591,0.5653333333333334,4.291178424601217
RADIATION_HIGH + RAIN_LOW + TEMP_HIGH + WIND_MID,NO2_LOW + O3_HIGH + PM10_MID,0.010074093331600156,0.23846153846153847,4.281177632169464
RADIATION_MID + TEMP_MID + WIND_HIGH,NO2_LOW + O3_MID + PM10_LOW,0.006434420902118809,0.24087591240875914,4.2795805869759445
HUMIDITY_HIGH + TEMP_MID + WIND_HIGH,O3_MID + PM10_LOW + PM25_LOW,0.005849473547380735,0.23017902813299232,4.272056124070229
HUMIDITY_LOW + RAIN_LOW + TEMP_HIGH + WIND_MID,O3_HIGH + PM25_MID,0.012218900298973092,0.2712842712842713,4.259163059163059
RADIATION_LOW + RAIN_LOW + WIND_LOW,O3_LOW + PM10_HIGH + PM25_HIGH,0.01540361367476927,0.316,4.257422066549912
HUMIDITY_MID + RAIN_LOW + TEMP_MID,O3_MID + PM10_HIGH,0.01143897049265566,0.2141119221411192,4.256235186128243
RAIN_HIGH + TEMP_LOW,O3_LOW + PM10_MID,0.016703496685298323,0.23513266239707228,4.246186788311449
HUMIDITY_HIGH + RAIN_LOW + WIND_LOW,NO2_HIGH + O3_LOW + PM10_HIGH + PM25_HIGH,0.01683348498635123,0.28121606948968514,4.241951416831663
HUMIDITY_MID + RADIATION_LOW + RAIN_LOW + WIND_LOW,O3_LOW + PM10_HIGH,0.006174444300012999,0.5588235294117647,4.241765576482196
HUMIDITY_MID + RAIN_LOW + TEMP_LOW + WIND_LOW,NO2_HIGH + O3_LOW + PM10_HIGH + PM25_HIGH,0.006824385805277525,0.2807486631016043,4.234900912236553
HUMIDITY_HIGH + RAIN_MID + TEMP_LOW,O3_LOW + PM25_HIGH,0.005134537891589757,0.3798076923076923,4.234580546265329
HUMIDITY_HIGH + RAIN_HIGH + TEMP_LOW + WIND_LOW,NO2_HIGH + O3_LOW + PM25_HIGH,0.008644222020018199,0.3316708229426434,4.231415656546859
HUMIDITY_MID + RADIATION_LOW + TEMP_LOW + WIND_LOW,NO2_HIGH + O3_LOW,0.009099181073703366,0.8383233532934131,4.227611640043413
RADIATION_HIGH + TEMP_HIGH + WIND_HIGH,NO2_LOW + O3_HIGH + PM10_LOW,0.014103730664240218,0.31540697674418605,4.2198710819009095
HUMIDITY_LOW + RADIATION_HIGH + TEMP_HIGH + WIND_HIGH,O3_HIGH + PM25_MID,0.00669439750422462,0.2682291666666667,4.211197916666667
RADIATION_HIGH + RAIN_LOW + TEMP_HIGH,O3_HIGH + PM25_MID,0.023722864942155204,0.26818515797207937,4.210506980161646
HUMIDITY_LOW + RADIATION_HIGH + TEMP_HIGH + WIND_MID,O3_HIGH + PM25_MID,0.008644222020018199,0.26814516129032256,4.209879032258065
HUMIDITY_MID + RADIATION_MID + TEMP_LOW + WIND_LOW,NO2_HIGH + PM10_HIGH,0.006109450149486546,0.752,4.205842239185751
HUMIDITY_LOW + RADIATION_HIGH + TEMP_HIGH + WIND_MID,NO2_LOW + O3_HIGH + PM10_MID,0.0075393214610685036,0.23387096774193547,4.198761621560582
RADIATION_LOW + TEMP_LOW + WIND_MID,O3_LOW + PM10_MID,0.0053945144936955675,0.23249299719887956,4.198517904814508
HUMIDITY_HIGH + RAIN_HIGH + TEMP_LOW,O3_LOW + PM10_MID,0.012803847653711165,0.23231132075471697,4.195237067056426
HUMIDITY_LOW + TEMP_HIGH + WIND_MID,O3_HIGH + PM25_MID,0.012868841804237618,0.26720647773279355,4.195141700404859
TEMP_LOW + WIND_LOW,O3_LOW + PM10_HIGH + PM25_HIGH,0.036786689197972185,0.31133113311331134,4.194519101647468
HUMIDITY_HIGH + RAIN_LOW + WIND_LOW,O3_LOW + PM10_HIGH + PM25_HIGH,0.01858832705056545,0.31053203040173727,4.1837529069712165
RAIN_HIGH + TEMP_LOW + WIND_LOW,NO2_HIGH + O3_LOW + PM25_HIGH,0.009034186923176915,0.3278301886792453,4.182417315936044
HUMIDITY_MID + RADIATION_HIGH + WIND_HIGH,O3_HIGH + PM25_LOW,0.005979461848433641,0.24338624338624337,4.1747388414055076
HUMIDITY_HIGH + RADIATION_LOW + TEMP_LOW,NO2_HIGH + O3_LOW + PM25_HIGH,0.02580267775900169,0.3270181219110379,4.1720570677638715
HUMIDITY_HIGH + RAIN_HIGH + TEMP_LOW + WIND_LOW,O3_LOW + PM25_HIGH,0.009749122578967893,0.3740648379052369,4.170551881166649
RAIN_LOW + TEMP_LOW + WIND_LOW,NO2_HIGH + O3_LOW + PM10_HIGH,0.040166385025347716,0.4839467501957713,4.148192032597291
HUMIDITY_MID + RAIN_HIGH + TEMP_HIGH + WIND_HIGH,O3_HIGH + PM25_LOW,0.005069543741063305,0.24148606811145512,4.142145645443533
RADIATION_HIGH + RAIN_HIGH + WIND_HIGH,O3_HIGH + PM25_LOW,0.0055245027947484725,0.24147727272727273,4.141994780581737
RADIATION_MID + RAIN_LOW + TEMP_LOW + WIND_LOW,PM10_HIGH + PM25_HIGH,0.0075393214610685036,0.45669291338582674,4.133339509031959
RADIATION_MID + RAIN_LOW,O3_MID + PM10_HIGH,0.023917847393734565,0.2077922077922078,4.130608409678177
HUMIDITY_HIGH + TEMP_MID + WIND_LOW,NO2_MID + O3_LOW,0.00792928636422722,0.2531120331950208,4.1297791545478155
HUMIDITY_MID + RADIATION_HIGH + RAIN_HIGH + TEMP_HIGH + WIND_HIGH,NO2_LOW + O3_HIGH,0.0077343039126478615,0.7083333333333334,4.129752431476569
RADIATION_HIGH + RAIN_LOW + TEMP_HIGH + WIND_HIGH,O3_HIGH + PM25_MID,0.007279344858962694,0.26291079812206575,4.127699530516432
RADIATION_MID + RAIN_LOW + TEMP_LOW + WIND_LOW,NO2_HIGH + PM10_HIGH,0.01215390614844664,0.7362204724409448,4.117589308969967
TEMP_LOW + WIND_LOW,O3_LOW + PM25_HIGH,0.0434810867021968,0.367986798679868,4.102786148180035
HUMIDITY_MID + RAIN_LOW + TEMP_LOW + WIND_LOW,NO2_HIGH + O3_LOW + PM10_HIGH,0.01163395294423502,0.4786096256684492,4.102444401412122
RAIN_HIGH + TEMP_LOW + WIND_LOW,O3_LOW + PM25_HIGH,0.01013908748212661,0.36792452830188677,4.1020918785890075
RADIATION_MID + TEMP_LOW,NO2_HIGH + O3_MID,0.011568958793708567,0.24551724137931036,4.101550788123854
HUMIDITY_HIGH + RADIATION_MID + RAIN_HIGH + TEMP_MID,NO2_LOW + O3_MID,0.0053945144936955675,0.3562231759656652,4.096300288047627
HUMIDITY_HIGH + RAIN_LOW + TEMP_LOW,NO2_HIGH + O3_LOW + PM10_HIGH,0.03288704016638502,0.47780925401321994,4.095583945541728
HUMIDITY_HIGH + RAIN_LOW + TEMP_LOW,O3_LOW + PM10_HIGH,0.03711165995060445,0.5391879131255902,4.092720883744613
HUMIDITY_HIGH + RAIN_HIGH + TEMP_MID + WIND_HIGH,O3_MID + PM25_LOW,0.006239438450539451,0.2711864406779661,4.090661349285477
RADIATION_HIGH + RAIN_HIGH + TEMP_HIGH,O3_HIGH + PM25_LOW,0.006369426751592357,0.2384428223844282,4.089945669126881
HUMIDITY_MID + TEMP_LOW + WIND_LOW,NO2_HIGH + O3_LOW + PM10_HIGH + PM25_HIGH,0.007149356557909788,0.270935960591133,4.086883029073698
RADIATION_HIGH + RAIN_LOW + TEMP_HIGH + WIND_MID,O3_HIGH + PM25_MID,0.010984011438970492,0.26,4.082
RAIN_HIGH + TEMP_MID + WIND_LOW,NO2_MID + O3_LOW,0.00545950864422202,0.25,4.079003181336161
RAIN_LOW + TEMP_HIGH + WIND_LOW,NO2_MID + O3_HIGH,0.011243988041076304,0.34462151394422313,4.078728164266013
RADIATION_LOW + RAIN_MID,NO2_HIGH + O3_LOW + PM10_HIGH,0.005589496945274925,0.47513812154696133,4.072688099232059
HUMIDITY_HIGH + TEMP_LOW + WIND_LOW,NO2_HIGH + O3_LOW + PM10_HIGH,0.03724164825165735,0.4747307373653687,4.06919616997413
RAIN_LOW + TEMP_LOW + WIND_LOW,O3_LOW + PM25_HIGH,0.03028727414532692,0.36491777603758807,4.068568769648065
HUMIDITY_LOW + RADIATION_HIGH + TEMP_HIGH + WIND_HIGH,NO2_LOW + O3_HIGH + PM10_MID,0.0056544910958013775,0.2265625,4.067550320886815
HUMIDITY_MID + RAIN_HIGH + TEMP_HIGH + WIND_HIGH,O3_HIGH + PM10_LOW,0.0077343039126478615,0.3684210526315789,4.066374688514687
HUMIDITY_MID + RAIN_LOW + TEMP_LOW + WIND_LOW,NO2_HIGH + O3_LOW + PM25_HIGH,0.0077343039126478615,0.3181818181818182,4.059324589175335
RADIATION_LOW + RAIN_LOW + WIND_LOW,O3_LOW + PM25_HIGH,0.017743403093721567,0.364,4.058336231884058
HUMIDITY_MID + TEMP_LOW + WIND_LOW,NO2_HIGH + O3_LOW + PM25_HIGH,0.008384245417912387,0.31773399014778325,4.053611254074456
RADIATION_HIGH + TEMP_HIGH + WIND_MID,NO2_LOW + O3_HIGH + PM10_MID,0.011763941245287924,0.22512437810945274,4.0417312503991125
RAIN_LOW + TEMP_MID + WIND_LOW,NO2_HIGH + O3_MID,0.008774210321071103,0.24193548387096775,4.041714826100662
HUMIDITY_MID + RADIATION_LOW + RAIN_LOW + WIND_LOW,NO2_HIGH + O3_LOW,0.008839204471597556,0.8,4.034349393641429
HUMIDITY_MID + RADIATION_LOW + WIND_LOW,O3_LOW + PM10_HIGH,0.006629403353698167,0.53125,4.032467932905772
HUMIDITY_MID + RAIN_HIGH + TEMP_HIGH,NO2_LOW + O3_HIGH + PM10_LOW,0.012413882750552451,0.30126182965299686,4.0306213139487035
RADIATION_MID + RAIN_HIGH + TEMP_MID,O3_MID + PM10_LOW + PM25_LOW,0.005784479396854283,0.21707317073170732,4.028815204919239
RAIN_MID + TEMP_LOW,O3_LOW + PM10_HIGH,0.01091901728844404,0.5299684542586751,4.022740324234817
RADIATION_MID + TEMP_LOW + WIND_LOW,PM10_HIGH + PM25_HIGH,0.008059274665280124,0.4444444444444444,4.022483660130719
RADIATION_HIGH + RAIN_HIGH + TEMP_HIGH + WIND_HIGH,NO2_LOW + O3_HIGH,0.010984011438970492,0.689795918367347,4.021674876847291
HUMIDITY_HIGH + RAIN_LOW + TEMP_LOW + WIND_LOW,NO2_HIGH + PM10_HIGH + PM25_HIGH,0.01592356687898089,0.3485064011379801,4.019579826018711
HUMIDITY_MID + RADIATION_LOW + RAIN_LOW + TEMP_LOW,NO2_HIGH + O3_LOW + PM10_HIGH,0.0077343039126478615,0.46850393700787396,4.015822604347158
HUMIDITY_LOW + RAIN_LOW + TEMP_HIGH,O3_HIGH + PM25_MID,0.028272455479006888,0.2554315913094539,4.010275983558427
RADIATION_MID + RAIN_LOW + WIND_LOW,NO2_HIGH + O3_MID,0.010529052385285325,0.24,4.009381107491857
RADIATION_MID + TEMP_LOW + WIND_LOW,NO2_HIGH + PM10_HIGH,0.012998830105290524,0.7168458781362007,4.009229618685418
HUMIDITY_HIGH + RADIATION_LOW + WIND_LOW,NO2_HIGH + O3_LOW + PM25_HIGH,0.021383075523202913,0.3139312977099237,4.00509697061765
HUMIDITY_LOW + RADIATION_HIGH + RAIN_LOW + TEMP_HIGH + WIND_MID,O3_HIGH + PM10_MID,0.011958923696867282,0.39655172413793105,4.003507104715359
RAIN_MID + TEMP_LOW,NO2_HIGH + O3_LOW + PM10_HIGH,0.009619134277914988,0.4668769716088328,4.00187692767326
HUMIDITY_HIGH + RADIATION_LOW + RAIN_LOW + TEMP_LOW + WIND_LOW,NO2_HIGH + PM10_HIGH + PM25_HIGH,0.010074093331600156,0.34675615212527966,3.9993929209891697
HUMIDITY_HIGH + RAIN_HIGH + TEMP_MID + WIND_HIGH,NO2_LOW + O3_MID,0.007994280514753671,0.34745762711864403,3.9955030275392054
RAIN_MID + TEMP_LOW,O3_LOW + PM10_HIGH + PM25_HIGH,0.006109450149486546,0.29652996845425866,3.9951051616788296
RADIATION_MID + RAIN_LOW + TEMP_LOW + WIND_LOW,O3_LOW + PM25_HIGH,0.005914467697907188,0.35826771653543305,3.994425425082734
HUMIDITY_HIGH + RADIATION_LOW + WIND_HIGH,NO2_MID + O3_LOW,0.00519953204211621,0.24464831804281345,3.9916850704207083
HUMIDITY_HIGH + RAIN_LOW + WIND_LOW,NO2_HIGH + O3_LOW + PM25_HIGH,0.018718315351618355,0.3127035830618892,3.9894339378028425
RADIATION_MID + RAIN_LOW + TEMP_LOW,O3_MID + PM10_HIGH,0.008514233718965293,0.2006125574272588,3.987887349581142
HUMIDITY_HIGH + RADIATION_LOW + TEMP_LOW,O3_LOW + PM10_HIGH + PM25_HIGH,0.02333290003899649,0.2957166392092257,3.984147294985242
HUMIDITY_LOW + TEMP_HIGH + WIND_LOW,O3_HIGH + PM10_MID,0.00545950864422202,0.39436619718309857,3.981442460537503
HUMIDITY_HIGH + TEMP_LOW + WIND_LOW,O3_LOW + PM10_HIGH,0.04107630313271805,0.5236122618061309,3.974493468253147
RADIATION_HIGH + WIND_LOW,O3_HIGH + PM10_MID,0.008059274665280124,0.39365079365079364,3.974219889180519
HUMIDITY_LOW + TEMP_HIGH + WIND_MID,NO2_LOW + O3_HIGH + PM10_MID,0.01065904068633823,0.2213225371120108,3.973475561266509
HUMIDITY_MID + TEMP_LOW + WIND_LOW,NO2_HIGH + O3_LOW + PM10_HIGH,0.012218900298973092,0.4630541871921182,3.9691095956200173
HUMIDITY_LOW + RAIN_LOW + TEMP_HIGH + WIND_MID,NO2_LOW + O3_HIGH + PM10_MID,0.00994410503054725,0.22077922077922077,3.9637212262649832
RADIATION_MID + TEMP_LOW + WIND_LOW,O3_LOW + PM25_HIGH,0.006434420902118809,0.3548387096774194,3.95619448340346
HUMIDITY_LOW + RADIATION_HIGH + TEMP_HIGH + WIND_MID,O3_HIGH + PM10_MID,0.012608865202131808,0.3911290322580645,3.948760689188045
HUMIDITY_HIGH + RADIATION_LOW + WIND_LOW,O3_LOW + PM25_HIGH,0.024112829845313922,0.35400763358778625,3.946928587233101
RADIATION_MID + RAIN_LOW + TEMP_LOW + WIND_LOW,O3_LOW + PM10_HIGH,0.008579227869491746,0.5196850393700787,3.9446837768860536
RADIATION_HIGH + TEMP_HIGH + WIND_HIGH,O3_HIGH + PM25_LOW,0.010269075783179513,0.22965116279069767,3.939144694200306
RADIATION_HIGH + RAIN_HIGH,O3_HIGH + PM25_LOW,0.008514233718965293,0.22942206654991243,3.9352150679341724
HUMIDITY_LOW + RADIATION_HIGH + RAIN_LOW + TEMP_HIGH,NO2_LOW + O3_HIGH + PM10_MID,0.014038736513713766,0.2188449848024316,3.928995258074927
TEMP_LOW + WIND_LOW,NO2_HIGH + O3_LOW + PM10_HIGH,0.054140127388535034,0.4581958195819582,3.927465671358222
RAIN_LOW + TEMP_LOW + WIND_LOW,O3_LOW + PM10_HIGH,0.04289613934745873,0.5168363351605325,3.9230606081795525
HUMIDITY_LOW + RAIN_LOW + TEMP_HIGH + WIND_LOW,O3_HIGH + PM10_MID,0.0052645261926426625,0.3875598086124402,3.912726519232943
RADIATION_MID + RAIN_HIGH + TEMP_MID + WIND_HIGH,O3_MID + PM10_LOW,0.005134537891589757,0.42245989304812837,3.910931356461193
RADIATION_HIGH + WIND_HIGH,NO2_LOW + O3_HIGH + PM10_LOW,0.021253087222150007,0.29222520107238603,3.909719081478027
HUMIDITY_MID + RADIATION_MID + RAIN_LOW + TEMP_LOW,NO2_HIGH + PM10_HIGH + PM25_HIGH,0.006564409203171715,0.3389261744966443,3.9090840485797367
HUMIDITY_LOW + RADIATION_HIGH + RAIN_LOW + TEMP_HIGH,O3_HIGH + PM10_MID,0.024827765501104902,0.38703140830800403,3.9073918951620406
HUMIDITY_MID + RAIN_HIGH + TEMP_HIGH,O3_HIGH + PM10_LOW,0.014558689717925387,0.35331230283911674,3.8996148432443687
RADIATION_LOW + RAIN_LOW + TEMP_LOW + WIND_LOW,NO2_HIGH + O3_LOW,0.03288704016638502,0.7725190839694656,3.895764872485807
HUMIDITY_MID + RADIATION_HIGH + RAIN_HIGH + WIND_HIGH,NO2_LOW + O3_HIGH,0.00994410503054725,0.6681222707423581,3.8953123371132703
HUMIDITY_HIGH + RADIATION_LOW + RAIN_LOW + TEMP_LOW + WIND_LOW,NO2_HIGH + O3_LOW,0.022422981931626153,0.7718120805369127,3.8921994988990294
RADIATION_MID + TEMP_LOW + WIND_LOW,O3_LOW + PM10_HIGH,0.009294163525282725,0.5125448028673835,3.8904856126875
RAIN_LOW + TEMP_LOW + WIND_LOW,NO2_HIGH + PM10_HIGH + PM25_HIGH,0.027947484726374625,0.33672670321064996,3.8837159337324287
HUMIDITY_LOW + RADIATION_HIGH + TEMP_HIGH,NO2_LOW + O3_HIGH + PM10_MID,0.015338619524242819,0.21631530705774518,3.8835791299772078
RADIATION_HIGH + RAIN_LOW + TEMP_HIGH,NO2_LOW + O3_HIGH + PM10_MID,0.01910828025477707,0.216017634092579,3.8782349103248777
RADIATION_HIGH + RAIN_LOW + TEMP_HIGH + WIND_HIGH,NO2_LOW + O3_HIGH + PM10_MID,0.005979461848433641,0.215962441314554,3.8772440164127513
HUMIDITY_HIGH + RADIATION_MID + RAIN_HIGH,O3_MID + PM25_LOW,0.006044455998960093,0.2569060773480663,3.8752518687032826
HUMIDITY_HIGH + RAIN_LOW + WIND_LOW,O3_LOW + PM25_HIGH,0.02079812816846484,0.3474484256243214,3.8737981714897165
HUMIDITY_MID + RADIATION_HIGH + RAIN_LOW + TEMP_HIGH,NO2_LOW + O3_HIGH + PM10_MID,0.005004549590536852,0.21568627450980393,3.872285903859794
HUMIDITY_HIGH + RADIATION_LOW + WIND_LOW,NO2_HIGH + O3_LOW + PM10_HIGH + PM25_HIGH,0.017483426491615755,0.2566793893129771,3.8718324352641824
RADIATION_LOW + WIND_LOW,NO2_HIGH + O3_LOW + PM25_HIGH,0.025932666060054597,0.30296127562642367,3.865142775114556
HUMIDITY_MID + RADIATION_LOW + WIND_LOW,NO2_HIGH + O3_LOW,0.009554140127388535,0.765625,3.860998443133399
RADIATION_LOW + WIND_LOW,NO2_HIGH + O3_LOW + PM10_HIGH,0.0385415312621864,0.45026575550493547,3.8594924313086003
RADIATION_LOW + TEMP_LOW + WIND_LOW,NO2_HIGH + O3_LOW,0.05108540231379176,0.7645914396887159,3.8557862638644975
HUMIDITY_MID + RAIN_LOW + TEMP_LOW + WIND_LOW,NO2_HIGH + PM10_HIGH + PM25_HIGH,0.008124268815806577,0.3342245989304813,3.854857330692942
HUMIDITY_MID + RAIN_LOW + TEMP_LOW + WIND_LOW,O3_LOW + PM10_HIGH + PM25_HIGH,0.00695437410633043,0.28609625668449196,3.854533279638873
HUMIDITY_MID + RADIATION_LOW + RAIN_LOW + TEMP_LOW,NO2_HIGH + O3_LOW,0.012608865202131808,0.763779527559055,3.851691842354513
RADIATION_HIGH + RAIN_HIGH + TEMP_MID,NO2_LOW + PM10_LOW,0.006044455998960093,0.6078431372549019,3.8502571057241335
HUMIDITY_HIGH + RADIATION_LOW + RAIN_LOW + TEMP_LOW + WIND_LOW,NO2_HIGH + PM25_HIGH,0.011308982191602755,0.38926174496644295,3.849088179983092
HUMIDITY_HIGH + RADIATION_LOW + TEMP_LOW + WIND_LOW,NO2_HIGH + O3_LOW,0.03971142597166255,0.762796504369538,3.8467345185938093
HUMIDITY_MID + RADIATION_MID + TEMP_LOW,NO2_HIGH + PM10_HIGH + PM25_HIGH,0.006824385805277525,0.3333333333333333,3.8445777111444275
HUMIDITY_HIGH + RADIATION_LOW + TEMP_LOW,NO2_HIGH + O3_LOW + PM10_HIGH + PM25_HIGH,0.020083192512673858,0.2545304777594728,3.8394175792227925
HUMIDITY_MID + RAIN_HIGH + WIND_HIGH,NO2_LOW + O3_HIGH + PM10_LOW,0.010854023137917588,0.2869415807560137,3.8390288360974147
RADIATION_HIGH + RAIN_LOW + TEMP_HIGH + WIND_MID,O3_HIGH + PM10_MID,0.016053555180033798,0.38,3.8364041994750657
RADIATION_LOW + RAIN_LOW + TEMP_LOW,NO2_HIGH + O3_LOW + PM10_HIGH,0.030092291693747563,0.4473429951690821,3.834439734635932
HUMIDITY_HIGH + RADIATION_LOW + WIND_LOW,O3_LOW + PM10_HIGH + PM25_HIGH,0.01936825685688288,0.28435114503816794,3.831021644095667
HUMIDITY_HIGH + RADIATION_LOW + RAIN_LOW + WIND_LOW,NO2_HIGH + PM10_HIGH + PM25_HIGH,0.010984011438970492,0.3320235756385069,3.8294713154228384
HUMIDITY_HIGH + RADIATION_LOW + WIND_LOW,NO2_HIGH + O3_LOW + PM10_HIGH,0.030417262446379826,0.44656488549618323,3.827770099300432
HUMIDITY_HIGH + RAIN_LOW,O3_LOW + PM10_HIGH + PM25_HIGH,0.027102560769530742,0.2840599455040872,3.8270983551014757
HUMIDITY_HIGH + RADIATION_LOW + TEMP_LOW,NO2_HIGH + O3_LOW + PM10_HIGH,0.03522682958533732,0.4464579901153213,3.826853836163974
HUMIDITY_MID + RADIATION_HIGH + RAIN_HIGH + TEMP_HIGH,NO2_LOW + O3_HIGH,0.01163395294423502,0.6556776556776557,3.8227572604230424
HUMIDITY_LOW + RADIATION_HIGH + TEMP_HIGH,O3_HIGH + PM10_MID,0.02684258416742493,0.3785517873510541,3.821783333453621
HUMIDITY_HIGH + TEMP_MID + WIND_HIGH,O3_MID + PM25_LOW,0.006434420902118809,0.2531969309462916,3.81930194072514
HUMIDITY_HIGH + RAIN_HIGH + TEMP_MID + WIND_HIGH,O3_MID + PM10_LOW,0.009489145976862082,0.4124293785310734,3.818073657087302
HUMIDITY_MID + RAIN_HIGH + TEMP_HIGH,O3_HIGH + PM25_LOW,0.009164175224229819,0.222397476340694,3.814724159395672
HUMIDITY_HIGH + RADIATION_LOW + TEMP_LOW,O3_LOW + PM10_HIGH,0.0396464318211361,0.5024711696869851,3.8140214192422066
RADIATION_HIGH + RAIN_LOW + TEMP_HIGH,O3_HIGH + PM10_MID,0.03340699337059665,0.3776634827332844,3.81281518722724
HUMIDITY_HIGH + TEMP_LOW,O3_LOW + PM25_HIGH,0.05011049005589497,0.34145261293179807,3.806949204759888
RADIATION_HIGH + TEMP_HIGH + WIND_HIGH,O3_HIGH + PM10_LOW,0.01540361367476927,0.3444767441860465,3.8020941076373824
HUMIDITY_HIGH + RADIATION_LOW + RAIN_HIGH + TEMP_LOW + WIND_LOW,NO2_HIGH + O3_LOW,0.01364877161055505,0.7526881720430108,3.795758838103495
HUMIDITY_LOW + RAIN_LOW + TEMP_HIGH + WIND_MID,O3_HIGH + PM10_MID,0.01689847913687768,0.37518037518037517,3.7877462286911103
HUMIDITY_HIGH + RAIN_LOW + TEMP_LOW + WIND_LOW,NO2_HIGH + PM25_HIGH,0.017483426491615755,0.38264580369843526,3.7836685962108776
HUMIDITY_MID + TEMP_LOW + WIND_LOW,NO2_HIGH + PM10_HIGH + PM25_HIGH,0.008644222020018199,0.3275862068965517,3.778291888538489
HUMIDITY_MID + RADIATION_HIGH + TEMP_HIGH,NO2_LOW + O3_HIGH + PM10_LOW,0.012088911997920187,0.2822458270106222,3.776203734248202
HUMIDITY_MID + RAIN_LOW + TEMP_LOW + WIND_LOW,O3_LOW + PM10_HIGH,0.012088911997920187,0.49732620320855614,3.7749684077784136
RADIATION_LOW + RAIN_HIGH + TEMP_LOW + WIND_LOW,NO2_HIGH + O3_LOW,0.014103730664240218,0.7482758620689656,3.773507838018061
HUMIDITY_HIGH + RAIN_HIGH + WIND_HIGH,NO2_LOW + O3_MID + PM10_LOW,0.008254257116859483,0.21237458193979936,3.773204754879622
HUMIDITY_MID + RAIN_LOW + TEMP_HIGH + WIND_LOW,NO2_MID + O3_HIGH,0.005069543741063305,0.3183673469387755,3.768
HUMIDITY_LOW + TEMP_HIGH + WIND_MID,O3_HIGH + PM10_MID,0.017938385545300924,0.3724696356275304,3.7603791428905398
TEMP_LOW + WIND_LOW,O3_LOW + PM10_HIGH,0.05849473547380736,0.49504950495049505,3.7576870661905852
HUMIDITY_MID + TEMP_HIGH + WIND_HIGH,O3_HIGH + PM25_LOW,0.0075393214610685036,0.2188679245283019,3.7541827054542396
HUMIDITY_HIGH + RADIATION_LOW + TEMP_LOW + WIND_LOW,NO2_HIGH + PM25_HIGH,0.019758221760041595,0.37952559300873906,3.7528154074758735
RADIATION_MID + RAIN_HIGH + TEMP_MID,O3_MID + PM25_LOW,0.006629403353698167,0.24878048780487805,3.7526829268292685
HUMIDITY_MID + TEMP_LOW + WIND_LOW,NO2_HIGH + PM25_HIGH,0.010009099181073703,0.3793103448275862,3.7506869958337026
HUMIDITY_HIGH + RAIN_LOW,NO2_HIGH + O3_LOW + PM10_HIGH + PM25_HIGH,0.023722864942155204,0.24863760217983652,3.750527595234279
RADIATION_LOW + WIND_LOW,O3_LOW + PM25_HIGH,0.02879240868321851,0.3363705391040243,3.7502877642424046
RADIATION_MID + RAIN_LOW + TEMP_MID,NO2_HIGH + O3_MID,0.010594046535811776,0.22420907840440166,3.745581846178202
RADIATION_LOW + WIND_LOW,NO2_HIGH + O3_LOW + PM10_HIGH + PM25_HIGH,0.021253087222150007,0.24829157175398633,3.74530796373219
RADIATION_HIGH + RAIN_LOW + TEMP_HIGH + WIND_HIGH,O3_HIGH + PM25_LOW,0.006044455998960093,0.21830985915492956,3.7446103600420804
RADIATION_HIGH + TEMP_HIGH,O3_HIGH + PM25_MID,0.028207461328480437,0.23846153846153847,3.743846153846154
RAIN_HIGH + TEMP_MID + WIND_HIGH,O3_MID + PM10_LOW + PM25_LOW,0.008319251267385936,0.2015748031496063,3.741169989456987
HUMIDITY_HIGH + RADIATION_LOW + RAIN_LOW + WIND_LOW,NO2_HIGH + O3_LOW,0.024502794748472636,0.7406679764243614,3.7351417519715584
HUMIDITY_HIGH + TEMP_MID + WIND_HIGH,NO2_LOW + O3_MID,0.008254257116859483,0.32480818414322254,3.735051361156668
RADIATION_LOW + TEMP_MID + WIND_HIGH,O3_MID + PM10_LOW,0.006629403353698167,0.40316205533596844,3.732281217448382
HUMIDITY_HIGH + RAIN_HIGH + WIND_LOW,O3_LOW + PM10_MID,0.01020408163265306,0.20657894736842106,3.730544230294045
HUMIDITY_HIGH + RADIATION_LOW + WIND_LOW,O3_LOW + PM10_HIGH,0.0334719875211231,0.491412213740458,3.730078105876017
HUMIDITY_HIGH + RADIATION_LOW + RAIN_LOW + WIND_LOW,NO2_HIGH + PM25_HIGH,0.012478876901078902,0.37721021611001965,3.7299205559567885
HUMIDITY_MID + RADIATION_HIGH + TEMP_HIGH + WIND_HIGH,NO2_LOW + O3_HIGH,0.01163395294423502,0.6392857142857142,3.727188328912466
HUMIDITY_LOW + RADIATION_HIGH + RAIN_LOW + WIND_MID,O3_HIGH + PM25_MID,0.008969192772650462,0.23711340206185566,3.7226804123711337
RADIATION_LOW + RAIN_LOW + WIND_LOW,NO2_HIGH + O3_LOW,0.0359417652411283,0.7373333333333333,3.7183253578061835
HUMIDITY_MID + TEMP_LOW + WIND_LOW,O3_LOW + PM10_HIGH + PM25_HIGH,0.007279344858962694,0.27586206896551724,3.7166495561326163
HUMIDITY_MID + RADIATION_MID + RAIN_LOW + TEMP_LOW,NO2_HIGH + PM25_HIGH,0.007279344858962694,0.37583892617449666,3.7163610013629857
RAIN_MID + TEMP_LOW,NO2_HIGH + O3_LOW + PM10_HIGH + PM25_HIGH,0.005069543741063305,0.24605678233438485,3.711597699016515
RADIATION_HIGH + TEMP_HIGH,NO2_LOW + O3_HIGH + PM10_MID,0.024437800597946185,0.20659340659340658,3.7090386859348348
RADIATION_LOW + WIND_LOW,O3_LOW + PM10_HIGH,0.04179123878850904,0.4882308276385725,3.7059297059926375
RADIATION_HIGH + TEMP_HIGH + WIND_HIGH,NO2_LOW + O3_HIGH + PM10_MID,0.009229169374756272,0.2063953488372093,3.705482890559279
HUMIDITY_MID + RADIATION_MID + TEMP_LOW,NO2_HIGH + PM25_HIGH,0.007669309762121409,0.3746031746031746,3.704141673807484
HUMIDITY_MID + RAIN_LOW + TEMP_LOW + WIND_LOW,NO2_HIGH + PM25_HIGH,0.009099181073703366,0.37433155080213903,3.7014558101810486
RADIATION_MID + RAIN_LOW + WIND_MID,NO2_HIGH + O3_MID,0.008514233718965293,0.22128378378378377,3.696712592070898
RAIN_HIGH + TEMP_MID + WIND_HIGH,NO2_LOW + O3_MID,0.013258806707396334,0.32125984251968503,3.6942480844602943
RADIATION_MID + RAIN_LOW + TEMP_LOW,NO2_HIGH + PM10_HIGH + PM25_HIGH,0.013583777460028597,0.32006125574272587,3.691501110088141
HUMIDITY_HIGH + TEMP_LOW,NO2_HIGH + O3_LOW + PM25_HIGH,0.042376186143247105,0.2887511071744907,3.6838511898728976
HUMIDITY_HIGH + RADIATION_LOW + RAIN_LOW + TEMP_LOW,NO2_HIGH + O3_LOW,0.027167554920057194,0.7294938917975567,3.678791550048249
HUMIDITY_HIGH + RAIN_LOW + WIND_LOW,NO2_HIGH + O3_LOW + PM10_HIGH,0.025672689457948785,0.42888165038002174,3.6761966979092002
HUMIDITY_MID + RADIATION_LOW + RAIN_LOW + TEMP_LOW,O3_LOW + PM10_HIGH,0.007994280514753671,0.4842519685039369,3.6757280648256407
RADIATION_LOW + RAIN_LOW + TEMP_LOW,O3_LOW + PM10_HIGH,0.03256206941375276,0.4840579710144927,3.6742555214745853
RADIATION_HIGH + RAIN_HIGH + TEMP_HIGH,NO2_LOW + O3_HIGH,0.01683348498635123,0.6301703163017032,3.6740433825759773
RADIATION_MID + RAIN_HIGH,NO2_LOW + O3_MID + PM10_LOW,0.009099181073703366,0.20648967551622419,3.6686491310538396
RADIATION_HIGH + TEMP_HIGH + WIND_MID,O3_HIGH + PM10_MID,0.018978291953724163,0.36318407960199006,3.666634021493582
HUMIDITY_MID + RADIATION_HIGH,NO2_LOW + O3_HIGH + PM10_LOW,0.01540361367476927,0.27398843930635836,3.6657270671022864
HUMIDITY_HIGH + TEMP_LOW,O3_LOW + PM10_HIGH + PM25_HIGH,0.03990640842324191,0.27192205491585475,3.663566319558092
HUMIDITY_MID + RADIATION_MID + TEMP_MID,NO2_HIGH + O3_MID,0.007994280514753671,0.2192513368983957,3.6627590331364996
RADIATION_LOW + RAIN_LOW + TEMP_LOW + WIND_LOW,NO2_HIGH + PM10_HIGH + PM25_HIGH,0.013518783309502146,0.31755725190839695,3.6626205980978974
RADIATION_LOW + WIND_LOW,O3_LOW + PM10_HIGH + PM25_HIGH,0.02326790588847004,0.2718299164768413,3.662324951762417
HUMIDITY_HIGH + RAIN_LOW,O3_LOW + PM25_HIGH,0.03132718055375016,0.3283378746594005,3.6607293764561857
RADIATION_HIGH + RAIN_HIGH + WIND_HIGH,NO2_LOW + O3_HIGH,0.014363707266346028,0.6278409090909091,3.6604623824451408
RADIATION_HIGH + TEMP_MID + WIND_HIGH,NO2_LOW + O3_HIGH + PM10_LOW,0.006434420902118809,0.27348066298342544,3.6589334614460727
RAIN_LOW + TEMP_LOW + WIND_LOW,NO2_HIGH + PM25_HIGH,0.030677239048485638,0.36961628817541115,3.6548304690661158
HUMIDITY_MID + RADIATION_HIGH + RAIN_LOW + TEMP_HIGH,O3_HIGH + PM10_MID,0.008384245417912387,0.36134453781512604,3.6480623745561216
HUMIDITY_LOW + TEMP_HIGH,O3_HIGH + PM25_MID,0.030872221500064995,0.23227383863080683,3.6466992665036675
HUMIDITY_MID + TEMP_LOW + WIND_LOW,O3_LOW + PM10_HIGH,0.012673859352658261,0.4802955665024631,3.645696885153871
HUMIDITY_HIGH + RAIN_LOW + TEMP_LOW + WIND_LOW,NO2_HIGH + O3_LOW,0.03301702846743793,0.7226173541963017,3.6441136059207793
HUMIDITY_HIGH + RADIATION_LOW + RAIN_LOW + TEMP_LOW,NO2_HIGH + PM25_HIGH,0.013713765761081503,0.3682373472949389,3.6411952605912146
HUMIDITY_MID + RADIATION_MID + RAIN_LOW + TEMP_LOW,NO2_HIGH + PM10_HIGH,0.012608865202131808,0.6510067114093959,3.6409993681370287
HUMIDITY_LOW + RADIATION_MID + RAIN_LOW,NO2_HIGH + O3_MID,0.008579227869491746,0.21782178217821782,3.638877242773137
HUMIDITY_HIGH + RAIN_LOW + TEMP_LOW,NO2_HIGH + PM10_HIGH + PM25_HIGH,0.021708046275835176,0.3153918791312559,3.637645766351951
RADIATION_MID + TEMP_MID + WIND_HIGH,NO2_LOW + O3_MID,0.00844923956843884,0.31630170316301703,3.637233187493408
RADIATION_LOW + RAIN_LOW + TEMP_LOW,NO2_HIGH + O3_LOW + PM25_HIGH,0.019173274405303524,0.28502415458937197,3.6363031861625847
HUMIDITY_MID + TEMP_HIGH + WIND_HIGH,NO2_LOW + O3_HIGH + PM10_LOW,0.009359157675809178,0.27169811320754716,3.6350844954881047
RADIATION_LOW + TEMP_MID,NO2_MID + O3_LOW,0.01020408163265306,0.2226950354609929,3.6334950324526374
HUMIDITY_HIGH + RAIN_LOW,NO2_HIGH + O3_LOW + PM25_HIGH,0.027167554920057194,0.2847411444141689,3.632692577078278
RADIATION_HIGH + TEMP_HIGH + WIND_MID,O3_HIGH + PM25_MID,0.012088911997920187,0.23134328358208955,3.632089552238806
HUMIDITY_HIGH + RADIATION_LOW + RAIN_HIGH + TEMP_LOW,O3_LOW + PM25_HIGH,0.010984011438970492,0.325626204238921,3.630496216246405
RADIATION_HIGH + WIND_HIGH,O3_HIGH + PM10_LOW,0.023917847393734565,0.3288650580875782,3.629783202105795
RADIATION_HIGH + TEMP_MID + WIND_HIGH,O3_HIGH + PM10_LOW,0.0077343039126478615,0.3287292817679558,3.6282845977631046
HUMIDITY_LOW + TEMP_HIGH + WIND_HIGH,O3_HIGH + PM25_LOW,0.008839204471597556,0.2115085536547434,3.6279493941269583
RADIATION_MID + TEMP_LOW,NO2_HIGH + PM10_HIGH + PM25_HIGH,0.014818666320031197,0.31448275862068964,3.6271602129969494
HUMIDITY_LOW + RADIATION_HIGH + TEMP_HIGH + WIND_HIGH,NO2_LOW + O3_HIGH + PM10_LOW,0.006759391654751073,0.2708333333333333,3.6235144927536225
RADIATION_MID + RAIN_LOW + TEMP_LOW + WIND_LOW,PM25_HIGH,0.007994280514753671,0.4842519685039369,3.618601645168321
RADIATION_HIGH + TEMP_HIGH + WIND_HIGH,NO2_LOW + O3_HIGH,0.027752502274795268,0.6206395348837209,3.6184766516562825
RADIATION_LOW + TEMP_LOW,O3_LOW + PM25_HIGH,0.03743663070323671,0.3245070422535211,3.618018371096142
RAIN_HIGH + TEMP_HIGH + WIND_HIGH,NO2_LOW + O3_HIGH + PM10_LOW,0.009164175224229819,0.27011494252873564,3.6139030484757617
HUMIDITY_MID + RADIATION_HIGH + RAIN_HIGH,NO2_LOW + PM10_LOW + PM25_LOW,0.005914467697907188,0.25348189415041783,3.6111781698132677
HUMIDITY_MID + RAIN_LOW + TEMP_LOW + WIND_LOW,O3_LOW + PM25_HIGH,0.007864292213700767,0.3235294117647059,3.6071184995737426
RADIATION_LOW + TEMP_LOW + WIND_LOW,NO2_HIGH + PM25_HIGH,0.024372806447419734,0.3647859922178988,3.607067658267732
HUMIDITY_LOW + RAIN_LOW + TEMP_HIGH,NO2_LOW + O3_HIGH + PM10_MID,0.022227999480046796,0.2008220786846741,3.60542415710898
HUMIDITY_LOW + RAIN_LOW + TEMP_HIGH,O3_HIGH + PM10_MID,0.03951644352008319,0.357017028772754,3.6043727064944835
HUMIDITY_HIGH + RADIATION_LOW + TEMP_LOW + WIND_LOW,NO2_HIGH + PM10_HIGH + PM25_HIGH,0.016248537631613155,0.3121098626716604,3.5997918643674414
HUMIDITY_LOW + RADIATION_HIGH + TEMP_HIGH + WIND_HIGH,NO2_LOW + O3_HIGH,0.01540361367476927,0.6171875,3.598350464190981
RADIATION_LOW + RAIN_LOW + TEMP_LOW,O3_LOW + PM25_HIGH,0.021708046275835176,0.32270531400966185,3.597930406777288
HUMIDITY_MID + TEMP_LOW + WIND_LOW,O3_LOW + PM25_HIGH,0.008514233718965293,0.3226600985221675,3.597426286856572
HUMIDITY_LOW + RAIN_LOW + TEMP_HIGH + WIND_HIGH,O3_HIGH + PM25_LOW,0.007344339009489146,0.20964749536178107,3.5960271612445522
RADIATION_MID + RAIN_HIGH + WIND_HIGH,NO2_LOW + O3_MID,0.005914467697907188,0.3127147766323024,3.5959862132022455
HUMIDITY_MID + RADIATION_HIGH + RAIN_HIGH + WIND_HIGH,NO2_LOW + PM10_LOW,0.00844923956843884,0.5676855895196506,3.5958873941331184
RADIATION_LOW + RAIN_LOW + TEMP_LOW,O3_LOW + PM10_HIGH + PM25_HIGH,0.017938385545300924,0.26666666666666666,3.5927612375948628
RADIATION_MID + RAIN_HIGH + TEMP_MID + WIND_HIGH,NO2_LOW + PM10_LOW,0.006889379955803978,0.5668449197860963,3.5905623449274917
RADIATION_MID + RAIN_HIGH + TEMP_MID,NO2_LOW + O3_MID,0.008319251267385936,0.3121951219512195,3.5900105727514675
HUMIDITY_MID + RADIATION_HIGH + RAIN_HIGH,NO2_LOW + O3_HIGH,0.014363707266346028,0.6155988857938719,3.5890884641244836
RADIATION_MID + TEMP_LOW + WIND_LOW,PM25_HIGH,0.008709216170544652,0.48028673835125446,3.5889712269414282
HUMIDITY_MID + RADIATION_MID + RAIN_LOW,NO2_HIGH + O3_MID,0.012868841804237618,0.21475054229934923,3.58756986299434
RAIN_MID + TEMP_LOW,O3_LOW + PM25_HIGH,0.006629403353698167,0.3217665615141956,3.5874639967082707
HUMIDITY_HIGH + RADIATION_LOW + RAIN_LOW + TEMP_LOW,NO2_HIGH + PM10_HIGH + PM25_HIGH,0.011568958793708567,0.3106457242582897,3.582904882637215
RAIN_HIGH + TEMP_LOW + WIND_LOW,NO2_HIGH + PM10_MID,0.006044455998960093,0.21933962264150944,3.582547169811321
HUMIDITY_LOW + RADIATION_HIGH + WIND_MID,O3_HIGH + PM25_MID,0.009294163525282725,0.22807017543859648,3.5807017543859647
HUMIDITY_HIGH + TEMP_LOW + WIND_LOW,NO2_HIGH + PM25_HIGH,0.028402443780059794,0.3620546810273405,3.580059975762636
RADIATION_LOW + RAIN_LOW + TEMP_LOW + WIND_LOW,NO2_HIGH + PM25_HIGH,0.01540361367476927,0.3618320610687023,3.5778586706960502
HUMIDITY_HIGH + TEMP_LOW + WIND_LOW,NO2_HIGH + O3_LOW,0.05563499285064344,0.7091963545981773,3.5764323539323355
HUMIDITY_HIGH + TEMP_MID + WIND_HIGH,O3_MID + PM10_LOW,0.009814116729494346,0.38618925831202044,3.575155191569643
HUMIDITY_LOW + RADIATION_MID + RAIN_LOW + WIND_LOW,NO2_HIGH + PM10_HIGH,0.0055245027947484725,0.6390977443609023,3.5743940002678456
HUMIDITY_LOW + RADIATION_HIGH + TEMP_HIGH + WIND_HIGH,O3_HIGH + PM25_LOW,0.00519953204211621,0.20833333333333334,3.5734856930509107
RAIN_LOW + TEMP_HIGH + WIND_MID,O3_HIGH + PM25_MID,0.016638502534771872,0.22755555555555557,3.5726222222222224
TEMP_LOW + WIND_LOW,NO2_HIGH + PM10_HIGH + PM25_HIGH,0.036591706746392824,0.3096809680968097,3.571777642531869
RADIATION_LOW + TEMP_LOW + WIND_MID,NO2_HIGH + PM10_MID,0.005069543741063305,0.2184873949579832,3.5686274509803924
HUMIDITY_HIGH + RAIN_LOW + WIND_LOW,O3_LOW + PM10_HIGH,0.028142467177953986,0.47014115092290987,3.5686195106560885
TEMP_LOW + WIND_LOW,NO2_HIGH + PM25_HIGH,0.04263616274535292,0.36083608360836084,3.5680102714641646
RADIATION_LOW + TEMP_LOW,NO2_HIGH + O3_LOW + PM25_HIGH,0.0322370986611205,0.27943661971830985,3.5650181019783713
RADIATION_MID + RAIN_LOW + TEMP_LOW,NO2_HIGH + PM25_HIGH,0.015273625373716366,0.35987748851454826,3.5585315156072235
HUMIDITY_HIGH + RAIN_LOW + TEMP_LOW,NO2_HIGH + PM25_HIGH,0.024762771350578448,0.3597733711048159,3.557501984459317
RADIATION_LOW + RAIN_LOW + TEMP_LOW,NO2_HIGH + O3_LOW + PM10_HIGH + PM25_HIGH,0.01585857272845444,0.23574879227053142,3.5561087430141143
HUMIDITY_HIGH + RADIATION_LOW + RAIN_MID + TEMP_LOW,NO2_HIGH + O3_LOW,0.005589496945274925,0.7049180327868851,3.5548570476758488
HUMIDITY_HIGH + RADIATION_LOW + RAIN_LOW + TEMP_LOW + WIND_LOW,NO2_HIGH + PM10_HIGH,0.018458338749512544,0.6353467561521253,3.5534151908966196
HUMIDITY_MID + RADIATION_MID + TEMP_LOW,NO2_HIGH + PM10_HIGH,0.012998830105290524,0.6349206349206349,3.5510319479785126
HUMIDITY_HIGH + RAIN_MID,O3_LOW + PM10_HIGH + PM25_HIGH,0.005069543741063305,0.2635135135135135,3.5502792635016798
HUMIDITY_HIGH + TEMP_LOW,NO2_HIGH + O3_LOW + PM10_HIGH + PM25_HIGH,0.03451189392954634,0.23516386182462357,3.547285468660449
HUMIDITY_HIGH + RAIN_HIGH + TEMP_LOW + WIND_LOW,NO2_HIGH + O3_LOW,0.018328350448459638,0.7032418952618454,3.546404392166094
RADIATION_LOW + RAIN_HIGH + TEMP_LOW + WIND_LOW,NO2_HIGH + PM25_HIGH,0.006759391654751073,0.3586206896551724,3.546104068788228
HUMIDITY_LOW + RADIATION_HIGH + RAIN_LOW + TEMP_HIGH + WIND_HIGH,NO2_LOW + O3_HIGH,0.012608865202131808,0.6081504702194357,3.5456624231891767
HUMIDITY_HIGH + RADIATION_LOW + RAIN_HIGH + TEMP_LOW + WIND_LOW,NO2_HIGH + PM25_HIGH,0.006499415052645262,0.35842293906810035,3.5441486764150336
HUMIDITY_MID + RAIN_HIGH + TEMP_HIGH + WIND_HIGH,NO2_LOW + O3_HIGH,0.012738853503184714,0.6068111455108359,3.537853840405351
HUMIDITY_HIGH + RADIATION_LOW + RAIN_HIGH,NO2_MID + O3_LOW,0.014298713115819576,0.2167487684729064,3.536475664606721
HUMIDITY_HIGH + RADIATION_LOW + RAIN_HIGH + TEMP_LOW + WIND_LOW,NO2_HIGH + O3_LOW + PM10_HIGH,0.0074743273105420515,0.4121863799283154,3.5330917223270535
RADIATION_MID + TEMP_LOW,NO2_HIGH + PM25_HIGH,0.01683348498635123,0.35724137931034483,3.5324652069851967
HUMIDITY_HIGH + RADIATION_LOW + RAIN_MID + TEMP_LOW,NO2_HIGH + PM10_HIGH,0.005004549590536852,0.6311475409836065,3.5299295040253615
RADIATION_HIGH + TEMP_HIGH,O3_HIGH + PM10_MID,0.041336279734823865,0.34945054945054943,3.5279830405814656
HUMIDITY_MID + RADIATION_LOW + TEMP_LOW,NO2_HIGH + O3_LOW,0.014948654621084103,0.6990881458966566,3.5254572968751092
HUMIDITY_LOW + RADIATION_HIGH + RAIN_LOW + TEMP_HIGH + WIND_HIGH,NO2_LOW + O3_HIGH + PM10_LOW,0.00545950864422202,0.26332288401253917,3.5230312116668934
TEMP_HIGH + WIND_LOW,NO2_MID + O3_HIGH,0.01189392954634083,0.2975609756097561,3.521748592870544
HUMIDITY_LOW + RADIATION_MID + WIND_LOW,NO2_HIGH + PM10_HIGH,0.0055245027947484725,0.6296296296296297,3.521440015078692
HUMIDITY_LOW + RADIATION_HIGH + RAIN_LOW + WIND_MID,O3_HIGH + PM10_MID,0.013193812556869881,0.3487972508591065,3.521387468319037
HUMIDITY_MID + RADIATION_LOW + RAIN_LOW + TEMP_LOW + WIND_LOW,NO2_HIGH + PM10_HIGH,0.006174444300012999,0.6291390728476821,3.5186963921608276
HUMIDITY_MID + RADIATION_LOW + TEMP_LOW,NO2_HIGH + O3_LOW + PM10_HIGH,0.008774210321071103,0.41033434650455924,3.517216855331002
HUMIDITY_HIGH + TEMP_LOW + WIND_LOW,NO2_HIGH + PM10_HIGH + PM25_HIGH,0.023917847393734565,0.30488815244407624,3.5164985858354996
HUMIDITY_MID + RADIATION_HIGH + TEMP_HIGH,O3_HIGH + PM25_LOW,0.008774210321071103,0.20485584218512898,3.513837221694977
RADIATION_HIGH + WIND_HIGH,O3_HIGH + PM25_LOW,0.01488366047055765,0.20464700625558535,3.510255115104165
RADIATION_MID + WIND_LOW,NO2_HIGH + O3_MID,0.011243988041076304,0.2099514563106796,3.507397510093503
HUMIDITY_HIGH + RADIATION_LOW + RAIN_LOW,NO2_HIGH + O3_LOW,0.03022227999480047,0.695067264573991,3.505180246717609
HUMIDITY_MID + RADIATION_HIGH + RAIN_HIGH,NO2_LOW + PM25_LOW,0.007019368256856883,0.3008356545961003,3.5039041495954573
HUMIDITY_HIGH + RADIATION_MID + RAIN_HIGH,O3_MID + PM10_LOW,0.008904198622124009,0.3784530386740331,3.503536975354196
HUMIDITY_HIGH + RAIN_HIGH + TEMP_LOW + WIND_LOW,NO2_HIGH + PM10_MID,0.005589496945274925,0.2144638403990025,3.502909393183707
RADIATION_MID + RAIN_HIGH + TEMP_MID,O3_MID + PM10_LOW,0.010074093331600156,0.3780487804878049,3.499794546681929
HUMIDITY_LOW + RADIATION_HIGH + RAIN_LOW,O3_HIGH + PM25_MID,0.02079812816846484,0.22284122562674094,3.498607242339833
RAIN_HIGH + TEMP_LOW + WIND_LOW,NO2_HIGH + O3_LOW,0.01910828025477707,0.6933962264150944,3.4967533069887384
HUMIDITY_HIGH + RAIN_LOW + WIND_LOW,NO2_HIGH + PM10_HIGH + PM25_HIGH,0.01813336799688028,0.30293159609120524,3.493932187000962
RADIATION_HIGH + RAIN_LOW + WIND_MID,O3_HIGH + PM25_MID,0.011958923696867282,0.22249093107617895,3.4931076178960097
RADIATION_HIGH + TEMP_HIGH + WIND_HIGH,O3_HIGH + PM25_MID,0.00994410503054725,0.22238372093023256,3.4914244186046512
HUMIDITY_HIGH + RADIATION_LOW + RAIN_HIGH + TEMP_LOW,NO2_HIGH + O3_LOW + PM25_HIGH,0.009229169374756272,0.27360308285163776,3.490594554523465
HUMIDITY_HIGH + RAIN_LOW + TEMP_LOW + WIND_LOW,PM10_HIGH + PM25_HIGH,0.01761341479266866,0.38549075391180654,3.488918082168856
HUMIDITY_HIGH + RADIATION_LOW + RAIN_LOW,NO2_HIGH + PM25_HIGH,0.015338619524242819,0.35276532137518685,3.488205163675209
RADIATION_LOW + RAIN_HIGH + TEMP_LOW + WIND_LOW,NO2_HIGH + O3_LOW + PM10_HIGH,0.007669309762121409,0.4068965517241379,3.4877494957256747
RADIATION_HIGH + RAIN_LOW + TEMP_HIGH + WIND_HIGH,NO2_LOW + O3_HIGH + PM10_LOW,0.007214350708436241,0.2605633802816901,3.486111451316595
HUMIDITY_MID + RADIATION_LOW + RAIN_LOW,NO2_HIGH + O3_LOW + PM10_HIGH,0.008059274665280124,0.4065573770491803,3.4848422302388236
HUMIDITY_MID + RADIATION_LOW + TEMP_LOW + WIND_LOW,NO2_HIGH + PM10_HIGH,0.006759391654751073,0.6227544910179641,3.482988222029224
RAIN_LOW + TEMP_HIGH + WIND_HIGH,O3_HIGH + PM25_LOW,0.009749122578967893,0.20215633423180593,3.467533287057487
RADIATION_LOW + TEMP_LOW + WIND_LOW,NO2_HIGH + PM10_HIGH + PM25_HIGH,0.020083192512673858,0.3005836575875486,3.4668516908860743
HUMIDITY_LOW + RAIN_LOW + TEMP_HIGH + WIND_HIGH,O3_HIGH + PM25_MID,0.0077343039126478615,0.22077922077922077,3.466233766233766
HUMIDITY_HIGH + RADIATION_LOW + TEMP_LOW + WIND_MID,NO2_HIGH + O3_LOW,0.010269075783179513,0.6869565217391305,3.4642782836703576
HUMIDITY_HIGH + RADIATION_MID + RAIN_HIGH,NO2_LOW + O3_MID,0.007084362407383336,0.3011049723756906,3.4624821412349593
RADIATION_LOW + TEMP_LOW,NO2_HIGH + O3_LOW + PM10_HIGH,0.04660080592746653,0.40394366197183096,3.4624385421162067
HUMIDITY_MID + RAIN_HIGH + TEMP_MID + WIND_HIGH,NO2_LOW + PM10_LOW,0.0077343039126478615,0.5458715596330275,3.4577109166380238
HUMIDITY_HIGH + RADIATION_LOW + TEMP_LOW,NO2_HIGH + O3_LOW,0.05407513323800858,0.685337726523888,3.456114801801554
HUMIDITY_MID + RADIATION_HIGH + WIND_HIGH,NO2_LOW + O3_HIGH,0.014558689717925387,0.5925925925925926,3.454956282542489
RAIN_HIGH + TEMP_HIGH + WIND_HIGH,O3_HIGH + PM25_LOW,0.006824385805277525,0.20114942528735633,3.4502620484629483
RADIATION_LOW + RAIN_LOW + TEMP_LOW + WIND_LOW,NO2_HIGH + PM10_HIGH,0.02625763681268686,0.616793893129771,3.4496513412194316
RADIATION_LOW + RAIN_LOW,NO2_HIGH + O3_LOW + PM10_HIGH,0.03295203431691148,0.40238095238095245,3.4490436397400193
RADIATION_HIGH + RAIN_LOW + TEMP_HIGH + WIND_MID,NO2_LOW + PM10_MID,0.01189392954634083,0.2815384615384615,3.4488461538461537
HUMIDITY_LOW + RADIATION_MID,NO2_HIGH + O3_MID,0.008774210321071103,0.20642201834862386,3.4484355855721245
RAIN_HIGH + TEMP_HIGH + WIND_HIGH,O3_HIGH + PM10_LOW,0.010594046535811776,0.31226053639846746,3.446514069603171
HUMIDITY_LOW + RADIATION_HIGH + TEMP_MID + WIND_HIGH,O3_HIGH + PM10_LOW,0.005134537891589757,0.3122529644268775,3.4464304954605
HUMIDITY_LOW + RADIATION_HIGH + WIND_MID,O3_HIGH + PM10_MID,0.01390874821266086,0.3413078149920255,3.4457756177606984
TEMP_HIGH + WIND_HIGH,O3_HIGH + PM25_LOW,0.01683348498635123,0.2007751937984496,3.443842956279761
RADIATION_HIGH + RAIN_HIGH + WIND_HIGH,NO2_LOW + PM10_LOW + PM25_LOW,0.0055245027947484725,0.24147727272727273,3.4401567760942764
HUMIDITY_MID + RAIN_LOW + TEMP_LOW + WIND_LOW,NO2_HIGH + O3_LOW,0.016573508384245417,0.6818181818181818,3.438365960489854
HUMIDITY_MID + TEMP_HIGH + WIND_HIGH,O3_HIGH + PM10_LOW,0.010724034836864682,0.3113207547169811,3.4361414146882865
HUMIDITY_HIGH + RADIATION_LOW + RAIN_HIGH + TEMP_LOW,NO2_HIGH + PM10_MID,0.007084362407383336,0.21001926782273603,3.4303147077713554
RADIATION_LOW + RAIN_LOW + WIND_LOW,NO2_HIGH + PM10_HIGH + PM25_HIGH,0.014493695567398934,0.29733333333333334,3.429363318340829
HUMIDITY_MID + TEMP_HIGH + WIND_LOW,NO2_MID + O3_HIGH,0.00545950864422202,0.2896551724137931,3.4281803713527856
HUMIDITY_LOW + RADIATION_HIGH + RAIN_LOW + TEMP_HIGH + WIND_MID,NO2_MID + O3_HIGH,0.008709216170544652,0.28879310344827586,3.4179774535809018
RADIATION_LOW + RAIN_HIGH + TEMP_LOW,O3_LOW + PM25_HIGH,0.011568958793708567,0.306368330464716,3.415784878645015
HUMIDITY_MID + RAIN_HIGH + WIND_HIGH,O3_HIGH + PM10_LOW,0.01169894709476147,0.30927835051546393,3.413598781227351
HUMIDITY_HIGH + RADIATION_LOW + RAIN_LOW,NO2_HIGH + PM10_HIGH + PM25_HIGH,0.012868841804237618,0.29596412556053814,3.413571241285187
TEMP_LOW + WIND_LOW,NO2_HIGH + O3_LOW,0.07994280514753672,0.6765676567656765,3.4118878947875118
HUMIDITY_HIGH + RADIATION_LOW + RAIN_MID + TEMP_LOW,O3_LOW,0.007409333160015599,0.9344262295081966,3.4076989730298917
HUMIDITY_MID + RADIATION_LOW + RAIN_LOW,NO2_HIGH + O3_LOW,0.01338879500844924,0.6754098360655738,3.4060490782382558
HUMIDITY_LOW + RADIATION_HIGH + RAIN_LOW + TEMP_HIGH + WIND_MID,NO2_LOW + PM10_MID,0.008384245417912387,0.27801724137931033,3.405711206896552
HUMIDITY_MID + RADIATION_HIGH + RAIN_HIGH,NO2_LOW + PM10_LOW,0.012543871051605355,0.5376044568245125,3.405344657349506
HUMIDITY_HIGH + RADIATION_LOW + RAIN_HIGH + TEMP_LOW + WIND_MID,NO2_HIGH + O3_LOW,0.0055245027947484725,0.6746031746031746,3.4019811355111256
RADIATION_LOW + RAIN_HIGH + TEMP_LOW,NO2_HIGH + PM10_MID,0.007864292213700767,0.2082616179001721,3.4016064257028114
HUMIDITY_HIGH + RADIATION_LOW + RAIN_LOW + TEMP_LOW + WIND_LOW,PM10_HIGH + PM25_HIGH,0.01091901728844404,0.37583892617449666,3.401563363600474
RADIATION_LOW + RAIN_HIGH,NO2_MID + O3_LOW,0.01540361367476927,0.20844327176781002,3.4009630746760604
HUMIDITY_HIGH + RADIATION_LOW + RAIN_HIGH + TEMP_LOW + WIND_LOW,O3_LOW + PM10_HIGH,0.008124268815806577,0.44802867383512546,3.400774136964598
RAIN_LOW + TEMP_LOW + WIND_LOW,NO2_HIGH + O3_LOW,0.05595996360327571,0.6742364917776038,3.400131977217375
HUMIDITY_MID + RADIATION_HIGH + TEMP_HIGH,O3_HIGH + PM10_LOW,0.013193812556869881,0.30804248861911987,3.3999581993499124
RADIATION_LOW + WIND_LOW,NO2_HIGH + O3_LOW,0.057649811516963474,0.6735003796507213,3.3964198103264494
RADIATION_MID + RAIN_LOW + TEMP_LOW,NO2_HIGH + O3_LOW + PM10_HIGH + PM25_HIGH,0.009554140127388535,0.225114854517611,3.3957030898117284
RADIATION_HIGH + RAIN_LOW + TEMP_HIGH + WIND_HIGH,NO2_LOW + O3_HIGH,0.01611854933056025,0.5821596244131455,3.394129587427304
HUMIDITY_LOW + RADIATION_HIGH + RAIN_LOW + TEMP_HIGH,NO2_MID + O3_HIGH,0.018393344598986092,0.2867274569402229,3.393529732678669
HUMIDITY_LOW + RADIATION_HIGH + RAIN_LOW + TEMP_HIGH + WIND_HIGH,O3_HIGH + PM10_MID,0.00695437410633043,0.335423197492163,3.3863656933165482
RADIATION_LOW + RAIN_MID + TEMP_LOW + WIND_LOW,O3_LOW,0.005004549590536852,0.927710843373494,3.383209062845361
HUMIDITY_MID + TEMP_LOW + WIND_LOW,NO2_HIGH + O3_LOW,0.017678408943195112,0.6699507389162561,3.3785191966455312
RADIATION_LOW + TEMP_LOW,O3_LOW + PM10_HIGH,0.05134537891589757,0.4450704225352113,3.3783194480151755
RADIATION_LOW + RAIN_LOW + WIND_LOW,NO2_HIGH + PM25_HIGH,0.016638502534771872,0.3413333333333333,3.3751636675235646
HUMIDITY_HIGH + RADIATION_LOW + RAIN_LOW + WIND_LOW,NO2_HIGH + PM10_HIGH,0.019953204211620956,0.6031434184675835,3.3733059384013955
RAIN_HIGH + TEMP_MID + WIND_HIGH,O3_MID + PM25_LOW,0.009229169374756272,0.22362204724409449,3.3731851165663116
RADIATION_LOW + RAIN_MID + TEMP_LOW,NO2_HIGH + O3_LOW,0.006824385805277525,0.6687898089171974,3.372664700098328
HUMIDITY_HIGH + RAIN_LOW + TEMP_LOW,NO2_HIGH + O3_LOW,0.046015858572728455,0.6685552407932012,3.3714817878873133
RADIATION_MID + TEMP_LOW,NO2_HIGH + O3_LOW + PM10_HIGH + PM25_HIGH,0.010529052385285325,0.22344827586206897,3.3705638945233267
RADIATION_LOW + RAIN_LOW + TEMP_LOW,NO2_HIGH + O3_LOW,0.04491095801377876,0.6676328502415458,3.366830230683849
HUMIDITY_HIGH + RAIN_HIGH + TEMP_LOW,O3_LOW + PM25_HIGH,0.016638502534771872,0.3018867924528302,3.365818977303801
RAIN_HIGH + TEMP_MID + WIND_HIGH,NO2_LOW + PM10_LOW + PM25_LOW,0.009749122578967893,0.23622047244094488,3.3652668416447944
HUMIDITY_HIGH + RADIATION_LOW + RAIN_MID,O3_LOW,0.008514233718965293,0.9225352112676056,3.364334382688642
HUMIDITY_HIGH + RAIN_MID + TEMP_LOW,NO2_HIGH + PM10_HIGH,0.008124268815806577,0.6009615384615384,3.3611029555686045
HUMIDITY_HIGH + RADIATION_LOW + RAIN_HIGH + WIND_LOW,NO2_HIGH + PM10_MID,0.006044455998960093,0.20575221238938052,3.3606194690265485
HUMIDITY_LOW + RAIN_HIGH + TEMP_HIGH,NO2_LOW + O3_HIGH,0.005914467697907188,0.5759493670886076,3.357922304670449
RADIATION_HIGH + RAIN_LOW + WIND_MID,O3_HIGH + PM10_MID,0.01787339139477447,0.33252720677146314,3.3571283486783017
HUMIDITY_LOW + RADIATION_HIGH,O3_HIGH + PM25_MID,0.022163005329520345,0.21379310344827587,3.356551724137931
HUMIDITY_HIGH + RADIATION_LOW + WIND_LOW,NO2_HIGH + O3_LOW,0.04530092291693748,0.6650763358778626,3.3539378904676482
HUMIDITY_HIGH + RADIATION_LOW + RAIN_MID + WIND_LOW,O3_LOW,0.00519953204211621,0.9195402298850575,3.353412177532945
RADIATION_LOW + RAIN_LOW + TEMP_LOW + WIND_MID,NO2_HIGH + O3_LOW,0.007994280514753671,0.6648648648648647,3.352871455526322
RADIATION_LOW + RAIN_HIGH + TEMP_LOW + WIND_LOW,O3_LOW + PM10_HIGH,0.008319251267385936,0.4413793103448276,3.3503019580490956
RADIATION_HIGH + RAIN_HIGH,NO2_LOW + O3_HIGH,0.02131808137267646,0.574430823117338,3.3490688308008187
RADIATION_HIGH + RAIN_LOW,O3_HIGH + PM25_MID,0.02684258416742493,0.21321631388745485,3.347496128033041
HUMIDITY_LOW + RAIN_LOW + TEMP_HIGH + WIND_MID,NO2_MID + O3_HIGH,0.012738853503184714,0.2828282828282828,3.3473815073815074
RADIATION_LOW + TEMP_LOW,O3_LOW + PM10_HIGH + PM25_HIGH,0.028662420382165606,0.24845070422535212,3.347340223477467
HUMIDITY_LOW + TEMP_HIGH + WIND_HIGH,O3_HIGH + PM25_MID,0.008904198622124009,0.2130637636080871,3.3451010886469676
HUMIDITY_LOW + RADIATION_HIGH + TEMP_HIGH + WIND_MID,NO2_MID + O3_HIGH,0.009099181073703366,0.28225806451612906,3.340632754342432
RAIN_MID + TEMP_LOW,NO2_HIGH + O3_LOW + PM25_HIGH,0.0053945144936955675,0.2618296529968454,3.340390581268212
RADIATION_LOW + RAIN_MID + WIND_LOW,O3_LOW,0.0056544910958013775,0.9157894736842105,3.3397337857561658
RAIN_HIGH + TEMP_LOW + WIND_LOW,NO2_HIGH + PM25_HIGH,0.009294163525282725,0.33726415094339623,3.3349268807294954
HUMIDITY_LOW + RADIATION_HIGH + TEMP_HIGH + WIND_MID,NO2_LOW + PM10_MID,0.008774210321071103,0.2721774193548387,3.334173387096774
HUMIDITY_HIGH + RAIN_MID,O3_LOW + PM10_HIGH,0.00844923956843884,0.4391891891891892,3.3336777823704318
RADIATION_HIGH + RAIN_HIGH + WIND_HIGH,NO2_LOW + PM10_LOW,0.012023917847393735,0.5255681818181818,3.329103353418915
HUMIDITY_HIGH + RAIN_LOW + WIND_LOW,NO2_HIGH + PM25_HIGH,0.020148186663200313,0.33659066232356133,3.3282673075259095
HUMIDITY_MID + RADIATION_HIGH + RAIN_HIGH + TEMP_HIGH,NO2_LOW + PM25_LOW,0.005069543741063305,0.2857142857142857,3.32778198334595
HUMIDITY_HIGH + RADIATION_MID + TEMP_LOW,NO2_HIGH + O3_LOW,0.006044455998960093,0.6595744680851063,3.3261923192256457
HUMIDITY_MID + RADIATION_LOW + RAIN_LOW + WIND_LOW,NO2_HIGH + PM10_HIGH,0.006564409203171715,0.5941176470588235,3.322825924262835
HUMIDITY_MID + RADIATION_HIGH,O3_HIGH + PM10_LOW,0.01689847913687768,0.30057803468208094,3.317570761562767
RADIATION_LOW + RAIN_HIGH + TEMP_LOW,NO2_HIGH + O3_LOW + PM25_HIGH,0.009814116729494346,0.25989672977624784,3.3157305840276527
HUMIDITY_HIGH + RAIN_MID,O3_LOW + PM25_HIGH,0.00571948524632783,0.2972972972972973,3.3146494320407367
RADIATION_LOW + RAIN_LOW,O3_LOW + PM10_HIGH,0.03574678278954894,0.4365079365079365,3.313325659156937
HUMIDITY_LOW + RADIATION_HIGH + TEMP_HIGH + WIND_HIGH,O3_HIGH + PM10_MID,0.00818926296633303,0.328125,3.3126845472440944
HUMIDITY_HIGH + RAIN_HIGH + TEMP_LOW + WIND_LOW,NO2_HIGH + O3_LOW + PM10_HIGH + PM25_HIGH,0.00571948524632783,0.2194513715710723,3.310273336267175
HUMIDITY_MID + RADIATION_LOW + RAIN_LOW + TEMP_LOW + WIND_LOW,O3_LOW,0.008904198622124009,0.9072847682119205,3.3087185218555604
HUMIDITY_HIGH + RAIN_HIGH + TEMP_LOW + WIND_LOW,NO2_HIGH + PM25_HIGH,0.008709216170544652,0.3341645885286783,3.304277865746944
HUMIDITY_MID + RADIATION_HIGH + TEMP_HIGH + WIND_MID,O3_HIGH + PM10_MID,0.005784479396854283,0.3272058823529412,3.3034053188204417
RAIN_LOW + TEMP_HIGH + WIND_HIGH,O3_HIGH + PM25_MID,0.01013908748212661,0.21024258760107817,3.300808625336927
HUMIDITY_LOW + RADIATION_HIGH + WIND_HIGH,NO2_LOW + O3_HIGH + PM10_LOW,0.011113999740023398,0.24639769452449567,3.2965868938729477
RAIN_HIGH + TEMP_MID + WIND_HIGH,O3_MID + PM10_LOW,0.014688678018978291,0.35590551181102364,3.2948027705923044
RADIATION_HIGH + RAIN_LOW + TEMP_HIGH + WIND_HIGH,O3_HIGH + PM10_MID,0.009034186923176915,0.32629107981220656,3.294169654849482
HUMIDITY_HIGH + RAIN_HIGH + TEMP_LOW + WIND_LOW,O3_LOW + PM10_HIGH + PM25_HIGH,0.006369426751592357,0.24438902743142144,3.2926178424341943
RADIATION_LOW + TEMP_LOW + WIND_MID,NO2_HIGH + O3_LOW,0.01514363707266346,0.6526610644257703,3.291328461899345
HUMIDITY_MID + RAIN_LOW + TEMP_LOW + WIND_LOW,NO2_HIGH + PM10_HIGH,0.014298713115819576,0.5882352941176471,3.2899266576859754
RADIATION_MID + TEMP_MID + WIND_HIGH,O3_MID + PM10_LOW,0.009489145976862082,0.35523114355231145,3.2885597922357785
RADIATION_LOW + RAIN_HIGH + WIND_LOW,NO2_HIGH + PM10_MID,0.006174444300012999,0.20127118644067796,3.2874293785310735
RADIATION_LOW + RAIN_HIGH + WIND_LOW,NO2_MID + O3_LOW,0.006174444300012999,0.20127118644067796,3.2839432392113164
HUMIDITY_MID + RADIATION_HIGH + TEMP_HIGH,NO2_LOW + O3_HIGH,0.024112829845313922,0.5629742033383915,3.282274002487492
HUMIDITY_HIGH + RAIN_LOW + TEMP_LOW,PM10_HIGH + PM25_HIGH,0.024957753802157805,0.3626062322946176,3.281799700049992
RADIATION_LOW + TEMP_LOW,NO2_HIGH + O3_LOW + PM10_HIGH + PM25_HIGH,0.02508774210321071,0.21746478873239436,3.280307097486882
HUMIDITY_MID + RADIATION_HIGH + RAIN_HIGH + TEMP_HIGH + WIND_HIGH,NO2_LOW + PM10_LOW,0.0056544910958013775,0.5178571428571429,3.2802593659942363
HUMIDITY_HIGH + RAIN_LOW,O3_LOW + PM10_HIGH,0.04120629143377096,0.4318801089918256,3.2781980054011983
HUMIDITY_LOW + TEMP_HIGH,O3_HIGH + PM10_MID,0.04315611594956454,0.32469437652811733,3.278049656995809
HUMIDITY_LOW + RADIATION_HIGH + TEMP_HIGH + WIND_HIGH,O3_HIGH + PM10_LOW,0.007409333160015599,0.296875,3.276699246771879
RADIATION_LOW + TEMP_LOW,NO2_HIGH + O3_LOW,0.07493825555699987,0.6495774647887324,3.275778063991949
HUMIDITY_MID + RADIATION_LOW + TEMP_LOW + WIND_LOW,O3_LOW,0.009749122578967893,0.8982035928143712,3.2756009668267163
HUMIDITY_MID + RAIN_LOW + TEMP_LOW,NO2_HIGH + O3_LOW + PM10_HIGH + PM25_HIGH,0.011828935395814377,0.2169249106078665,3.2721634064829748
HUMIDITY_HIGH + RADIATION_LOW + RAIN_LOW + TEMP_LOW,NO2_HIGH + PM10_HIGH,0.021773040426361627,0.5846422338568935,3.2698311196372822
RAIN_LOW + TEMP_LOW + WIND_LOW,PM10_HIGH + PM25_HIGH,0.029962303392694657,0.3610023492560689,3.2672836150905153
HUMIDITY_HIGH + RAIN_LOW + TEMP_LOW + WIND_MID,NO2_HIGH + O3_LOW,0.00669439750422462,0.6477987421383647,3.26680807818449
RADIATION_LOW + RAIN_LOW + WIND_LOW,NO2_HIGH + PM10_HIGH,0.02846743793058625,0.584,3.266239185750636
HUMIDITY_LOW + RADIATION_HIGH + TEMP_HIGH,NO2_MID + O3_HIGH,0.019563239308462238,0.2758936755270394,3.265307762814637
HUMIDITY_HIGH + RAIN_LOW,NO2_HIGH + O3_LOW + PM10_HIGH,0.03633173014428701,0.3807901907356948,3.263976531843677
HUMIDITY_HIGH + WIND_LOW,NO2_HIGH + O3_LOW + PM25_HIGH,0.03022227999480047,0.25577557755775576,3.263153429770838
HUMIDITY_MID + RADIATION_LOW + WIND_LOW,NO2_HIGH + PM10_HIGH,0.007279344858962694,0.5833333333333334,3.2625106022052592
RADIATION_HIGH + TEMP_HIGH + WIND_MID,NO2_LOW + PM10_MID,0.01390874821266086,0.26616915422885573,3.2605721393034828
HUMIDITY_LOW + TEMP_HIGH + WIND_MID,NO2_MID + O3_HIGH,0.013258806707396334,0.27530364372469635,3.2583245094985984
HUMIDITY_MID + RADIATION_LOW + TEMP_LOW,NO2_HIGH + O3_LOW + PM25_HIGH,0.00545950864422202,0.2553191489361702,3.2573303694294484
HUMIDITY_HIGH + RADIATION_LOW + RAIN_LOW + WIND_LOW,PM10_HIGH + PM25_HIGH,0.01189392954634083,0.35952848722986247,3.2539442967756846
HUMIDITY_HIGH + RADIATION_LOW + RAIN_LOW + TEMP_LOW,PM10_HIGH + PM25_HIGH,0.01338879500844924,0.35951134380453753,3.253789138692126
RADIATION_LOW + RAIN_LOW,NO2_HIGH + O3_LOW + PM25_HIGH,0.02086312231899129,0.25476190476190474,3.250221116639027
HUMIDITY_MID + RAIN_HIGH,NO2_LOW + O3_HIGH + PM10_LOW,0.018393344598986092,0.24250214224507283,3.244467791811035
HUMIDITY_HIGH + WIND_LOW,O3_LOW + PM25_HIGH,0.034381905628493435,0.290979097909791,3.2442060872753946
HUMIDITY_HIGH + RAIN_MID,NO2_HIGH + O3_LOW + PM10_HIGH,0.007279344858962694,0.3783783783783784,3.243303470601521
RADIATION_HIGH + RAIN_HIGH + WIND_HIGH,NO2_LOW + PM25_LOW,0.006369426751592357,0.2784090909090909,3.242696648544491
HUMIDITY_HIGH + RADIATION_LOW + TEMP_LOW,NO2_HIGH + PM25_HIGH,0.025867671909528142,0.32784184514003295,3.2417574738589634
RAIN_LOW + TEMP_HIGH + WIND_MID,O3_HIGH + PM10_MID,0.023462888340049396,0.3208888888888889,3.2396302128900554
RADIATION_HIGH + RAIN_LOW + TEMP_HIGH + WIND_HIGH,O3_HIGH + PM10_LOW,0.008124268815806577,0.2934272300469484,3.2386451660705506
HUMIDITY_MID + RAIN_LOW + TEMP_LOW,NO2_HIGH + O3_LOW + PM10_HIGH,0.02060314571688548,0.3778307508939213,3.2386094335676177
HUMIDITY_HIGH + WIND_LOW,O3_LOW + PM10_HIGH + PM25_HIGH,0.028402443780059794,0.2403740374037404,3.2385244654062606
RADIATION_LOW + TEMP_MID + WIND_HIGH,NO2_MID + PM10_LOW,0.005004549590536852,0.30434782608695654,3.238378735943232
RADIATION_MID + RAIN_LOW + TEMP_LOW,NO2_HIGH + PM10_HIGH,0.02456778889899909,0.5788667687595712,3.237529663444116
HUMIDITY_LOW + TEMP_HIGH + WIND_HIGH,NO2_LOW + O3_HIGH,0.023202911737943584,0.5552099533437014,3.237006571483967
HUMIDITY_MID + TEMP_HIGH + WIND_HIGH,NO2_LOW + O3_HIGH,0.01910828025477707,0.5547169811320755,3.234132425804514
HUMIDITY_LOW + RADIATION_HIGH + RAIN_LOW + WIND_MID,NO2_MID + O3_HIGH,0.010334069933705966,0.27319587628865977,3.2333782712133226
RAIN_HIGH + TEMP_HIGH,NO2_LOW + O3_HIGH + PM10_LOW,0.019238268555829975,0.2416326530612245,3.2328347826086956
RADIATION_LOW + RAIN_HIGH + TEMP_LOW + WIND_MID,NO2_HIGH + O3_LOW,0.005914467697907188,0.6408450704225352,3.2317411515965673
HUMIDITY_HIGH + RADIATION_LOW + RAIN_MID,NO2_HIGH + O3_LOW,0.005914467697907188,0.6408450704225352,3.2317411515965673
RADIATION_MID + RAIN_LOW + TEMP_MID + WIND_MID,NO2_MID + O3_MID,0.005849473547380735,0.3964757709251101,3.2310255357276185
HUMIDITY_MID + RADIATION_LOW + TEMP_LOW,O3_LOW + PM10_HIGH,0.009099181073703366,0.425531914893617,3.2300118611510564
RADIATION_LOW + RAIN_LOW,O3_LOW + PM25_HIGH,0.023722864942155204,0.2896825396825397,3.22975040257649
HUMIDITY_HIGH + WIND_LOW,NO2_HIGH + O3_LOW + PM10_HIGH + PM25_HIGH,0.025282724554790068,0.21397139713971397,3.2276116827369012
RAIN_LOW + TEMP_LOW,NO2_HIGH + O3_LOW + PM10_HIGH + PM25_HIGH,0.04296113349798518,0.21377749029754203,3.2246867310960607
RADIATION_HIGH + RAIN_HIGH,NO2_LOW + PM10_LOW + PM25_LOW,0.008384245417912387,0.22591943957968477,3.218515275345398
HUMIDITY_MID + TEMP_MID + WIND_HIGH,NO2_LOW + O3_MID,0.007279344858962694,0.2793017456359102,3.211761329113688
RADIATION_HIGH + WIND_MID,O3_HIGH + PM10_MID,0.0211230989210971,0.31800391389432486,3.210504080825513
HUMIDITY_HIGH + TEMP_LOW,O3_LOW + PM10_HIGH,0.06206941375276225,0.4229406554472985,3.210342834095774
HUMIDITY_MID + TEMP_LOW + WIND_LOW,NO2_HIGH + PM10_HIGH,0.01514363707266346,0.5738916256157636,3.209704308151268
HUMIDITY_MID + RADIATION_MID + RAIN_LOW + TEMP_LOW + WIND_LOW,PM10_HIGH,0.006239438450539451,0.8,3.209595827900913
HUMIDITY_HIGH + RADIATION_LOW + TEMP_LOW + WIND_LOW,O3_LOW,0.04575588197062264,0.8789013732833958,3.2052089427206276
HUMIDITY_HIGH + RADIATION_LOW + RAIN_HIGH + TEMP_LOW + WIND_LOW,O3_LOW,0.01592356687898089,0.8781362007168458,3.2024184840553187
RAIN_HIGH + TEMP_LOW + WIND_LOW,NO2_HIGH + O3_LOW + PM10_HIGH + PM25_HIGH,0.005849473547380735,0.21226415094339623,3.2018590455049947
HUMIDITY_HIGH + RADIATION_LOW,O3_LOW + PM25_HIGH,0.03405693487586117,0.28696604600219056,3.1994634665142785
RAIN_LOW + TEMP_LOW,NO2_HIGH + O3_LOW + PM10_HIGH,0.07500324970752632,0.37322121604139713,3.1990984011214127
RADIATION_LOW + RAIN_LOW,O3_LOW + PM10_HIGH + PM25_HIGH,0.019433251007409332,0.2373015873015873,3.1971297917882855
HUMIDITY_LOW + RADIATION_HIGH + WIND_HIGH,O3_HIGH + PM10_LOW,0.013063824255816977,0.2896253602305475,3.1966827779822125
HUMIDITY_HIGH + RADIATION_LOW + RAIN_LOW + TEMP_LOW,PM25_HIGH,0.01592356687898089,0.42757417102966844,3.1950734315019322
RADIATION_LOW + RAIN_HIGH + TEMP_LOW + WIND_LOW,O3_LOW,0.016508514233718966,0.8758620689655173,3.1941250991001304
HUMIDITY_MID + RAIN_LOW + TEMP_LOW,NO2_HIGH + O3_LOW + PM25_HIGH,0.01364877161055505,0.25029797377830754,3.1932708329627197
RADIATION_MID + TEMP_MID + WIND_HIGH,O3_MID + PM25_LOW,0.0056544910958013775,0.2116788321167883,3.193029912695005
HUMIDITY_MID + RADIATION_MID + RAIN_LOW + TEMP_LOW,NO2_HIGH + O3_LOW + PM10_HIGH,0.007214350708436241,0.3724832214765101,3.1927726159540857
RADIATION_LOW + TEMP_LOW + WIND_LOW,O3_LOW,0.05849473547380736,0.8754863813229572,3.192755027977013
HUMIDITY_HIGH + TEMP_LOW + WIND_MID,NO2_HIGH + O3_LOW,0.01592356687898089,0.6330749354005168,3.192556852203327
HUMIDITY_HIGH + TEMP_LOW,NO2_HIGH + O3_LOW + PM10_HIGH,0.05466008059274665,0.3724534986713906,3.1925178443220146
HUMIDITY_MID + RAIN_HIGH + TEMP_HIGH,NO2_LOW + O3_HIGH,0.02255297023267906,0.5473186119873817,3.190998167502029
RAIN_HIGH + TEMP_HIGH,O3_HIGH + PM10_LOW,0.023007929286364227,0.2889795918367347,3.189555236728838
HUMIDITY_MID + RADIATION_MID + RAIN_LOW + TEMP_LOW,PM10_HIGH + PM25_HIGH,0.006824385805277525,0.3523489932885906,3.188965653375444
RADIATION_LOW + TEMP_LOW + WIND_LOW,NO2_HIGH + PM10_HIGH,0.038086572208501236,0.5700389105058365,3.1881565529054168
HUMIDITY_HIGH + RADIATION_LOW + RAIN_HIGH + TEMP_LOW,NO2_HIGH + O3_LOW,0.02131808137267646,0.6319845857418112,3.1870582878477567
HUMIDITY_LOW + RADIATION_HIGH + RAIN_LOW + WIND_HIGH,NO2_LOW + O3_HIGH + PM10_LOW,0.009164175224229819,0.23817567567567569,3.1865834312573442
HUMIDITY_MID + RADIATION_LOW + RAIN_LOW,O3_LOW + PM10_HIGH,0.008319251267385936,0.419672131147541,3.185533009292583
RADIATION_HIGH + RAIN_HIGH,NO2_LOW + PM10_LOW,0.0186533212010919,0.5026269702276708,3.1837869756784447
RADIATION_HIGH + RAIN_LOW + TEMP_HIGH,NO2_MID + O3_HIGH,0.02378785909268166,0.2689199118295371,3.182770587237891
RADIATION_LOW + RAIN_MID + TEMP_LOW,O3_LOW,0.008904198622124009,0.8726114649681529,3.182270680255985
HUMIDITY_LOW + RAIN_LOW + TEMP_HIGH + WIND_HIGH,NO2_LOW + O3_HIGH,0.01910828025477707,0.5454545454545454,3.180130214612973
HUMIDITY_HIGH + RAIN_LOW + TEMP_LOW + WIND_LOW,PM25_HIGH,0.019433251007409332,0.42532005689900426,3.1782294295522484
RAIN_HIGH + TEMP_LOW + WIND_LOW,O3_LOW + PM10_HIGH + PM25_HIGH,0.006499415052645262,0.2358490566037736,3.177560056835079
HUMIDITY_MID + RADIATION_MID + TEMP_LOW + WIND_LOW,PM10_HIGH,0.006434420902118809,0.792,3.177499869621904
HUMIDITY_HIGH + RADIATION_LOW + TEMP_LOW + WIND_LOW,NO2_HIGH + PM10_HIGH,0.029572338489535943,0.568039950062422,3.176976616379653
HUMIDITY_HIGH + RAIN_HIGH + TEMP_LOW,NO2_HIGH + O3_LOW + PM25_HIGH,0.013713765761081503,0.24882075471698112,3.1744246534622484
HUMIDITY_HIGH + RADIATION_LOW + RAIN_LOW + TEMP_LOW + WIND_LOW,O3_LOW,0.025282724554790068,0.8702460850111857,3.1736445280829826
RADIATION_HIGH + RAIN_LOW + WIND_HIGH,NO2_LOW + O3_HIGH + PM10_LOW,0.01143897049265566,0.2371967654986523,3.173486464315012
HUMIDITY_HIGH + RAIN_HIGH + WIND_HIGH,NO2_LOW + O3_MID,0.010724034836864682,0.27591973244147155,3.1728707050407183
HUMIDITY_MID + RADIATION_HIGH + TEMP_HIGH + WIND_MID,NO2_LOW + O3_HIGH,0.009619134277914988,0.5441176470588235,3.172335777812451
RADIATION_MID + TEMP_LOW,NO2_HIGH + PM10_HIGH,0.026712595866372025,0.5668965517241379,3.170581732034746
RADIATION_LOW + RAIN_MID + TEMP_LOW,NO2_HIGH + PM10_HIGH,0.005784479396854283,0.5668789808917197,3.1704834605597965
HUMIDITY_MID + RADIATION_HIGH + RAIN_LOW,O3_HIGH + PM10_MID,0.009489145976862082,0.3139784946236559,3.1698642508396127
RADIATION_LOW + RAIN_LOW + TEMP_LOW + WIND_LOW,O3_LOW,0.03698167164955154,0.8687022900763359,3.1680145615346063
HUMIDITY_HIGH + RADIATION_LOW + TEMP_LOW + WIND_MID,NO2_HIGH + O3_LOW + PM10_HIGH,0.0055245027947484725,0.3695652173913043,3.1677606879011746
RADIATION_MID + TEMP_LOW,NO2_HIGH + O3_LOW + PM25_HIGH,0.01169894709476147,0.2482758620689655,3.1674729799279464
RADIATION_MID + RAIN_LOW + TEMP_LOW + WIND_MID,NO2_HIGH + PM10_HIGH,0.008384245417912387,0.5657894736842105,3.164389982590063
HUMIDITY_HIGH + RAIN_HIGH + TEMP_LOW + WIND_LOW,NO2_HIGH + O3_LOW + PM10_HIGH,0.009619134277914988,0.3690773067331671,3.163578518883849
HUMIDITY_LOW + TEMP_HIGH + WIND_HIGH,NO2_LOW + O3_HIGH + PM10_LOW,0.009879110880020798,0.2363919129082426,3.162718236527148
HUMIDITY_MID + RADIATION_MID + TEMP_LOW,PM10_HIGH + PM25_HIGH,0.007149356557909788,0.3492063492063492,3.1605228758169934
RADIATION_LOW + RAIN_LOW,NO2_HIGH + O3_LOW + PM10_HIGH + PM25_HIGH,0.017158455738983492,0.20952380952380953,3.1605228758169934
HUMIDITY_HIGH + RADIATION_LOW + RAIN_LOW + TEMP_LOW + WIND_LOW,PM25_HIGH,0.012283894449499545,0.4228187919463087,3.1595385783807215
HUMIDITY_MID + RADIATION_HIGH + RAIN_LOW + TEMP_HIGH,NO2_LOW + PM10_MID,0.005979461848433641,0.25770308123249297,3.156862745098039
HUMIDITY_MID + RADIATION_LOW + RAIN_LOW + WIND_LOW,O3_LOW,0.009554140127388535,0.8647058823529412,3.1534403190050613
TEMP_HIGH + WIND_HIGH,NO2_LOW + O3_HIGH + PM10_LOW,0.019758221760041595,0.23565891472868217,3.152911358274351
RAIN_LOW + TEMP_HIGH,O3_HIGH + PM10_MID,0.06362927336539712,0.3121811224489796,3.1517183398950133
HUMIDITY_HIGH + RADIATION_LOW + RAIN_MID,NO2_HIGH + PM10_HIGH,0.00519953204211621,0.5633802816901409,3.1509156721499485
HUMIDITY_LOW + RADIATION_HIGH + RAIN_LOW + TEMP_HIGH + WIND_LOW,O3_HIGH,0.008904198622124009,0.8616352201257862,3.1504561541956626
RADIATION_MID + RAIN_HIGH + WIND_HIGH,O3_MID + PM10_LOW,0.006434420902118809,0.3402061855670103,3.1494659272767875
HUMIDITY_LOW + RADIATION_HIGH + RAIN_LOW + TEMP_HIGH + WIND_HIGH,O3_HIGH + PM10_LOW,0.005914467697907188,0.2852664576802508,3.148572250981591
HUMIDITY_HIGH + RAIN_HIGH + TEMP_MID + WIND_HIGH,PM10_LOW + PM25_LOW,0.008254257116859483,0.3587570621468927,3.146998949938478
RADIATION_MID + RAIN_LOW + TEMP_LOW,NO2_HIGH + O3_LOW + PM25_HIGH,0.010464058234758872,0.24655436447166923,3.145510324843369
HUMIDITY_HIGH + RADIATION_LOW + TEMP_LOW + WIND_LOW,PM25_HIGH,0.021903028727414533,0.4207240948813982,3.1438858299393844
HUMIDITY_HIGH + RADIATION_LOW + RAIN_LOW + TEMP_LOW,O3_LOW,0.032042116209541144,0.8603839441535778,3.1376789203002957
HUMIDITY_MID + RAIN_LOW + TEMP_LOW,NO2_HIGH + PM10_HIGH + PM25_HIGH,0.014818666320031197,0.27175208581644816,3.134316036260773
HUMIDITY_LOW + RADIATION_HIGH + WIND_MID,NO2_MID + O3_HIGH,0.010789028987391135,0.2647527910685805,3.1334511102932154
HUMIDITY_MID + RADIATION_HIGH + RAIN_HIGH + TEMP_HIGH,NO2_LOW + PM10_LOW,0.008774210321071103,0.4945054945054945,3.132343161161605
RADIATION_HIGH + RAIN_LOW + TEMP_HIGH + WIND_MID,NO2_MID + O3_HIGH,0.01117899389054985,0.26461538461538464,3.131824852071006
HUMIDITY_LOW + RADIATION_HIGH + TEMP_HIGH + WIND_LOW,O3_HIGH,0.008904198622124009,0.85625,3.1307658032319394
HUMIDITY_MID + RADIATION_MID + TEMP_LOW,NO2_HIGH + O3_LOW + PM10_HIGH,0.0074743273105420515,0.36507936507936506,3.1293098112039615
RAIN_LOW + TEMP_LOW,O3_LOW + PM10_HIGH + PM25_HIGH,0.04666580007799298,0.23221216041397155,3.1285606831255395
HUMIDITY_MID + RADIATION_HIGH + WIND_HIGH,NO2_LOW + PM10_LOW + PM25_LOW,0.0053945144936955675,0.21957671957671956,3.1281550068587105
HUMIDITY_HIGH + RAIN_MID + TEMP_LOW,NO2_HIGH + O3_LOW,0.008384245417912387,0.6201923076923077,3.127590575599425
RAIN_LOW + TEMP_LOW + WIND_LOW,NO2_HIGH + PM10_HIGH,0.04640582347588717,0.5591229444009397,3.1271049155044923
HUMIDITY_MID + RADIATION_HIGH + TEMP_HIGH,O3_HIGH + PM10_MID,0.013258806707396334,0.3095599393019727,3.1252553977035116
RADIATION_HIGH + RAIN_LOW + WIND_HIGH,O3_HIGH + PM10_LOW,0.01364877161055505,0.2830188679245283,3.123764922443897
HUMIDITY_HIGH + RADIATION_LOW + WIND_LOW,NO2_HIGH + PM25_HIGH,0.021513063824255815,0.31583969465648853,3.123078111815381
RADIATION_LOW + RAIN_MID,O3_LOW,0.010074093331600156,0.856353591160221,3.122980884946945
HUMIDITY_MID + RAIN_LOW + TEMP_LOW + WIND_LOW,PM10_HIGH + PM25_HIGH,0.008384245417912387,0.3449197860962567,3.1217269581629443
HUMIDITY_HIGH + RADIATION_LOW + TEMP_LOW,O3_LOW,0.06752892239698427,0.8558484349258649,3.121138663135662
HUMIDITY_LOW + RADIATION_MID + RAIN_LOW + TEMP_LOW,NO2_HIGH + PM25_HIGH,0.005329520343169115,0.3153846153846154,3.118578208423967
RADIATION_HIGH + RAIN_LOW,O3_HIGH + PM10_MID,0.038866502014818664,0.30872483221476515,3.1168243231341055
HUMIDITY_LOW + RADIATION_HIGH + TEMP_HIGH + WIND_MID,NO2_LOW + O3_HIGH,0.017223449889509943,0.5342741935483871,3.114946093950543
RADIATION_LOW + RAIN_HIGH + TEMP_MID,NO2_MID + PM10_LOW,0.009034186923176915,0.2926315789473684,3.1137133289655674
HUMIDITY_LOW + RADIATION_HIGH + RAIN_LOW + WIND_HIGH,O3_HIGH + PM10_LOW,0.010854023137917588,0.28209459459459457,3.1135634378998795
HUMIDITY_MID + RADIATION_HIGH + WIND_HIGH,NO2_LOW + PM25_LOW,0.006564409203171715,0.2671957671957672,3.1120924103513055
HUMIDITY_HIGH + RAIN_LOW + TEMP_LOW,PM25_HIGH,0.028662420382165606,0.4164305949008499,3.111802395893383
HUMIDITY_HIGH + RADIATION_LOW + RAIN_LOW,PM10_HIGH + PM25_HIGH,0.014948654621084103,0.34379671150971597,3.111562472522641
HUMIDITY_HIGH + TEMP_LOW + WIND_MID,O3_LOW + PM25_HIGH,0.007019368256856883,0.27906976744186046,3.1114256825075834
HUMIDITY_HIGH + RAIN_LOW + TEMP_LOW + WIND_LOW,NO2_HIGH + PM10_HIGH,0.025412712855842973,0.5561877667140825,3.1106888326655304
HUMIDITY_LOW + RADIATION_HIGH + RAIN_LOW + TEMP_HIGH + WIND_HIGH,NO2_LOW + PM10_MID,0.0052645261926426625,0.25391849529780564,3.1105015673981193
HUMIDITY_HIGH + RADIATION_LOW + RAIN_LOW + WIND_LOW,O3_LOW,0.028207461328480437,0.8526522593320236,3.1094827357389225
HUMIDITY_HIGH + RAIN_HIGH + TEMP_LOW + WIND_LOW,O3_LOW + PM10_HIGH,0.01065904068633823,0.4089775561097257,3.1043555393706166
HUMIDITY_LOW + RADIATION_HIGH + RAIN_LOW + TEMP_HIGH + WIND_MID,NO2_LOW + O3_HIGH,0.016053555180033798,0.5323275862068966,3.1035969084423303
HUMIDITY_HIGH + RADIATION_MID + TEMP_MID,O3_MID + PM10_LOW,0.0076043156115949565,0.335243553008596,3.103524251859361
HUMIDITY_LOW + RADIATION_HIGH + RAIN_LOW,O3_HIGH + PM10_MID,0.028662420382165606,0.3071030640668524,3.100451275415086
HUMIDITY_MID + RAIN_HIGH + TEMP_MID,NO2_LOW + PM10_LOW + PM25_LOW,0.006109450149486546,0.2175925925925926,3.0998885459533607
RADIATION_LOW + RAIN_HIGH + TEMP_LOW,NO2_HIGH + O3_LOW,0.023202911737943584,0.6144578313253012,3.0986719740318205
HUMIDITY_HIGH + RADIATION_LOW + RAIN_HIGH + TEMP_LOW + WIND_MID,O3_LOW,0.00695437410633043,0.8492063492063492,3.0969160675252163
HUMIDITY_HIGH + RADIATION_LOW + TEMP_LOW + WIND_LOW,PM10_HIGH + PM25_HIGH,0.017808397244248018,0.34207240948813983,3.0959565249320704
HUMIDITY_HIGH + RAIN_LOW,NO2_HIGH + PM10_HIGH + PM25_HIGH,0.02560769530742233,0.2683923705722071,3.095565977229369
HUMIDITY_LOW + RADIATION_HIGH + TEMP_HIGH + WIND_HIGH,NO2_LOW + PM10_MID,0.006304432601065904,0.2526041666666667,3.094401041666667
HUMIDITY_HIGH + RADIATION_LOW + RAIN_LOW,NO2_HIGH + PM10_HIGH,0.02404783569478747,0.5530642750373692,3.0932195331606556
HUMIDITY_HIGH + RADIATION_LOW + TEMP_LOW + WIND_MID,O3_LOW,0.012673859352658261,0.8478260869565217,3.0918824778177396
RADIATION_HIGH + TEMP_HIGH,NO2_LOW + O3_HIGH,0.06265436110750032,0.5296703296703296,3.0881044684758203
HUMIDITY_MID + RAIN_LOW + TEMP_LOW,NO2_HIGH + PM25_HIGH,0.017028467437930586,0.31227651966626935,3.087844814643458
HUMIDITY_HIGH + RADIATION_LOW + RAIN_HIGH + TEMP_MID,NO2_MID + PM10_LOW,0.007994280514753671,0.2900943396226415,3.0867161199404993
HUMIDITY_MID + RAIN_HIGH + WIND_HIGH,NO2_LOW + PM10_LOW + PM25_LOW,0.00818926296633303,0.21649484536082475,3.084249713631157
HUMIDITY_HIGH + RADIATION_LOW + RAIN_LOW,PM25_HIGH,0.017938385545300924,0.4125560538116592,3.0828496570889694
HUMIDITY_HIGH + TEMP_LOW + WIND_LOW,PM10_HIGH + PM25_HIGH,0.026712595866372025,0.34051367025683515,3.0818490179833327
RADIATION_LOW + RAIN_LOW + TEMP_LOW + WIND_LOW,PM10_HIGH + PM25_HIGH,0.014493695567398934,0.34045801526717556,3.0813453075886845
RADIATION_HIGH + RAIN_LOW + TEMP_HIGH,NO2_LOW + PM10_MID,0.022227999480046796,0.25128581925055105,3.0782512858192503
RADIATION_LOW + RAIN_LOW + WIND_LOW,O3_LOW,0.04114129728324451,0.844,3.0779293671486134
HUMIDITY_MID + TEMP_LOW + WIND_LOW,PM10_HIGH + PM25_HIGH,0.008969192772650462,0.3399014778325123,3.07630831643002
RAIN_LOW + TEMP_LOW,O3_LOW + PM10_HIGH,0.08143767060964513,0.4052393272962484,3.07598040936363
RADIATION_MID + TEMP_LOW + WIND_MID,NO2_HIGH + PM25_HIGH,0.005134537891589757,0.31102362204724404,3.0754559439710136
RADIATION_HIGH + TEMP_HIGH + WIND_MID,NO2_LOW + O3_HIGH,0.02755751982321591,0.527363184079602,3.074653258904417
RADIATION_MID + RAIN_LOW + TEMP_LOW,O3_LOW + PM10_HIGH + PM25_HIGH,0.00968412842844144,0.22817764165390506,3.074204198324854
HUMIDITY_LOW + RADIATION_MID + TEMP_MID,O3_MID + PM10_LOW,0.00571948524632783,0.3320754716981132,3.0741956724110526
RAIN_HIGH + TEMP_LOW + WIND_LOW,NO2_HIGH + O3_LOW + PM10_HIGH,0.009879110880020798,0.3584905660377358,3.072833342092815
RAIN_HIGH + TEMP_HIGH + WIND_HIGH,NO2_LOW + O3_HIGH,0.01787339139477447,0.5268199233716475,3.071485919286157
HUMIDITY_HIGH + RADIATION_LOW + RAIN_LOW + WIND_LOW,PM25_HIGH,0.013583777460028597,0.4106090373280943,3.0683004605779787
HUMIDITY_HIGH + RAIN_LOW + WIND_LOW,PM10_HIGH + PM25_HIGH,0.02027817496425322,0.33876221498371334,3.065997317493773
RAIN_LOW + TEMP_LOW,NO2_HIGH + O3_LOW + PM25_HIGH,0.048290653841154295,0.24029754204398449,3.065686552146555
HUMIDITY_LOW + RADIATION_HIGH + RAIN_LOW + TEMP_HIGH + WIND_MID,O3_HIGH,0.025282724554790068,0.8383620689655172,3.065360929920021
RADIATION_LOW + RAIN_MID,NO2_HIGH + O3_LOW,0.007149356557909788,0.6077348066298343,3.0647681857773286
RADIATION_MID + TEMP_LOW,NO2_HIGH + O3_LOW + PM10_HIGH,0.01683348498635123,0.35724137931034483,3.0621258284506774
RADIATION_LOW + RAIN_LOW,NO2_HIGH + O3_LOW,0.049720525152736256,0.6071428571428571,3.0617830219600126
RADIATION_MID + TEMP_LOW + WIND_MID,NO2_HIGH + PM10_HIGH,0.009034186923176915,0.5472440944881889,3.0606679890204562
RADIATION_HIGH + RAIN_HIGH,NO2_LOW + PM25_LOW,0.009749122578967893,0.2626970227670753,3.0596944680501292
HUMIDITY_HIGH + RADIATION_LOW + RAIN_HIGH + WIND_LOW,O3_LOW + PM25_HIGH,0.008059274665280124,0.2743362831858407,3.0586507631140183
HUMIDITY_LOW + TEMP_HIGH + WIND_MID,NO2_LOW + PM10_MID,0.012023917847393735,0.2496626180836707,3.0583670715249665
HUMIDITY_HIGH + RADIATION_LOW + RAIN_LOW,O3_LOW,0.03646171844533992,0.8385650224215246,3.0581088966526613
HUMIDITY_LOW + RAIN_LOW + TEMP_HIGH + WIND_MID,NO2_LOW + PM10_MID,0.011243988041076304,0.24963924963924963,3.0580808080808084
HUMIDITY_MID + RADIATION_LOW + WIND_LOW,O3_LOW,0.010464058234758872,0.8385416666666666,3.058023722051039
RADIATION_MID + RAIN_LOW + TEMP_LOW + WIND_LOW,NO2_HIGH + O3_LOW,0.010009099181073703,0.6062992125984251,3.0575285758896653
HUMIDITY_HIGH + RAIN_HIGH + TEMP_LOW + WIND_LOW,O3_LOW,0.02183803457688808,0.8379052369077307,3.0557027672582
RADIATION_MID + TEMP_LOW + WIND_LOW,NO2_HIGH + O3_LOW,0.010984011438970492,0.6057347670250897,3.054682112569003
HUMIDITY_LOW + RADIATION_HIGH + RAIN_LOW + TEMP_HIGH,NO2_LOW + PM10_MID,0.015988561029507343,0.2492401215805471,3.0531914893617023
HUMIDITY_LOW + RAIN_LOW + TEMP_HIGH + WIND_HIGH,NO2_LOW + O3_HIGH + PM10_LOW,0.007994280514753671,0.2282003710575139,3.053122529644268
HUMIDITY_LOW + RAIN_LOW + TEMP_HIGH + WIND_HIGH,O3_HIGH + PM10_MID,0.010594046535811776,0.30241187384044527,3.053089954664758
RADIATION_HIGH + TEMP_HIGH + WIND_HIGH,O3_HIGH + PM10_MID,0.013518783309502146,0.3023255813953488,3.052218763352255
HUMIDITY_LOW + RADIATION_HIGH + TEMP_HIGH + WIND_MID,O3_HIGH,0.026907578317951385,0.8346774193548387,3.0518884919661478
HUMIDITY_LOW + RADIATION_MID + TEMP_LOW,NO2_HIGH + PM25_HIGH,0.0053945144936955675,0.30855018587360594,3.050998174711633
HUMIDITY_HIGH + RAIN_LOW + TEMP_LOW + WIND_LOW,O3_LOW,0.03821656050955414,0.8364153627311522,3.0502694408583806
HUMIDITY_MID + RADIATION_LOW + TEMP_LOW,O3_LOW + PM25_HIGH,0.005849473547380735,0.2735562310030395,3.04995374653099
RADIATION_HIGH + RAIN_LOW + TEMP_HIGH + WIND_MID,NO2_LOW + O3_HIGH,0.02209801117899389,0.5230769230769231,3.0496633340134665
HUMIDITY_HIGH + RADIATION_LOW + RAIN_HIGH + WIND_LOW,NO2_HIGH + O3_LOW + PM25_HIGH,0.007019368256856883,0.23893805309734514,3.0483423590014533
HUMIDITY_HIGH + RADIATION_LOW + WIND_LOW,O3_LOW,0.0569348758611725,0.8358778625954199,3.0483092661514886
RADIATION_HIGH + RAIN_LOW + TEMP_HIGH + WIND_HIGH,NO2_LOW + PM10_MID,0.006889379955803978,0.24882629107981222,3.0481220657277
RADIATION_MID + RAIN_HIGH,O3_MID + PM25_LOW,0.008904198622124009,0.20206489675516223,3.048010295563653
HUMIDITY_LOW + RADIATION_MID + RAIN_LOW + TEMP_MID,O3_MID + PM10_LOW,0.00519953204211621,0.3292181069958848,3.0477435585070296
RADIATION_MID + TEMP_LOW,O3_LOW + PM10_HIGH + PM25_HIGH,0.01065904068633823,0.22620689655172413,3.0476526360287455
TEMP_LOW + WIND_LOW,PM10_HIGH + PM25_HIGH,0.039776420122189,0.33663366336633666,3.046732673267327
HUMIDITY_MID + RADIATION_HIGH + RAIN_LOW + TEMP_HIGH + WIND_MID,NO2_LOW + O3_HIGH,0.006044455998960093,0.5224719101123596,3.046135963997258
HUMIDITY_HIGH + TEMP_LOW + WIND_LOW,PM25_HIGH,0.031977122059014686,0.40762220381110187,3.04598116942089
RADIATION_MID + RAIN_LOW + TEMP_LOW,NO2_HIGH + O3_LOW + PM10_HIGH,0.015078642922137007,0.3552833078101072,3.045342046777888
HUMIDITY_LOW + RAIN_LOW + TEMP_HIGH + WIND_LOW,O3_HIGH,0.011308982191602755,0.8325358851674641,3.0440582531336986
TEMP_HIGH + WIND_HIGH,NO2_LOW + O3_HIGH,0.043741063304302615,0.5217054263565891,3.0416671807209092
HUMIDITY_HIGH + TEMP_LOW + WIND_LOW,O3_LOW,0.06538411542961134,0.8334714167357085,3.039533353376537
HUMIDITY_LOW + TEMP_HIGH + WIND_LOW,O3_HIGH,0.011503964643182114,0.8309859154929577,3.0383909923418844
HUMIDITY_HIGH + RAIN_LOW,NO2_HIGH + PM25_HIGH,0.02931236188743013,0.3072207084468665,3.03785206951381
HUMIDITY_HIGH + RADIATION_LOW + TEMP_LOW + WIND_MID,O3_LOW + PM10_HIGH,0.005979461848433641,0.4,3.036211149481993
HUMIDITY_MID + RAIN_HIGH,O3_HIGH + PM10_LOW,0.02086312231899129,0.2750642673521851,3.035967587862783
HUMIDITY_HIGH + RADIATION_LOW + RAIN_HIGH + TEMP_LOW,O3_LOW,0.02807747302742753,0.8323699421965318,3.0355164566569894
HUMIDITY_LOW + RADIATION_HIGH + TEMP_HIGH,NO2_LOW + O3_HIGH,0.03691667749902509,0.5206232813932172,3.0353580172474572
RADIATION_LOW + WIND_LOW,O3_LOW,0.07116859482646562,0.8314350797266514,3.032107166786978
HUMIDITY_LOW + RADIATION_HIGH,O3_HIGH + PM10_MID,0.031132198102170806,0.30031347962382443,3.031904985231078
HUMIDITY_LOW + RADIATION_HIGH + TEMP_HIGH,NO2_LOW + PM10_MID,0.017548420642142206,0.24747937671860679,3.0316223648029332
RADIATION_HIGH + RAIN_LOW + TEMP_HIGH + WIND_LOW,O3_HIGH,0.012608865202131808,0.8290598290598291,3.0313485099606776
HUMIDITY_LOW + RAIN_LOW + TEMP_HIGH,NO2_MID + O3_HIGH,0.028337449629533343,0.2560187903699354,3.0300808527937124
HUMIDITY_MID + RADIATION_LOW + RAIN_LOW + TEMP_LOW,O3_LOW,0.013713765761081503,0.8307086614173227,3.0294580385320993
HUMIDITY_HIGH + RAIN_LOW + WIND_LOW,NO2_HIGH + O3_LOW,0.0359417652411283,0.6004343105320304,3.027952245770508
HUMIDITY_HIGH + RAIN_HIGH + WIND_HIGH,O3_MID + PM25_LOW,0.007799298063174314,0.20066889632107024,3.0269525870548892
HUMIDITY_LOW + RADIATION_HIGH + RAIN_LOW + TEMP_HIGH,O3_HIGH,0.05310022098011179,0.8277608915906788,3.0265991154976675
RADIATION_LOW + WIND_LOW,NO2_HIGH + PM25_HIGH,0.026192642662160405,0.30599848139711466,3.025766474791778
HUMIDITY_HIGH + RADIATION_LOW + RAIN_MID + TEMP_LOW,PM10_HIGH,0.005979461848433641,0.7540983606557377,3.0254386902344668
RAIN_LOW + TEMP_HIGH + WIND_HIGH,NO2_LOW + O3_HIGH,0.02502274795268426,0.5188679245283019,3.0251238676742904
RADIATION_HIGH + RAIN_HIGH + TEMP_HIGH + WIND_HIGH,NO2_LOW + PM10_LOW,0.0076043156115949565,0.4775510204081633,3.024948538493207
RADIATION_MID + RAIN_LOW + TEMP_LOW,PM10_HIGH + PM25_HIGH,0.014168724814766671,0.333843797856049,3.021482749301865
RADIATION_MID + RAIN_HIGH,NO2_LOW + O3_MID,0.011568958793708567,0.26253687315634217,3.0189778253987147
HUMIDITY_HIGH + TEMP_LOW,NO2_HIGH + O3_LOW,0.08780709736123748,0.5983170947741364,3.017275260634173
RADIATION_MID + RAIN_LOW + TEMP_LOW + WIND_LOW,PM10_HIGH,0.012413882750552451,0.7519685039370078,3.016893716186389
HUMIDITY_LOW + RADIATION_HIGH + TEMP_HIGH,O3_HIGH,0.05849473547380736,0.8249312557286893,3.0162529231562774
HUMIDITY_HIGH + RAIN_HIGH + TEMP_LOW + WIND_MID,NO2_HIGH + O3_LOW,0.007344339009489146,0.5978835978835979,3.0150891632373114
HUMIDITY_HIGH + RADIATION_MID + RAIN_HIGH + TEMP_MID,PM10_LOW + PM25_LOW,0.00519953204211621,0.34334763948497854,3.0118282674548915
HUMIDITY_HIGH + RADIATION_LOW,NO2_HIGH + O3_LOW + PM25_HIGH,0.02801247887690108,0.23603504928806135,3.0113061926584677
RAIN_HIGH + TEMP_LOW + WIND_LOW,O3_LOW,0.022747952684258416,0.8254716981132075,3.0103596935695216
RAIN_HIGH + TEMP_LOW + WIND_LOW,O3_LOW + PM10_HIGH,0.01091901728844404,0.39622641509433965,3.007567648071786
RADIATION_LOW + RAIN_HIGH + TEMP_LOW + WIND_MID,O3_LOW,0.0076043156115949565,0.823943661971831,3.004787196752451
HUMIDITY_MID + RADIATION_HIGH + RAIN_HIGH + TEMP_HIGH + WIND_HIGH,O3_HIGH,0.008969192772650462,0.8214285714285714,3.0034458174904946
HUMIDITY_MID + RAIN_LOW + TEMP_LOW,O3_LOW + PM10_HIGH + PM25_HIGH,0.01215390614844664,0.22288438617401668,3.002888936666743
RADIATION_LOW + RAIN_HIGH + WIND_LOW,NO2_HIGH + O3_LOW + PM25_HIGH,0.007214350708436241,0.23516949152542374,3.0002635129437563
HUMIDITY_HIGH + TEMP_LOW + WIND_MID,NO2_HIGH + O3_LOW + PM25_HIGH,0.005914467697907188,0.2351421188630491,2.999914295876346
RADIATION_LOW + RAIN_HIGH + WIND_LOW,O3_LOW + PM25_HIGH,0.008254257116859483,0.2690677966101695,2.9999109555391796
RADIATION_HIGH + RAIN_LOW + TEMP_HIGH + WIND_MID,O3_HIGH,0.03464188223059925,0.82,2.998222433460076
RAIN_MID + TEMP_LOW,NO2_HIGH + O3_LOW,0.012218900298973092,0.5930599369085173,2.9907637460748764
HUMIDITY_HIGH + RADIATION_MID + RAIN_HIGH + TEMP_MID,NO2_LOW + PM10_LOW,0.007149356557909788,0.4721030042918455,2.990439202978318
RADIATION_LOW + RAIN_LOW + WIND_MID,NO2_HIGH + O3_LOW,0.008774210321071103,0.5921052631578947,2.985949386741189
HUMIDITY_MID + RAIN_LOW + TEMP_LOW,O3_LOW + PM10_HIGH,0.021448069673729364,0.3933253873659118,2.9855473162367634
RADIATION_HIGH + RAIN_HIGH + TEMP_HIGH + WIND_HIGH,O3_HIGH,0.012998830105290524,0.8163265306122449,2.984790874524715
RADIATION_MID + TEMP_LOW,PM10_HIGH + PM25_HIGH,0.015533601975822176,0.3296551724137931,2.98357322515213
HUMIDITY_LOW + RADIATION_HIGH + RAIN_LOW,NO2_MID + O3_HIGH,0.023527882490575847,0.2520891364902507,2.983571887722306
HUMIDITY_LOW + TEMP_HIGH + WIND_HIGH,O3_HIGH + PM10_MID,0.012348888600025998,0.2954898911353033,2.9832069980365987
HUMIDITY_HIGH + RADIATION_LOW + WIND_LOW,NO2_HIGH + PM10_HIGH + PM25_HIGH,0.01761341479266866,0.258587786259542,2.982482518282843
RAIN_MID + TEMP_LOW,NO2_HIGH + PM10_HIGH,0.010984011438970492,0.5331230283911672,2.9816906269816426
RADIATION_LOW + RAIN_HIGH + TEMP_LOW,O3_LOW,0.030872221500064995,0.8175559380378657,2.981492216793222
RADIATION_LOW + TEMP_LOW + WIND_LOW,PM25_HIGH,0.026647601715845574,0.39883268482490275,2.98030096586496
HUMIDITY_MID + RADIATION_HIGH + TEMP_MID,NO2_LOW + PM10_LOW,0.006174444300012999,0.47029702970297027,2.978999629069535
HUMIDITY_LOW + RADIATION_HIGH + RAIN_LOW + TEMP_HIGH,NO2_LOW + O3_HIGH,0.03275705186533212,0.5106382978723404,2.9771431796376766
RADIATION_HIGH + WIND_HIGH,NO2_LOW + O3_HIGH,0.03711165995060445,0.5102770330652369,2.975036919568675
RADIATION_HIGH + TEMP_HIGH,NO2_LOW + PM10_MID,0.028727414532692057,0.24285714285714285,2.975
RAIN_LOW + TEMP_LOW + WIND_LOW,PM25_HIGH,0.03301702846743793,0.3978073610023493,2.972639172599391
RADIATION_HIGH + RAIN_LOW + TEMP_HIGH,O3_HIGH,0.0718835304822566,0.8126377663482733,2.9713033918808307
RADIATION_LOW + RAIN_HIGH + WIND_HIGH,NO2_LOW + O3_MID,0.0055245027947484725,0.25835866261398177,2.970931526889928
TEMP_HIGH + WIND_HIGH,O3_HIGH + PM10_LOW,0.02255297023267906,0.2689922480620155,2.9689488727992615
HUMIDITY_HIGH + RADIATION_MID + TEMP_MID,NO2_LOW + O3_MID,0.005849473547380735,0.25787965616045844,2.9654233106762433
HUMIDITY_MID + RADIATION_HIGH + TEMP_HIGH + WIND_HIGH,O3_HIGH,0.014753672169504744,0.8107142857142857,2.964270437262358
RADIATION_MID + TEMP_LOW + WIND_LOW,PM10_HIGH,0.01338879500844924,0.7383512544802867,2.9622613823816666
RADIATION_MID + RAIN_HIGH + WIND_HIGH,NO2_LOW + PM10_LOW,0.008839204471597556,0.46735395189003437,2.9603573090901887
HUMIDITY_HIGH + TEMP_LOW + WIND_MID,O3_LOW,0.02040816326530612,0.8113695090439277,2.958931326416182
HUMIDITY_HIGH + RAIN_LOW + TEMP_LOW + WIND_MID,O3_LOW,0.008384245417912387,0.8113207547169812,2.958753527394044
HUMIDITY_MID + RADIATION_HIGH + RAIN_LOW + TEMP_HIGH + WIND_MID,O3_HIGH,0.009359157675809178,0.8089887640449438,2.957961293630111
HUMIDITY_HIGH + RADIATION_MID + RAIN_LOW + TEMP_LOW,O3_LOW,0.005004549590536852,0.8105263157894737,2.955856339117526
RADIATION_HIGH + TEMP_HIGH + WIND_HIGH,NO2_LOW + PM10_MID,0.010789028987391135,0.24127906976744187,2.955668604651163
RADIATION_MID + RAIN_HIGH + TEMP_MID,NO2_LOW + PM10_LOW + PM25_LOW,0.0055245027947484725,0.2073170731707317,2.9535004516711836
TEMP_LOW + WIND_LOW,PM25_HIGH,0.04666580007799298,0.3949394939493949,2.9512088654227244
TEMP_HIGH + WIND_MID,O3_HIGH + PM10_MID,0.028402443780059794,0.2923076923076923,2.9510801534423585
RADIATION_LOW + TEMP_LOW + WIND_LOW,PM10_HIGH + PM25_HIGH,0.021773040426361627,0.32587548638132297,2.94936484321355
HUMIDITY_MID + RADIATION_HIGH + WIND_HIGH,NO2_LOW + PM10_LOW,0.01143897049265566,0.4656084656084656,2.949300885900309
RADIATION_HIGH + TEMP_HIGH + WIND_LOW,O3_HIGH,0.013518783309502146,0.8062015503875969,2.947770212515106
HUMIDITY_HIGH + RAIN_LOW + TEMP_LOW,NO2_HIGH + PM10_HIGH,0.03626673599376056,0.5269121813031161,2.9469541335985987
HUMIDITY_MID + RAIN_LOW + TEMP_LOW,NO2_HIGH + PM10_HIGH,0.028727414532692057,0.5268176400476758,2.9464253761445076
HUMIDITY_MID + RAIN_LOW + TEMP_MID + WIND_MID,NO2_MID + O3_MID,0.006109450149486546,0.36153846153846153,2.9463086701434156
HUMIDITY_HIGH + RADIATION_LOW + RAIN_HIGH + TEMP_LOW + WIND_LOW,PM25_HIGH,0.007149356557909788,0.3942652329749104,2.9461704101757995
HUMIDITY_HIGH + RADIATION_LOW + TEMP_LOW,NO2_HIGH + PM10_HIGH + PM25_HIGH,0.020148186663200313,0.2553542009884679,2.945187208702074
HUMIDITY_MID + TEMP_LOW + WIND_LOW,PM25_HIGH,0.01039906408423242,0.39408866995073893,2.9448510324730788
HUMIDITY_HIGH + RADIATION_LOW,O3_LOW + PM10_HIGH + PM25_HIGH,0.025932666060054597,0.2185104052573932,2.943958927574651
RADIATION_HIGH + RAIN_HIGH + TEMP_HIGH,NO2_LOW + PM10_LOW,0.012413882750552451,0.46472019464720193,2.94367431652608
RADIATION_LOW + RAIN_HIGH + WIND_HIGH,NO2_MID + PM10_LOW,0.005914467697907188,0.2765957446808511,2.9430858420882258
HUMIDITY_MID + RADIATION_MID + TEMP_LOW,PM25_HIGH,0.008059274665280124,0.39365079365079364,2.9415789757703306
HUMIDITY_HIGH + RAIN_HIGH + WIND_HIGH,O3_MID + PM10_LOW,0.012348888600025998,0.3177257525083612,2.9413528448216884
RADIATION_MID + RAIN_LOW + WIND_LOW,NO2_HIGH + PM10_HIGH + PM25_HIGH,0.01117899389054985,0.2548148148148148,2.9389660725192956
HUMIDITY_HIGH + TEMP_MID + WIND_HIGH,PM10_LOW + PM25_LOW,0.008514233718965293,0.3350383631713555,2.9389397125168046
RAIN_HIGH + TEMP_LOW + WIND_MID,NO2_HIGH + O3_LOW,0.008254257116859483,0.5825688073394496,2.9378576433053984
RADIATION_LOW + RAIN_HIGH + TEMP_LOW + WIND_LOW,PM25_HIGH,0.007409333160015599,0.3931034482758621,2.9374889048918957
RAIN_LOW + TEMP_HIGH + WIND_MID,NO2_MID + O3_HIGH,0.01813336799688028,0.248,2.9351753846153845
RAIN_HIGH + TEMP_MID + WIND_HIGH,NO2_LOW + PM25_LOW,0.01039906408423242,0.25196850393700787,2.9347368672027274
HUMIDITY_HIGH + RAIN_LOW + TEMP_LOW,O3_LOW,0.055375016248537634,0.8045325779036827,2.933998161561048
HUMIDITY_MID + RADIATION_MID + RAIN_LOW + TEMP_LOW,PM25_HIGH,0.0076043156115949565,0.3926174496644295,2.933857251353527
RADIATION_HIGH + RAIN_HIGH + WIND_MID,NO2_LOW + O3_HIGH,0.0052645261926426625,0.5031055900621118,2.933225694844885
RADIATION_HIGH + TEMP_HIGH,NO2_LOW + O3_HIGH + PM10_LOW,0.025932666060054597,0.21923076923076923,2.933117056856187
RADIATION_HIGH + TEMP_HIGH,O3_HIGH,0.09482646561809437,0.8016483516483517,2.9311220386077803
HUMIDITY_HIGH + RAIN_MID + TEMP_LOW,O3_LOW,0.010854023137917588,0.8028846153846154,2.927988312943279
RAIN_LOW + TEMP_LOW,O3_LOW + PM25_HIGH,0.052775250227479524,0.2626131953428202,2.92794682865553
HUMIDITY_MID + RADIATION_LOW + TEMP_LOW,O3_LOW,0.017158455738983492,0.8024316109422492,2.9263362801510895
RAIN_LOW + TEMP_HIGH + WIND_HIGH,O3_HIGH + PM10_MID,0.013973742363187313,0.28975741239892183,2.9253330362006635
HUMIDITY_MID + RADIATION_HIGH,NO2_LOW + O3_HIGH,0.028207461328480437,0.5017341040462427,2.9252296039619137
RADIATION_HIGH + TEMP_HIGH + WIND_MID,O3_HIGH,0.04179123878850904,0.7997512437810945,2.924185512551312
HUMIDITY_HIGH + TEMP_LOW + WIND_MID,NO2_HIGH + O3_LOW + PM10_HIGH,0.008579227869491746,0.34108527131782945,2.9236423311956123
HUMIDITY_HIGH + WIND_LOW,NO2_HIGH + O3_LOW + PM10_HIGH,0.040296373326400625,0.341034103410341,2.923203740986912
HUMIDITY_HIGH + RADIATION_MID + TEMP_LOW,O3_LOW,0.007344339009489146,0.8014184397163121,2.922641411110495
HUMIDITY_MID + RAIN_HIGH + WIND_HIGH,NO2_LOW + PM25_LOW,0.009489145976862082,0.2508591065292096,2.9218154527315816
HUMIDITY_HIGH + RADIATION_LOW + RAIN_HIGH + WIND_LOW,O3_LOW,0.023527882490575847,0.8008849557522124,2.920695882721863
RADIATION_HIGH + TEMP_HIGH + WIND_HIGH,O3_HIGH,0.03568178863902249,0.7979651162790697,2.9176547716420553
HUMIDITY_LOW + RADIATION_HIGH + TEMP_HIGH + WIND_HIGH,O3_HIGH,0.0198882100610945,0.796875,2.9136689044676807
HUMIDITY_HIGH + RADIATION_LOW + RAIN_HIGH + WIND_LOW,NO2_HIGH + O3_LOW,0.016963473287404135,0.577433628318584,2.911961260344062
HUMIDITY_MID + RADIATION_HIGH + RAIN_LOW + TEMP_HIGH + WIND_HIGH,O3_HIGH,0.005329520343169115,0.7961165048543689,2.9108955664660936
RAIN_MID + TEMP_LOW,NO2_HIGH + PM10_HIGH + PM25_HIGH,0.00519953204211621,0.25236593059936907,2.9107212955036674
HUMIDITY_HIGH + RAIN_MID + TEMP_LOW,PM25_HIGH,0.0052645261926426625,0.3894230769230769,2.9099871109948814
RADIATION_LOW + TEMP_LOW,O3_LOW,0.09203171714545691,0.7977464788732395,2.909250373060835
HUMIDITY_MID + RADIATION_HIGH + RAIN_LOW + TEMP_HIGH,O3_HIGH,0.018458338749512544,0.7955182072829131,2.908707969879967
RADIATION_HIGH + RAIN_LOW + TEMP_HIGH,NO2_LOW + O3_HIGH,0.04413102820746133,0.49889786921381335,2.908693677803612
TEMP_MID + WIND_HIGH,O3_MID + PM10_LOW,0.02879240868321851,0.3141843971631206,2.908568673135844
HUMIDITY_HIGH + TEMP_LOW,NO2_HIGH + PM25_HIGH,0.04315611594956454,0.2940655447298494,2.907771511062637
RAIN_HIGH + TEMP_LOW,O3_LOW + PM25_HIGH,0.018523332900038998,0.2607502287282708,2.907176100879112
HUMIDITY_MID + RADIATION_MID + RAIN_LOW + TEMP_LOW + WIND_LOW,NO2_HIGH,0.0074743273105420515,0.9583333333333334,2.905402298850575
RADIATION_HIGH + RAIN_LOW + WIND_LOW,NO2_MID + PM10_MID,0.005589496945274925,0.3049645390070922,2.905377335704719
HUMIDITY_HIGH + RADIATION_LOW + TEMP_LOW,PM25_HIGH,0.030677239048485638,0.38879736408566723,2.905311434590615
RADIATION_HIGH + RAIN_LOW + WIND_MID,NO2_MID + O3_HIGH,0.013193812556869881,0.24546553808948005,2.9051790531113384
HUMIDITY_HIGH + RAIN_MID + TEMP_LOW + WIND_LOW,O3_LOW,0.005329520343169115,0.7961165048543689,2.903306125548547
HUMIDITY_MID + RADIATION_HIGH + TEMP_HIGH,O3_HIGH,0.03399194072533472,0.7936267071320182,2.9017919477027645
RADIATION_LOW + TEMP_LOW + WIND_MID,O3_LOW,0.018458338749512544,0.7955182072829131,2.901124232579972
TEMP_LOW + WIND_LOW,NO2_HIGH + PM10_HIGH,0.06128948394644482,0.5187018701870187,2.9010348872037333
HUMIDITY_LOW + TEMP_HIGH + WIND_HIGH,O3_HIGH + PM10_LOW,0.010984011438970492,0.26283048211508553,2.9009395967164315
HUMIDITY_LOW + RADIATION_HIGH + RAIN_LOW + TEMP_HIGH + WIND_HIGH,O3_HIGH,0.01644352008319251,0.793103448275862,2.8998787203356495
HUMIDITY_MID + RADIATION_HIGH + TEMP_HIGH,NO2_LOW + PM10_MID,0.01013908748212661,0.23672230652503792,2.899848254931715
RADIATION_LOW + WIND_LOW,NO2_HIGH + PM10_HIGH + PM25_HIGH,0.021513063824255815,0.2513287775246773,2.8987590487216526
RADIATION_LOW + RAIN_LOW + TEMP_LOW + WIND_LOW,PM25_HIGH,0.016508514233718966,0.38778625954198476,2.897755895732383
HUMIDITY_HIGH + WIND_LOW,O3_LOW + PM10_HIGH,0.04510594046535812,0.38173817381738173,2.8975942488180735
RADIATION_LOW + RAIN_HIGH + WIND_LOW,O3_LOW,0.024372806447419734,0.7944915254237288,2.89738009247914
HUMIDITY_MID + RAIN_LOW + TEMP_LOW + WIND_LOW,PM25_HIGH,0.00942415182633563,0.3877005347593583,2.8971153121940194
RADIATION_LOW + RAIN_LOW + WIND_LOW,PM10_HIGH + PM25_HIGH,0.015598596126348629,0.32,2.896188235294118
HUMIDITY_MID + RADIATION_HIGH + RAIN_HIGH + TEMP_HIGH,O3_HIGH,0.014038736513713766,0.7912087912087912,2.89295115530857
HUMIDITY_MID + TEMP_LOW,NO2_HIGH + O3_LOW + PM25_HIGH,0.015468607825295723,0.22666666666666666,2.8917855168601436
HUMIDITY_MID + RADIATION_HIGH + TEMP_HIGH + WIND_MID,O3_HIGH,0.013973742363187313,0.7904411764705882,2.8901444727130396
HUMIDITY_MID + RADIATION_LOW + RAIN_LOW,O3_LOW + PM25_HIGH,0.005134537891589757,0.25901639344262295,2.8878450938465194
RADIATION_HIGH,O3_HIGH + PM10_MID,0.04790068893799558,0.28588052754072923,2.8861927800142126
HUMIDITY_MID + RAIN_HIGH + TEMP_HIGH + WIND_HIGH,NO2_LOW + PM25_LOW,0.00519953204211621,0.2476780185758514,2.884764567606396
RADIATION_HIGH + RAIN_LOW + TEMP_HIGH + WIND_HIGH,O3_HIGH,0.02183803457688808,0.7887323943661971,2.883896535104161
HUMIDITY_MID + RAIN_LOW + TEMP_LOW,O3_LOW + PM25_HIGH,0.014103730664240218,0.2586412395709178,2.8836624000276383
HUMIDITY_LOW + RAIN_LOW + TEMP_LOW + WIND_LOW,NO2_HIGH + PM10_HIGH,0.00669439750422462,0.515,2.8803307888040712
RADIATION_HIGH + RAIN_HIGH + TEMP_HIGH,NO2_LOW + PM10_LOW + PM25_LOW,0.0053945144936955675,0.20194647201946472,2.8769892763810043
HUMIDITY_LOW + RAIN_LOW + TEMP_HIGH + WIND_MID,O3_HIGH,0.035421812036916675,0.7864357864357865,2.875499289472674
HUMIDITY_MID + RADIATION_LOW,NO2_HIGH + O3_LOW,0.01585857272845444,0.5700934579439253,2.8749452454687754
RADIATION_LOW + RAIN_MID,NO2_HIGH + PM10_HIGH,0.006044455998960093,0.5138121546961326,2.8736873181223905
HUMIDITY_HIGH + RAIN_LOW,PM10_HIGH + PM25_HIGH,0.03028727414532692,0.31743869209809267,2.8730068921301495
HUMIDITY_LOW + TEMP_HIGH + WIND_MID,O3_HIGH,0.037826595606395425,0.7854251012145749,2.8718038515416944
TEMP_LOW,NO2_HIGH + O3_LOW + PM10_HIGH,0.10321071103600676,0.334809192494202,2.8698463708723074
RADIATION_MID + RAIN_HIGH,O3_MID + PM10_LOW,0.01364877161055505,0.30973451327433627,2.867373779325474
RAIN_LOW + TEMP_HIGH + WIND_HIGH,NO2_LOW + O3_HIGH + PM10_LOW,0.010334069933705966,0.21428571428571427,2.86695652173913
HUMIDITY_LOW + TEMP_LOW + WIND_LOW,NO2_HIGH + PM10_HIGH,0.006824385805277525,0.5121951219512195,2.8646434555948614
HUMIDITY_LOW + RADIATION_HIGH,NO2_MID + O3_HIGH,0.02508774210321071,0.24200626959247648,2.8642372799614177
HUMIDITY_HIGH + TEMP_LOW + WIND_MID,O3_LOW + PM10_HIGH,0.009489145976862082,0.3772609819121447,2.8636099988654458
RADIATION_LOW + RAIN_HIGH + WIND_LOW,NO2_HIGH + O3_LOW,0.017418432341089304,0.5677966101694916,2.863362387436184
HUMIDITY_MID + RADIATION_MID + TEMP_LOW + WIND_LOW,NO2_HIGH,0.007669309762121409,0.944,2.8619475862068966
HUMIDITY_LOW + RADIATION_MID + RAIN_LOW + TEMP_LOW,NO2_HIGH + PM10_HIGH,0.008644222020018199,0.5115384615384615,2.860970835779996
HUMIDITY_LOW + RADIATION_HIGH + RAIN_LOW + WIND_LOW,O3_HIGH,0.009814116729494346,0.7823834196891192,2.860682342047716
RAIN_HIGH + TEMP_MID + WIND_HIGH,PM10_LOW + PM25_LOW,0.013453789158975693,0.32598425196850395,2.859517503299545
TEMP_LOW,NO2_HIGH + O3_LOW + PM25_HIGH,0.06902378785909268,0.2239089184060721,2.8566025029816133
HUMIDITY_HIGH + RAIN_HIGH + TEMP_LOW + WIND_MID,O3_LOW,0.009619134277914988,0.783068783068783,2.8557232273752775
HUMIDITY_MID + RAIN_LOW + TEMP_LOW,NO2_HIGH + O3_LOW,0.030872221500064995,0.566150178784267,2.8550595381103676
RAIN_LOW + TEMP_HIGH,NO2_MID + O3_HIGH,0.04913557779799818,0.24107142857142858,2.8531730769230768
RAIN_HIGH + TEMP_MID + WIND_HIGH,NO2_LOW + PM10_LOW,0.01858832705056545,0.4503937007874016,2.852926093172071
HUMIDITY_MID + RADIATION_MID + RAIN_LOW + TEMP_LOW,O3_LOW + PM10_HIGH,0.007279344858962694,0.37583892617449666,2.8528158451508663
RADIATION_HIGH + TEMP_MID,O3_HIGH + PM10_LOW,0.01091901728844404,0.25846153846153846,2.852718243019534
HUMIDITY_MID + RADIATION_LOW + RAIN_LOW + TEMP_LOW + WIND_LOW,NO2_HIGH,0.009229169374756272,0.9403973509933775,2.851025348253026
HUMIDITY_MID + RAIN_HIGH + TEMP_HIGH + WIND_MID,NO2_LOW + O3_HIGH,0.0056544910958013775,0.4887640449438202,2.849611063094209
HUMIDITY_MID + RAIN_HIGH + TEMP_MID,NO2_LOW + O3_HIGH + PM10_LOW,0.005979461848433641,0.21296296296296297,2.849259259259259
HUMIDITY_LOW + RAIN_LOW + TEMP_HIGH,NO2_LOW + PM10_MID,0.025737683608475236,0.23253082795067528,2.8485026423957724
RADIATION_LOW + RAIN_LOW + TEMP_LOW,NO2_HIGH + PM25_HIGH,0.01936825685688288,0.28792270531400965,2.847030041106268
RAIN_HIGH + TEMP_HIGH + WIND_MID,O3_HIGH + PM10_LOW,0.0053945144936955675,0.2577639751552795,2.8450190256378263
RADIATION_HIGH + RAIN_LOW + WIND_MID,NO2_LOW + PM10_MID,0.012478876901078902,0.23216444981862153,2.844014510278114
RADIATION_HIGH,NO2_LOW + O3_HIGH + PM10_LOW,0.035616794488496036,0.2125678820791311,2.8439734205821834
RADIATION_MID + RAIN_HIGH + TEMP_MID,NO2_LOW + PM10_LOW,0.011958923696867282,0.44878048780487806,2.8427075279398326
HUMIDITY_MID + RADIATION_HIGH + RAIN_LOW + TEMP_HIGH,NO2_LOW + O3_HIGH,0.011308982191602755,0.48739495798319327,2.8416289592760178
RADIATION_HIGH + TEMP_HIGH + WIND_MID,NO2_MID + O3_HIGH,0.012543871051605355,0.24004975124378108,2.8410811327975507
HUMIDITY_MID + TEMP_LOW,NO2_HIGH + O3_LOW + PM10_HIGH,0.02261796438320551,0.3314285714285714,2.840869080779944
HUMIDITY_HIGH + RADIATION_LOW,O3_LOW + PM10_HIGH,0.04439100480956714,0.37404162102957283,2.8391733503507686
RADIATION_LOW + RAIN_LOW + TEMP_LOW + WIND_MID,O3_LOW,0.009359157675809178,0.7783783783783784,2.8386180919008606
RADIATION_HIGH + RAIN_HIGH + TEMP_HIGH,O3_HIGH,0.020733134017938387,0.7761557177615572,2.8379115668914734
RAIN_MID + TEMP_LOW + WIND_LOW,O3_LOW,0.005914467697907188,0.7777777777777778,2.8364278001632823
HUMIDITY_LOW + TEMP_MID + WIND_HIGH,O3_MID + PM10_LOW,0.012283894449499545,0.3063209076175041,2.8357722530703477
RADIATION_HIGH + RAIN_HIGH + TEMP_HIGH,NO2_LOW + PM25_LOW,0.006499415052645262,0.24330900243309003,2.8338776013894953
RADIATION_LOW + RAIN_LOW + TEMP_LOW,O3_LOW,0.05225529702326791,0.7768115942028986,2.8329042873680486
HUMIDITY_MID + RADIATION_LOW + TEMP_LOW + WIND_LOW,NO2_HIGH,0.01013908748212661,0.9341317365269461,2.832029733636176
HUMIDITY_HIGH + RAIN_LOW + WIND_LOW,PM25_HIGH,0.022682958533731964,0.3789359391965255,2.831621350402011
TEMP_LOW + WIND_LOW,O3_LOW,0.09170674639282464,0.7761276127612762,2.8304099193991457
RAIN_LOW + TEMP_LOW,NO2_HIGH + PM10_HIGH + PM25_HIGH,0.049265566099051084,0.24514877102199223,2.8274805029568006
HUMIDITY_MID + RADIATION_LOW,NO2_HIGH + O3_LOW + PM10_HIGH,0.009164175224229819,0.3294392523364486,2.823817457631531
HUMIDITY_LOW + RAIN_LOW + TEMP_HIGH,O3_HIGH,0.0854673079422852,0.7721667645331768,2.8233264826776283
RADIATION_LOW + TEMP_LOW + WIND_MID,NO2_HIGH + O3_LOW + PM25_HIGH,0.005134537891589757,0.22128851540616246,2.823171723083927
RADIATION_HIGH + RAIN_LOW,NO2_MID + O3_HIGH,0.03002729754322111,0.23851316468766137,2.8228950399110446
TEMP_LOW,O3_LOW + PM10_HIGH + PM25_HIGH,0.06453919147276745,0.20936116382036682,2.820692527618357
HUMIDITY_LOW + RADIATION_HIGH + RAIN_LOW + WIND_MID,NO2_LOW + PM10_MID,0.008709216170544652,0.23024054982817868,2.820446735395189
RAIN_HIGH + TEMP_LOW + WIND_LOW,PM25_HIGH,0.01039906408423242,0.37735849056603776,2.819833771660542
TEMP_LOW,O3_LOW + PM25_HIGH,0.0779279864812167,0.25279359055450135,2.818465350921419
HUMIDITY_MID + RADIATION_LOW + RAIN_LOW + TEMP_LOW,NO2_HIGH + PM10_HIGH,0.008319251267385936,0.5039370078740157,2.8184568531986938
HUMIDITY_LOW + RADIATION_HIGH + WIND_LOW,O3_HIGH,0.009814116729494346,0.7704081632653061,2.8168963878327
RADIATION_MID + RAIN_LOW + TEMP_LOW,PM25_HIGH,0.015988561029507343,0.37672281776416533,2.8150836688292604
HUMIDITY_HIGH + RAIN_HIGH + TEMP_LOW + WIND_LOW,PM25_HIGH,0.009814116729494346,0.3765586034912718,2.8138565679051517
HUMIDITY_HIGH + RAIN_HIGH + TEMP_MID,O3_MID + PM10_LOW,0.021448069673729364,0.30330882352941174,2.807887821193459
HUMIDITY_MID + RADIATION_HIGH + WIND_MID,O3_HIGH + PM10_MID,0.006109450149486546,0.2781065088757396,2.807707838295361
HUMIDITY_HIGH + RAIN_HIGH + TEMP_LOW,NO2_HIGH + O3_LOW,0.030677239048485638,0.5566037735849056,2.806917620575994
HUMIDITY_LOW + RADIATION_MID + TEMP_LOW,NO2_HIGH + PM10_HIGH,0.008774210321071103,0.5018587360594795,2.8068333380629413
HUMIDITY_LOW + RADIATION_MID + RAIN_LOW + WIND_LOW,PM10_HIGH,0.006044455998960093,0.6992481203007519,2.805379811981061
HUMIDITY_MID + RAIN_LOW + TEMP_LOW + WIND_LOW,NO2_HIGH,0.022487976082152607,0.9251336898395722,2.804750138299834
RADIATION_MID + TEMP_LOW,PM25_HIGH,0.017678408943195112,0.37517241379310345,2.8034981829143706
HUMIDITY_HIGH + TEMP_LOW + WIND_LOW,NO2_HIGH + PM10_HIGH,0.03932146106850384,0.5012427506213754,2.8033882083098804
HUMIDITY_MID + RADIATION_MID + RAIN_LOW + TEMP_MID + WIND_MID,O3_MID,0.0056544910958013775,0.7631578947368421,2.8017054088334654
HUMIDITY_LOW + RAIN_HIGH + TEMP_HIGH,O3_HIGH,0.007864292213700767,0.7658227848101266,2.8001305530153537
RADIATION_HIGH + TEMP_MID,NO2_LOW + O3_HIGH + PM10_LOW,0.008839204471597556,0.20923076923076922,2.799325752508361
RADIATION_MID + TEMP_LOW,O3_LOW + PM25_HIGH,0.011828935395814377,0.25103448275862067,2.7988525737131433
TEMP_LOW,O3_LOW + PM10_HIGH,0.11360977512023918,0.36854311617119967,2.7974367959595847
RAIN_MID + TEMP_LOW,O3_LOW,0.015793578577927986,0.7665615141955836,2.795523929228075
HUMIDITY_MID + RADIATION_MID + TEMP_LOW,O3_LOW + PM10_HIGH,0.0075393214610685036,0.3682539682539683,2.795242010634216
RADIATION_MID + RAIN_LOW + TEMP_LOW + WIND_LOW,NO2_HIGH,0.015208631223189913,0.921259842519685,2.7930057018734726
RADIATION_LOW + TEMP_LOW,NO2_HIGH + PM25_HIGH,0.03256206941375276,0.28225352112676055,2.790972156848546
TEMP_MID + WIND_HIGH,NO2_LOW + O3_MID,0.022227999480046796,0.2425531914893617,2.789180421715485
HUMIDITY_HIGH + RADIATION_LOW,NO2_HIGH + O3_LOW + PM10_HIGH,0.03860652541271285,0.3253012048192771,2.788347820250361
HUMIDITY_HIGH + WIND_HIGH,NO2_LOW + O3_MID,0.011243988041076304,0.242296918767507,2.7862334769483277
RADIATION_LOW + RAIN_HIGH + WIND_HIGH,O3_MID + PM10_LOW,0.006434420902118809,0.3009118541033435,2.7856978262539367
HUMIDITY_MID + TEMP_LOW + WIND_LOW,NO2_HIGH,0.024242818146366828,0.9187192118226601,2.785303210463734
HUMIDITY_LOW + TEMP_HIGH + WIND_MID,NO2_LOW + O3_HIGH,0.023007929286364227,0.4777327935222672,2.7852962338513083
HUMIDITY_LOW + RADIATION_MID + RAIN_LOW + TEMP_LOW + WIND_LOW,NO2_HIGH,0.005134537891589757,0.9186046511627907,2.7849558941459502
HUMIDITY_LOW + RADIATION_MID + TEMP_LOW + WIND_LOW,NO2_HIGH,0.005134537891589757,0.9186046511627907,2.7849558941459502
HUMIDITY_LOW + RAIN_LOW + TEMP_HIGH + WIND_HIGH,O3_HIGH + PM10_LOW,0.008839204471597556,0.2523191094619666,2.7849223946784925
HUMIDITY_LOW + TEMP_HIGH,NO2_MID + O3_HIGH,0.03126218640322371,0.2352078239608802,2.7837750611246945
RADIATION_MID + RAIN_LOW + TEMP_LOW,O3_LOW + PM25_HIGH,0.010594046535811776,0.24961715160796324,2.7830503584348714
HUMIDITY_HIGH + TEMP_LOW,O3_LOW,0.11191992720655142,0.7626217891939769,2.781156399274361
HUMIDITY_MID + RADIATION_HIGH + RAIN_HIGH + WIND_HIGH,O3_HIGH,0.011308982191602755,0.759825327510917,2.7782016371394893
RAIN_HIGH + TEMP_LOW + WIND_MID,O3_LOW,0.010789028987391135,0.7614678899082569,2.7769483181152976
RADIATION_MID + TEMP_LOW,O3_LOW + PM10_HIGH,0.017223449889509943,0.36551724137931035,2.7744688090094076
HUMIDITY_MID + RADIATION_MID + RAIN_LOW + TEMP_MID,NO2_MID + O3_MID,0.008319251267385936,0.3404255319148936,2.7742517129462674
RADIATION_HIGH + TEMP_HIGH,NO2_MID + O3_HIGH,0.027687508124268817,0.23406593406593407,2.7702603550295857
RAIN_LOW + TEMP_LOW + WIND_LOW,O3_LOW,0.06304432601065904,0.759592795614722,2.7701101572240137
HUMIDITY_HIGH + RAIN_HIGH + TEMP_LOW,O3_LOW,0.04185623293903549,0.7594339622641509,2.7695309180839596
RAIN_MID + TEMP_LOW,PM10_HIGH + PM25_HIGH,0.006304432601065904,0.305993690851735,2.7694228984969382
HUMIDITY_MID + TEMP_LOW,NO2_HIGH + PM25_HIGH,0.01910828025477707,0.28,2.7686889460154247
HUMIDITY_HIGH + TEMP_LOW,NO2_HIGH + PM10_HIGH + PM25_HIGH,0.03522682958533732,0.2400354295837024,2.7685045873874397
HUMIDITY_MID + RAIN_HIGH + TEMP_MID,NO2_LOW + O3_MID,0.006759391654751073,0.24074074074074073,2.768338592703316
RADIATION_MID + RAIN_LOW + TEMP_LOW,O3_LOW + PM10_HIGH,0.015468607825295723,0.36447166921898927,2.7665323643825204
HUMIDITY_LOW + RAIN_LOW + TEMP_HIGH,NO2_LOW + O3_HIGH,0.05251527362537372,0.4744568408690546,2.7661966478254163
HUMIDITY_LOW + RADIATION_HIGH + TEMP_MID,O3_HIGH + PM10_LOW,0.006824385805277525,0.25059665871121717,2.765911184311899
HUMIDITY_LOW + RADIATION_MID + WIND_LOW,PM10_HIGH,0.006044455998960093,0.6888888888888889,2.7638186295813414
HUMIDITY_MID + RAIN_LOW + TEMP_HIGH + WIND_HIGH,NO2_LOW + O3_HIGH,0.005914467697907188,0.4739583333333333,2.7632902298850572
RADIATION_LOW + TEMP_LOW + WIND_MID,NO2_HIGH + O3_LOW + PM10_HIGH,0.0074743273105420515,0.32212885154061627,2.7611557157682016
RADIATION_MID + TEMP_LOW + WIND_LOW,NO2_HIGH,0.016508514233718966,0.9103942652329751,2.760064268940799
HUMIDITY_MID + RADIATION_MID + RAIN_LOW + TEMP_LOW,PM10_HIGH,0.013323800857922787,0.6879194630872483,2.759929298320835
RADIATION_LOW + RAIN_LOW + WIND_LOW,PM25_HIGH,0.018003379695827375,0.36933333333333335,2.759865306783228
HUMIDITY_LOW + RAIN_LOW + TEMP_HIGH + WIND_MID,NO2_LOW + O3_HIGH,0.02131808137267646,0.4733044733044733,2.759478069822897
HUMIDITY_HIGH + RAIN_MID + TEMP_LOW,PM10_HIGH,0.009294163525282725,0.6875,2.758246414602347
HUMIDITY_LOW + TEMP_HIGH,NO2_LOW + PM10_MID,0.029897309242168206,0.22493887530562348,2.755501222493888
HUMIDITY_LOW + RAIN_LOW + TEMP_MID + WIND_HIGH,O3_MID + PM10_LOW,0.010464058234758872,0.2975970425138632,2.7550108881578215
HUMIDITY_LOW + RADIATION_HIGH + WIND_MID,NO2_LOW + PM10_MID,0.009164175224229819,0.22488038277511962,2.7547846889952154
RAIN_HIGH + TEMP_LOW,NO2_HIGH + O3_LOW + PM25_HIGH,0.015338619524242819,0.21591948764867339,2.754674325839543
RADIATION_LOW + RAIN_LOW + TEMP_LOW,NO2_HIGH + PM10_HIGH + PM25_HIGH,0.016053555180033798,0.23864734299516907,2.752494767109199
RADIATION_LOW + RAIN_LOW + TEMP_LOW,NO2_HIGH + PM10_HIGH,0.033082022617964384,0.49178743961352656,2.7505058327494436
RADIATION_HIGH + RAIN_LOW + WIND_LOW,O3_HIGH,0.013778759911607956,0.75177304964539,2.7487595394115902
HUMIDITY_MID + TEMP_LOW,NO2_HIGH + PM10_HIGH + PM25_HIGH,0.016248537631613155,0.23809523809523808,2.746126936531734
HUMIDITY_LOW + RADIATION_HIGH + RAIN_LOW + WIND_MID,O3_HIGH,0.028402443780059794,0.7508591065292096,2.745417826297153
RAIN_HIGH + TEMP_LOW,NO2_HIGH + O3_LOW,0.03867151956323931,0.5443732845379688,2.7452400379879345
RADIATION_HIGH + WIND_MID,NO2_LOW + PM10_MID,0.01488366047055765,0.22407045009784737,2.7448630136986307
HUMIDITY_MID + RAIN_HIGH + WIND_HIGH,NO2_LOW + O3_HIGH,0.017808397244248018,0.47079037800687284,2.744820294055985
HUMIDITY_LOW + RADIATION_HIGH + RAIN_LOW + TEMP_MID,O3_HIGH + PM10_LOW,0.005914467697907188,0.24863387978142076,2.7442473990795837
RAIN_LOW + TEMP_HIGH + WIND_MID,NO2_LOW + PM10_MID,0.01637852593266606,0.224,2.744
HUMIDITY_MID + RADIATION_HIGH + WIND_MID,NO2_LOW + O3_HIGH,0.010334069933705966,0.47041420118343197,2.7426270933718393
HUMIDITY_HIGH + RADIATION_LOW + RAIN_MID,PM10_HIGH,0.006304432601065904,0.6830985915492958,2.7405879868520118
HUMIDITY_MID + RADIATION_LOW + RAIN_LOW,O3_LOW,0.01488366047055765,0.7508196721311475,2.738116016925773
HUMIDITY_MID + RADIATION_HIGH + TEMP_HIGH + WIND_HIGH,NO2_LOW + PM10_LOW,0.007864292213700767,0.43214285714285716,2.7373198847262246
RADIATION_HIGH + TEMP_HIGH,O3_HIGH + PM10_LOW,0.02931236188743013,0.2478021978021978,2.7350678733031675
RAIN_LOW + TEMP_LOW,NO2_HIGH + PM25_HIGH,0.05556999870011699,0.27652005174644245,2.734278609364244
HUMIDITY_HIGH + RADIATION_MID + RAIN_HIGH + TEMP_MID,PM25_LOW,0.006109450149486546,0.4034334763948498,2.7320543432267423
RADIATION_LOW,O3_LOW + PM25_HIGH,0.04107630313271805,0.24496124031007752,2.7311403213122123
HUMIDITY_LOW + TEMP_HIGH + WIND_HIGH,O3_HIGH,0.031197192252697258,0.7465007776049767,2.7294821683056494
HUMIDITY_HIGH + RAIN_HIGH + TEMP_MID,NO2_MID + PM10_LOW,0.01813336799688028,0.25643382352941174,2.7285551928240173
HUMIDITY_MID + RADIATION_LOW + RAIN_LOW + WIND_LOW,NO2_HIGH,0.00994410503054725,0.9,2.728551724137931
HUMIDITY_HIGH + RAIN_LOW,PM25_HIGH,0.03483686468217861,0.3651226158038147,2.72840046952768
HUMIDITY_MID + RADIATION_HIGH + WIND_HIGH,O3_HIGH,0.018328350448459638,0.746031746031746,2.7277672158850867
HUMIDITY_HIGH + RAIN_LOW,NO2_HIGH + O3_LOW,0.05160535551800338,0.5408719346049047,2.7275829517637047
HUMIDITY_MID + RADIATION_MID + RAIN_LOW + TEMP_MID + WIND_LOW,O3_MID,0.008254257116859483,0.7426900584795323,2.726563884458622
RADIATION_LOW + WIND_LOW,NO2_HIGH + PM10_HIGH,0.04172624463798258,0.4874715261958998,2.7263674671210887
HUMIDITY_MID + RADIATION_MID + TEMP_LOW,PM10_HIGH,0.01390874821266086,0.6793650793650794,2.725609155439664
HUMIDITY_HIGH + RADIATION_LOW + RAIN_HIGH + TEMP_LOW,NO2_HIGH + PM25_HIGH,0.009294163525282725,0.27552986512524086,2.724487470962054
HUMIDITY_MID + RAIN_HIGH + TEMP_MID,NO2_LOW + PM25_LOW,0.006564409203171715,0.2337962962962963,2.7230808590573923
RADIATION_HIGH,O3_HIGH + PM10_LOW,0.041336279734823865,0.24670287044220326,2.7229342644359678
RADIATION_HIGH + WIND_LOW,NO2_MID + PM10_MID,0.005849473547380735,0.2857142857142857,2.721981424148607
HUMIDITY_LOW + RAIN_LOW + TEMP_HIGH + WIND_HIGH,O3_HIGH,0.0260626543611075,0.7439703153988868,2.7202298651918424
HUMIDITY_MID + RADIATION_HIGH + RAIN_LOW + TEMP_HIGH,NO2_MID + O3_HIGH,0.005329520343169115,0.22969187675070027,2.718491704374057
HUMIDITY_LOW + RADIATION_HIGH + WIND_MID,O3_HIGH,0.03028727414532692,0.7432216905901117,2.7174926167821907
RADIATION_HIGH + RAIN_HIGH + TEMP_MID,PM10_LOW,0.007344339009489146,0.738562091503268,2.7139996035035305
HUMIDITY_MID + TEMP_LOW,NO2_HIGH + O3_LOW,0.03672169504744573,0.5380952380952381,2.71358024691358
HUMIDITY_LOW + RADIATION_HIGH + WIND_HIGH,NO2_LOW + O3_HIGH,0.020993110620044195,0.4654178674351585,2.713497274860685
HUMIDITY_HIGH + RADIATION_LOW + RAIN_HIGH + WIND_HIGH,O3_MID + PM10_LOW,0.00519953204211621,0.29304029304029305,2.712826683945818
RADIATION_HIGH + RAIN_HIGH + WIND_HIGH,O3_HIGH,0.016963473287404135,0.7414772727272727,2.7111143816972003
HUMIDITY_HIGH + RADIATION_LOW + RAIN_LOW + TEMP_LOW + WIND_LOW,PM10_HIGH,0.019628233458988693,0.6756152125279642,2.710564709245178
HUMIDITY_HIGH + RADIATION_LOW,O3_LOW,0.0881970622643962,0.7431544359255202,2.7101621595520395
HUMIDITY_MID + RADIATION_HIGH + RAIN_LOW + WIND_HIGH,O3_HIGH,0.006499415052645262,0.7407407407407407,2.70842134910576
HUMIDITY_MID + RADIATION_MID + TEMP_MID + WIND_LOW,O3_MID,0.009294163525282725,0.7371134020618557,2.7060908623535465
HUMIDITY_MID + RADIATION_MID + RAIN_LOW + WIND_LOW,NO2_HIGH + PM10_HIGH + PM25_HIGH,0.006109450149486546,0.2344139650872818,2.703668116066655
RADIATION_LOW + TEMP_MID,NO2_MID + PM10_LOW,0.01163395294423502,0.25390070921985813,2.7016018755579094
RADIATION_MID + RAIN_HIGH + TEMP_MID,NO2_LOW + PM25_LOW,0.006174444300012999,0.23170731707317074,2.6987500230793375
RAIN_HIGH + TEMP_MID,O3_MID + PM10_LOW,0.0347068763811257,0.2914847161572052,2.698425898191793
HUMIDITY_LOW + TEMP_HIGH,NO2_LOW + O3_HIGH,0.061419472247497726,0.4621026894865526,2.6941689959985213
RADIATION_HIGH + TEMP_HIGH + WIND_HIGH,NO2_LOW + PM25_LOW,0.010334069933705966,0.2311046511627907,2.6917306304244493
RAIN_HIGH + TEMP_LOW,O3_LOW,0.05238528532432081,0.737419945105215,2.6892494134602605
HUMIDITY_LOW + TEMP_HIGH,O3_HIGH,0.09775120239178474,0.7354523227383863,2.689084942407988
HUMIDITY_LOW + RADIATION_HIGH + WIND_MID,NO2_LOW + O3_HIGH,0.018783309502144806,0.4609250398724083,2.6873030176115473
RAIN_LOW + TEMP_LOW,NO2_HIGH + O3_LOW,0.10704536591706747,0.5326649417852523,2.6861956061317245
RADIATION_LOW + TEMP_LOW + WIND_MID,O3_LOW + PM25_HIGH,0.005589496945274925,0.24089635854341737,2.685819835180449
HUMIDITY_HIGH + WIND_LOW,NO2_HIGH + O3_LOW,0.06291433770960614,0.5324532453245324,2.685128034271798
HUMIDITY_LOW + RADIATION_HIGH + RAIN_LOW + WIND_MID,NO2_LOW + O3_HIGH,0.017418432341089304,0.46048109965635736,2.6847147401715477
HUMIDITY_HIGH + RADIATION_LOW + TEMP_LOW,PM10_HIGH + PM25_HIGH,0.02339789418952294,0.29654036243822074,2.6838647155732143
HUMIDITY_MID + RAIN_HIGH + TEMP_MID,NO2_LOW + PM10_LOW,0.01189392954634083,0.4236111111111111,2.6832772974703807
RADIATION_LOW + RAIN_MID + TEMP_LOW,PM10_HIGH,0.006824385805277525,0.6687898089171974,2.6831812255541068
RAIN_MID + TEMP_LOW,NO2_HIGH + PM25_HIGH,0.005589496945274925,0.27129337539432175,2.6825963199338267
HUMIDITY_MID + RAIN_HIGH + TEMP_HIGH,NO2_LOW + PM25_LOW,0.009489145976862082,0.2302839116719243,2.6821712831069093
HUMIDITY_MID + RADIATION_HIGH + RAIN_HIGH,O3_HIGH,0.017093461588457037,0.7325905292479109,2.678621169916435
RAIN_LOW + TEMP_HIGH + WIND_HIGH,O3_HIGH + PM10_LOW,0.01169894709476147,0.24258760107816713,2.6775127906661975
RADIATION_HIGH + TEMP_MID + WIND_HIGH,NO2_LOW + PM10_LOW,0.00994410503054725,0.42265193370165743,2.6772015858104985
HUMIDITY_HIGH + RAIN_LOW + WIND_LOW,O3_LOW,0.04393604575588197,0.7339847991313789,2.676722000340222
RADIATION_HIGH + WIND_MID,NO2_LOW + O3_HIGH,0.030482256596906277,0.45890410958904115,2.675520511609317
RAIN_MID + TEMP_LOW + WIND_LOW,PM10_HIGH,0.005069543741063305,0.6666666666666666,2.674663189917427
RAIN_HIGH + TEMP_MID,NO2_LOW + O3_MID,0.027687508124268817,0.23253275109170304,2.6739528462607947
HUMIDITY_HIGH + RADIATION_LOW + TEMP_LOW,NO2_HIGH + PM10_HIGH,0.03769660730534252,0.47775947281713343,2.6720491634912453
HUMIDITY_HIGH + RADIATION_LOW + TEMP_MID,NO2_MID + PM10_LOW,0.008644222020018199,0.2509433962264151,2.6701349200135702
RADIATION_LOW + WIND_HIGH,O3_MID + PM10_LOW,0.011243988041076304,0.28833333333333333,2.6692519053349377
HUMIDITY_MID + RADIATION_LOW + WIND_LOW,NO2_HIGH,0.010984011438970492,0.8802083333333334,2.668548850574713
RADIATION_MID + RAIN_LOW + WIND_LOW,NO2_HIGH + PM25_HIGH,0.011828935395814377,0.2696296296296296,2.666144910977816
HUMIDITY_HIGH + RAIN_LOW + WIND_LOW,NO2_HIGH + PM10_HIGH,0.0285324320811127,0.4766558089033659,2.6658765088284944
HUMIDITY_MID + RADIATION_MID + RAIN_LOW + TEMP_MID,O3_MID,0.017743403093721567,0.726063829787234,2.665525670509755
HUMIDITY_HIGH + WIND_LOW,NO2_HIGH + PM25_HIGH,0.03184713375796178,0.26952695269526955,2.6651296235021964
TEMP_HIGH,O3_HIGH + PM10_MID,0.08130768230859223,0.2639797425617219,2.6650868235266754
RADIATION_HIGH + RAIN_LOW + WIND_HIGH,NO2_LOW + O3_HIGH,0.02203301702846744,0.4568733153638814,2.663680496471648
HUMIDITY_HIGH + RAIN_HIGH + TEMP_MID,NO2_LOW + O3_MID,0.01637852593266606,0.23161764705882354,2.663429833816935
RAIN_LOW + TEMP_LOW,NO2_HIGH + PM10_HIGH,0.09560639542441181,0.4757438551099612,2.6607760649661443
HUMIDITY_MID + RAIN_HIGH + TEMP_HIGH + WIND_HIGH,O3_HIGH,0.015273625373716366,0.7275541795665634,2.6602064179684284
HUMIDITY_HIGH + RADIATION_LOW + WIND_LOW,PM25_HIGH,0.024242818146366828,0.35591603053435117,2.6596037133567396
HUMIDITY_HIGH + RAIN_HIGH + TEMP_MID + WIND_HIGH,PM25_LOW,0.009034186923176915,0.3926553672316384,2.659064912071298
RADIATION_MID + WIND_HIGH,NO2_LOW + O3_MID,0.01117899389054985,0.23118279569892472,2.6584293681791147
TEMP_LOW,NO2_HIGH + O3_LOW,0.16248537631613155,0.5270925574530888,2.6580944244422238
HUMIDITY_HIGH + RADIATION_LOW + WIND_LOW,NO2_HIGH + PM10_HIGH,0.03236708696217341,0.47519083969465653,2.657683118699377
RADIATION_HIGH + RAIN_LOW + WIND_MID,O3_HIGH,0.039061484466398025,0.7267230955259976,2.6571676681946292
HUMIDITY_MID + RAIN_HIGH + WIND_HIGH,NO2_LOW + PM10_LOW,0.01585857272845444,0.4192439862542956,2.6556146449191402
HUMIDITY_MID + TEMP_LOW,NO2_HIGH + PM10_HIGH,0.03236708696217341,0.47428571428571437,2.6526208651399497
RAIN_LOW + TEMP_HIGH + WIND_HIGH,O3_HIGH,0.03496685298323151,0.7250673854447439,2.6511137814764334
HUMIDITY_HIGH + RADIATION_MID + RAIN_HIGH + TEMP_MID,PM10_LOW,0.01091901728844404,0.721030042918455,2.649574454345199
HUMIDITY_LOW + RADIATION_HIGH + RAIN_LOW + WIND_HIGH,NO2_LOW + O3_HIGH,0.017483426491615755,0.4543918918918919,2.6492132052476878
HUMIDITY_MID + RADIATION_MID + RAIN_LOW + TEMP_LOW + WIND_MID,NO2_HIGH,0.005849473547380735,0.8737864077669902,2.649079343823234
RADIATION_HIGH + RAIN_HIGH + TEMP_HIGH + WIND_MID,O3_HIGH,0.005979461848433641,0.7244094488188976,2.648708122511302
RADIATION_HIGH,NO2_LOW + O3_HIGH,0.07610815026647602,0.45422808378588053,2.648258164884258
RADIATION_LOW + RAIN_LOW + TEMP_LOW + WIND_LOW,NO2_HIGH,0.0371766541011309,0.8732824427480916,2.647551460910766
RADIATION_MID + TEMP_MID + WIND_MID,NO2_MID + O3_MID,0.008124268815806577,0.3246753246753247,2.645897534668721
HUMIDITY_HIGH + RADIATION_LOW + RAIN_HIGH + TEMP_LOW,NO2_HIGH + O3_LOW + PM10_HIGH,0.01039906408423242,0.30828516377649323,2.642493331401184
RAIN_LOW + WIND_LOW,NO2_HIGH + PM10_HIGH + PM25_HIGH,0.035616794488496036,0.22881002087682673,2.6390337190486175
HUMIDITY_MID + RADIATION_HIGH,O3_HIGH + PM10_MID,0.014688678018978291,0.261271676300578,2.6377467267458616
RADIATION_LOW,NO2_HIGH + O3_LOW + PM25_HIGH,0.03464188223059925,0.2065891472868217,2.6356389885199327
HUMIDITY_HIGH + RAIN_MID + WIND_LOW,O3_LOW,0.006434420902118809,0.7226277372262774,2.635304661048472
RADIATION_MID + RAIN_LOW + TEMP_MID,NO2_MID + O3_MID,0.015273625373716366,0.32324621733149933,2.634251218147483
RAIN_HIGH + TEMP_HIGH + WIND_HIGH,NO2_LOW + PM25_LOW,0.007669309762121409,0.2260536398467433,2.6329003048311828
HUMIDITY_HIGH + RAIN_HIGH + TEMP_MID + WIND_HIGH,NO2_LOW + PM25_LOW,0.00519953204211621,0.22598870056497175,2.632143941629565
HUMIDITY_HIGH + RADIATION_LOW,NO2_HIGH + O3_LOW,0.06193942545170934,0.5219058050383352,2.6319379601179365
HUMIDITY_HIGH + RADIATION_LOW + RAIN_LOW + TEMP_LOW + WIND_LOW,NO2_HIGH,0.025217730404263616,0.8680089485458613,2.631563681246625
HUMIDITY_LOW + TEMP_HIGH + WIND_HIGH,NO2_LOW + PM10_MID,0.008969192772650462,0.21461897356143078,2.6290824261275274
RADIATION_HIGH + WIND_MID,NO2_MID + O3_HIGH,0.014753672169504744,0.22211350293542076,2.6287987355110642
RADIATION_LOW + RAIN_LOW,O3_LOW,0.05901468867801898,0.7206349206349206,2.628037186273735
RADIATION_MID + RAIN_LOW + WIND_LOW,PM10_HIGH + PM25_HIGH,0.012738853503184714,0.2903703703703704,2.62802265795207
HUMIDITY_LOW + RADIATION_MID + TEMP_LOW,PM10_HIGH + PM25_HIGH,0.005069543741063305,0.2899628252788104,2.624334135141045
RADIATION_HIGH + WIND_LOW,O3_HIGH,0.014688678018978291,0.7174603174603175,2.623299535276722
HUMIDITY_MID + RAIN_LOW + TEMP_LOW + WIND_LOW,O3_LOW,0.017483426491615755,0.7192513368983957,2.62299148364985
RADIATION_MID + RAIN_LOW + TEMP_LOW + WIND_MID,PM25_HIGH,0.00519953204211621,0.3508771929824561,2.6219506999650655
HUMIDITY_MID + TEMP_HIGH + WIND_HIGH,O3_HIGH,0.024697777200051996,0.7169811320754716,2.6215474567759522
HUMIDITY_HIGH + RADIATION_LOW + RAIN_HIGH + TEMP_LOW,O3_LOW + PM10_HIGH,0.01163395294423502,0.3448940269749518,2.6179277252277298
RAIN_HIGH + TEMP_HIGH,NO2_LOW + O3_HIGH,0.03574678278954894,0.4489795918367347,2.6176582038651004
HUMIDITY_MID + TEMP_LOW,O3_LOW + PM10_HIGH,0.023527882490575847,0.34476190476190477,2.6169248478868607
RADIATION_HIGH + RAIN_LOW + WIND_MID,NO2_LOW + O3_HIGH,0.024112829845313922,0.4486094316807739,2.615500081788703
HUMIDITY_HIGH + RAIN_HIGH + TEMP_MID + WIND_HIGH,NO2_MID + PM10_LOW,0.0056544910958013775,0.2457627118644068,2.6150104320510117
HUMIDITY_HIGH + TEMP_MID + WIND_MID,NO2_MID + PM10_LOW,0.0056544910958013775,0.2457627118644068,2.6150104320510117
RAIN_LOW + TEMP_HIGH + WIND_LOW,O3_HIGH + PM10_MID,0.00844923956843884,0.25896414342629487,2.6144503351423705
HUMIDITY_HIGH + WIND_LOW,NO2_HIGH + PM10_HIGH + PM25_HIGH,0.02677759001689848,0.22662266226622663,2.6138053085668385
HUMIDITY_LOW + RAIN_LOW + TEMP_HIGH + WIND_HIGH,NO2_LOW + PM10_MID,0.0074743273105420515,0.21335807050092764,2.6136363636363638
HUMIDITY_MID + TEMP_LOW,O3_LOW + PM25_HIGH,0.015988561029507343,0.23428571428571426,2.6121159420289852
RAIN_LOW + TEMP_HIGH + WIND_HIGH,NO2_LOW + PM10_MID,0.010269075783179513,0.21293800539083557,2.608490566037736
HUMIDITY_MID + RADIATION_HIGH + RAIN_LOW,NO2_LOW + PM10_MID,0.006434420902118809,0.2129032258064516,2.608064516129032
RADIATION_HIGH + WIND_MID,O3_HIGH,0.047315741583257506,0.7123287671232877,2.604536694619512
HUMIDITY_MID + RADIATION_MID + RAIN_LOW + TEMP_LOW,NO2_HIGH,0.016638502534771872,0.8590604026845637,2.6044341587595463
RADIATION_LOW + RAIN_HIGH + TEMP_LOW,NO2_HIGH + PM25_HIGH,0.00994410503054725,0.2633390705679862,2.603942763341283
RADIATION_HIGH + RAIN_HIGH + TEMP_HIGH,O3_HIGH + PM10_MID,0.006889379955803978,0.25790754257907544,2.603783103754367
HUMIDITY_MID + RAIN_LOW + TEMP_LOW + WIND_MID,NO2_HIGH + O3_LOW,0.007344339009489146,0.5159817351598174,2.602063250465077
HUMIDITY_MID + RADIATION_LOW + RAIN_LOW + TEMP_LOW,NO2_HIGH,0.014168724814766671,0.858267716535433,2.6020309530274233
RAIN_LOW + TEMP_LOW + WIND_LOW,NO2_HIGH,0.07123358897699207,0.8582615505090054,2.6020122593362673
RADIATION_LOW + TEMP_LOW + WIND_LOW,NO2_HIGH,0.05725984661380476,0.8570038910505836,2.5981993827988727
RADIATION_LOW,NO2_HIGH + O3_LOW + PM10_HIGH,0.05082542571168595,0.30310077519379847,2.59805488976701
HUMIDITY_HIGH + RADIATION_LOW + RAIN_LOW + TEMP_LOW,PM10_HIGH,0.024112829845313922,0.6474694589877836,2.5976440928255644
RADIATION_LOW + RAIN_LOW + TEMP_LOW + WIND_LOW,PM10_HIGH,0.02755751982321591,0.6473282442748092,2.597077540133563
HUMIDITY_MID + RADIATION_HIGH,O3_HIGH,0.03990640842324191,0.7098265895953757,2.595387810721115
HUMIDITY_HIGH + TEMP_LOW,PM25_HIGH,0.050955414012738856,0.34720992028343667,2.5945467865376184
RADIATION_LOW + TEMP_LOW + WIND_MID,O3_LOW + PM10_HIGH,0.00792928636422722,0.3417366946778712,2.5939619064201906
HUMIDITY_MID + RADIATION_LOW,NO2_HIGH + O3_LOW + PM25_HIGH,0.0056544910958013775,0.20327102803738317,2.59330683033431
RADIATION_HIGH + RAIN_HIGH + TEMP_HIGH,NO2_LOW + PM10_MID,0.0056544910958013775,0.2116788321167883,2.593065693430657
RADIATION_LOW + RAIN_LOW + WIND_MID,O3_LOW,0.010529052385285325,0.7105263157894737,2.591172764810818
HUMIDITY_HIGH + RADIATION_LOW + WIND_LOW,PM10_HIGH + PM25_HIGH,0.019498245157935787,0.2862595419847328,2.5908172429277054
HUMIDITY_MID + RADIATION_MID + TEMP_LOW + WIND_MID,NO2_HIGH,0.006109450149486546,0.8545454545454545,2.590746081504702
TEMP_HIGH + WIND_HIGH,O3_HIGH + PM10_MID,0.021513063824255815,0.2565891472868217,2.5904728478707604
HUMIDITY_LOW + RADIATION_HIGH + TEMP_MID,NO2_MID + PM10_LOW,0.006629403353698167,0.24343675417661098,2.5902613414670377
HUMIDITY_MID + RADIATION_HIGH + RAIN_HIGH + WIND_HIGH,NO2_LOW,0.012738853503184714,0.8558951965065502,2.5897352002851095
HUMIDITY_MID + RADIATION_LOW,O3_LOW + PM10_HIGH,0.009489145976862082,0.3411214953271028,2.589292218600298
RADIATION_LOW + WIND_HIGH,NO2_MID + PM10_LOW,0.009489145976862082,0.24333333333333335,2.5891609036422314
RAIN_LOW + TEMP_HIGH + WIND_MID,O3_HIGH,0.051735343819056284,0.7075555555555556,2.587084072665822
HUMIDITY_MID + TEMP_LOW + WIND_LOW,O3_LOW,0.018718315351618355,0.7093596059113301,2.586917965525415
RAIN_LOW + TEMP_HIGH,NO2_LOW + PM10_MID,0.04302612764851163,0.2110969387755102,2.5859375
HUMIDITY_HIGH + RADIATION_LOW + RAIN_LOW + WIND_LOW,PM10_HIGH,0.02131808137267646,0.6444007858546169,2.5853325922188097
HUMIDITY_MID + RADIATION_LOW + TEMP_LOW,NO2_HIGH + PM25_HIGH,0.005589496945274925,0.2613981762917933,2.5847508614559973
HUMIDITY_LOW + RADIATION_LOW,O3_MID + PM10_LOW,0.005784479396854283,0.27899686520376177,2.5828193550090726
HUMIDITY_LOW + RADIATION_MID + RAIN_LOW + TEMP_MID,NO2_MID + O3_MID,0.005004549590536852,0.3168724279835391,2.5823088860989047
TEMP_HIGH + WIND_MID,NO2_LOW + PM10_MID,0.020473157415832575,0.21070234113712374,2.581103678929766
RADIATION_LOW,O3_LOW + PM10_HIGH,0.05699987001169895,0.33992248062015507,2.580191064046229
HUMIDITY_MID + RAIN_LOW + TEMP_LOW + WIND_MID,NO2_HIGH + PM10_HIGH,0.006564409203171715,0.4611872146118721,2.5793625896104198
HUMIDITY_LOW + RADIATION_HIGH + TEMP_HIGH + WIND_HIGH,NO2_LOW + PM25_LOW,0.0055245027947484725,0.22135416666666666,2.578164427201615
HUMIDITY_MID + RAIN_LOW + TEMP_HIGH,NO2_MID + O3_HIGH,0.014168724814766671,0.2177822177822178,2.5775363098440023
HUMIDITY_MID + RADIATION_LOW + RAIN_LOW + TEMP_LOW + WIND_LOW,PM10_HIGH,0.006304432601065904,0.6423841059602649,2.577241682999905
HUMIDITY_HIGH + WIND_LOW,O3_LOW,0.08345248927596516,0.7062706270627063,2.5756529670506754
RADIATION_HIGH + RAIN_HIGH,O3_HIGH,0.026127648511633954,0.7040280210157618,2.5741861053584865
HUMIDITY_HIGH + RADIATION_LOW + TEMP_LOW + WIND_LOW,NO2_HIGH,0.04419602235798778,0.8489388264669163,2.573748331826596
RAIN_LOW + TEMP_HIGH,O3_HIGH,0.1433770960613545,0.7034438775510204,2.5720502614068446
RADIATION_MID + RAIN_LOW + TEMP_MID + WIND_MID,O3_MID,0.010334069933705966,0.7004405286343612,2.5714574024262187
HUMIDITY_MID + RAIN_LOW + TEMP_HIGH + WIND_HIGH,O3_HIGH,0.008774210321071103,0.703125,2.570884327471483
HUMIDITY_MID + RADIATION_MID + TEMP_LOW,NO2_HIGH,0.01735343819056285,0.8476190476190476,2.5697471264367815
HUMIDITY_MID + RADIATION_MID + RAIN_LOW + WIND_MID,NO2_MID + O3_MID,0.006369426751592357,0.31511254019292606,2.567966919178157
RADIATION_MID + RAIN_HIGH + TEMP_MID,PM10_LOW + PM25_LOW,0.007799298063174314,0.2926829268292683,2.567399949940206
HUMIDITY_MID + RAIN_LOW + TEMP_LOW,PM10_HIGH + PM25_HIGH,0.015468607825295723,0.2836710369487485,2.567389749702026
HUMIDITY_HIGH + WIND_HIGH,O3_MID + PM10_LOW,0.012868841804237618,0.2773109243697479,2.56721172223402
RADIATION_LOW + RAIN_LOW,NO2_HIGH + PM25_HIGH,0.021253087222150007,0.25952380952380955,2.5662167952013712
HUMIDITY_MID + TEMP_HIGH + WIND_HIGH,NO2_LOW + PM10_MID,0.007214350708436241,0.20943396226415095,2.5655660377358496
HUMIDITY_MID + RADIATION_HIGH + RAIN_LOW,O3_HIGH,0.021188093071623552,0.7010752688172043,2.563389754282677
HUMIDITY_LOW + RADIATION_HIGH + RAIN_HIGH,O3_HIGH,0.006239438450539451,0.7007299270072993,2.562127057256252
HUMIDITY_HIGH + RAIN_HIGH + TEMP_LOW + WIND_LOW,NO2_HIGH + PM10_HIGH + PM25_HIGH,0.005784479396854283,0.22194513715710723,2.559855982233322
HUMIDITY_HIGH + RADIATION_LOW + WIND_MID,O3_LOW,0.016638502534771872,0.7013698630136986,2.557780685548416
HUMIDITY_MID + RADIATION_HIGH + RAIN_HIGH + TEMP_HIGH + WIND_HIGH,NO2_LOW,0.009229169374756272,0.8452380952380952,2.557489347754834
TEMP_HIGH + WIND_MID,NO2_MID + O3_HIGH,0.020993110620044195,0.21605351170568562,2.5570764085412914
RAIN_HIGH + TEMP_LOW + WIND_LOW,NO2_HIGH + PM10_HIGH + PM25_HIGH,0.006109450149486546,0.22169811320754718,2.5570068739215297
HUMIDITY_LOW + RADIATION_HIGH + RAIN_LOW,O3_HIGH,0.06525412712855842,0.6991643454038996,2.556402713494392
HUMIDITY_MID + RADIATION_HIGH + WIND_MID,O3_HIGH,0.015338619524242819,0.6982248520710059,2.552967579364187
HUMIDITY_HIGH + RAIN_MID,NO2_HIGH + PM10_HIGH,0.008774210321071103,0.4560810810810811,2.5508046214153084
HUMIDITY_MID + RADIATION_LOW + RAIN_LOW,NO2_HIGH + PM10_HIGH,0.009034186923176915,0.4557377049180328,2.5488841613481834
RADIATION_LOW + WIND_LOW,PM25_HIGH,0.029182373586377226,0.34092634776006076,2.5475924170161703
HUMIDITY_MID + RADIATION_HIGH + WIND_MID,O3_HIGH + PM10_LOW,0.005069543741063305,0.23076923076923078,2.54706985983887
RADIATION_LOW,NO2_HIGH + O3_LOW,0.08468737813596776,0.5050387596899225,2.5468785174005726
HUMIDITY_MID + RADIATION_LOW + TEMP_LOW + WIND_LOW,PM10_HIGH,0.006889379955803978,0.6347305389221557,2.546535611957311
TEMP_LOW + WIND_LOW,NO2_HIGH,0.09924606785389314,0.8399339933993399,2.546448162057585
RAIN_MID + TEMP_LOW,PM25_HIGH,0.007019368256856883,0.34069400630914826,2.545856231701095
TEMP_LOW + WIND_MID,NO2_HIGH + O3_LOW,0.02807747302742753,0.5046728971962616,2.5450334959887515
RADIATION_HIGH + RAIN_LOW,O3_HIGH,0.08754712075913168,0.6954052658750646,2.542658132308399
RADIATION_LOW + RAIN_LOW + WIND_LOW,NO2_HIGH,0.0408813206811387,0.8386666666666667,2.5426059770114944
HUMIDITY_LOW + RADIATION_HIGH,O3_HIGH,0.07207851293383595,0.6952978056426332,2.5422652180650083
HUMIDITY_MID + TEMP_LOW + WIND_MID,NO2_HIGH + O3_LOW,0.00818926296633303,0.504,2.5416401179941004
RADIATION_LOW + TEMP_LOW,NO2_HIGH + PM10_HIGH + PM25_HIGH,0.025412712855842973,0.22028169014084506,2.540670228266148
HUMIDITY_HIGH + TEMP_HIGH,NO2_LOW + O3_MID,0.006174444300012999,0.22093023255813954,2.5405325546633297
HUMIDITY_MID + RADIATION_HIGH + RAIN_LOW + WIND_MID,O3_HIGH,0.010334069933705966,0.6943231441048034,2.5387014960067744
TEMP_HIGH + WIND_HIGH,O3_HIGH,0.0581697647211751,0.6937984496124031,2.5367830194240577
HUMIDITY_HIGH + RADIATION_LOW + RAIN_HIGH + WIND_LOW,O3_LOW + PM10_HIGH,0.009814116729494346,0.334070796460177,2.5357736923217975
RADIATION_HIGH,O3_HIGH,0.11614454699077083,0.6931730023273855,2.5344961534717574
RADIATION_MID + WIND_LOW,NO2_HIGH + PM10_HIGH + PM25_HIGH,0.011763941245287924,0.2196601941747573,2.533502059649787
HUMIDITY_LOW + RAIN_LOW + WIND_MID,O3_HIGH + PM10_MID,0.019043286104250618,0.2508561643835616,2.532593796066587
RADIATION_MID + RAIN_LOW + TEMP_HIGH,NO2_MID + O3_HIGH,0.00519953204211621,0.21390374331550802,2.5316330728095435
HUMIDITY_HIGH + RAIN_HIGH + TEMP_LOW,NO2_HIGH + PM25_HIGH,0.014103730664240218,0.25589622641509435,2.530346619294757
HUMIDITY_MID + RAIN_LOW + TEMP_LOW,NO2_HIGH,0.04549590536851683,0.834326579261025,2.52944802926308
RADIATION_HIGH + WIND_HIGH,NO2_LOW + PM25_LOW,0.015793578577927986,0.21715817694369974,2.5292927406932355
HUMIDITY_LOW + RADIATION_HIGH + RAIN_LOW + TEMP_MID,NO2_MID + PM10_LOW,0.0056544910958013775,0.23770491803278687,2.529272385098519
HUMIDITY_MID + RADIATION_MID + RAIN_LOW + WIND_LOW,PM10_HIGH + PM25_HIGH,0.007279344858962694,0.2793017456359102,2.527845093149479
HUMIDITY_HIGH + RAIN_LOW + TEMP_LOW + WIND_LOW,NO2_HIGH,0.038086572208501236,0.833570412517781,2.5271555402952863
HUMIDITY_HIGH + RADIATION_LOW + RAIN_LOW + WIND_LOW,NO2_HIGH,0.02755751982321591,0.8330058939096268,2.525444075604634
HUMIDITY_HIGH + RADIATION_LOW + RAIN_HIGH + WIND_LOW,NO2_HIGH + O3_LOW + PM10_HIGH,0.008644222020018199,0.2942477876106195,2.5221707299036162
HUMIDITY_HIGH + RAIN_LOW,O3_LOW,0.06596906278434941,0.6914168937329701,2.5214838414258067
HUMIDITY_MID + RADIATION_HIGH + RAIN_LOW + WIND_MID,NO2_LOW + O3_HIGH,0.006434420902118809,0.43231441048034935,2.520496218132116
RADIATION_LOW,O3_LOW,0.11581957623813857,0.6906976744186046,2.5188609667230746
TEMP_HIGH + WIND_HIGH,NO2_LOW + PM10_MID,0.017223449889509943,0.2054263565891473,2.5164728682170545
HUMIDITY_LOW + RADIATION_HIGH,NO2_LOW + O3_HIGH,0.04465098141167295,0.4307210031347962,2.51120627291852
HUMIDITY_HIGH + RADIATION_LOW + RAIN_HIGH + TEMP_LOW + WIND_LOW,NO2_HIGH,0.015013648771610554,0.8279569892473119,2.5101371894697815
HUMIDITY_HIGH + RADIATION_MID + RAIN_HIGH,NO2_LOW + PM25_LOW,0.005069543741063305,0.2154696132596685,2.5096256393741556
HUMIDITY_LOW + TEMP_LOW + WIND_LOW,NO2_HIGH + O3_LOW,0.006629403353698167,0.4975609756097561,2.5091685253135716
HUMIDITY_HIGH + TEMP_LOW,PM10_HIGH + PM25_HIGH,0.04068633822955934,0.27723649247121346,2.5091533371541708
RADIATION_LOW + RAIN_HIGH + TEMP_LOW + WIND_LOW,NO2_HIGH,0.015598596126348629,0.8275862068965517,2.509013079667063
HUMIDITY_MID + RAIN_HIGH + TEMP_HIGH,O3_HIGH,0.028272455479006888,0.6861198738170347,2.508707314293939
RADIATION_LOW + RAIN_HIGH + TEMP_LOW,NO2_HIGH + O3_LOW + PM10_HIGH,0.011049005589496945,0.29259896729776247,2.508037721918314
HUMIDITY_HIGH + RADIATION_LOW + RAIN_LOW + TEMP_LOW,NO2_HIGH,0.03080722734953854,0.8272251308900523,2.507918396822531
HUMIDITY_HIGH + RAIN_MID,PM10_HIGH + PM25_HIGH,0.005329520343169115,0.27702702702702703,2.5072575516693165
RADIATION_HIGH + RAIN_HIGH + TEMP_HIGH + WIND_HIGH,NO2_LOW,0.013193812556869881,0.8285714285714286,2.5070599803343168
HUMIDITY_MID + TEMP_HIGH + WIND_HIGH,NO2_LOW + PM25_LOW,0.007409333160015599,0.21509433962264152,2.505254738405725
HUMIDITY_MID + RAIN_HIGH,NO2_LOW + PM25_LOW,0.016313531782139606,0.21508140531276776,2.5051040894339476
HUMIDITY_HIGH + TEMP_MID + WIND_HIGH,NO2_MID + PM10_LOW,0.005979461848433641,0.23529411764705882,2.50362053535107
HUMIDITY_LOW + RAIN_LOW + WIND_MID,NO2_MID + O3_HIGH,0.016053555180033798,0.21147260273972604,2.502859589041096
RADIATION_MID + RAIN_LOW + TEMP_MID + WIND_LOW,NO2_MID + O3_MID,0.005329520343169115,0.30711610486891383,2.502801053767536
RADIATION_MID + TEMP_LOW + WIND_MID,PM25_HIGH,0.0055245027947484725,0.33464566929133854,2.5006596734903033
RAIN_HIGH + WIND_HIGH,NO2_LOW + PM25_LOW,0.01884830365267126,0.2146558105107328,2.500147085933486
HUMIDITY_LOW + TEMP_HIGH + WIND_HIGH,NO2_LOW + PM25_LOW,0.008969192772650462,0.21461897356143078,2.4997180372567556
HUMIDITY_MID + RADIATION_MID + WIND_LOW,NO2_HIGH + PM10_HIGH + PM25_HIGH,0.006239438450539451,0.21670428893905191,2.499409437493443
HUMIDITY_MID + RADIATION_LOW + TEMP_LOW,NO2_HIGH + PM10_HIGH,0.009554140127388535,0.44680851063829785,2.4989442910508366
RADIATION_LOW + RAIN_LOW,NO2_HIGH + PM10_HIGH,0.03652671259586637,0.44603174603174606,2.4945999434549053
RADIATION_LOW + WIND_LOW,PM10_HIGH + PM25_HIGH,0.023592876641102302,0.275626423690205,2.4945812675867614
RAIN_LOW + TEMP_MID + WIND_MID,NO2_MID + O3_MID,0.012088911997920187,0.3059210526315789,2.4930621376003566
RADIATION_LOW + RAIN_HIGH + WIND_LOW,O3_LOW + PM10_HIGH,0.010074093331600156,0.3283898305084746,2.4926521619158315
HUMIDITY_LOW + RADIATION_MID + TEMP_MID,NO2_MID + O3_MID,0.0052645261926426625,0.30566037735849055,2.4909377998081226
RADIATION_MID + RAIN_LOW + TEMP_MID + WIND_LOW,O3_MID,0.011763941245287924,0.6779026217228464,2.488716234270512
HUMIDITY_MID + RAIN_LOW + TEMP_MID,NO2_MID + O3_MID,0.016313531782139606,0.30535279805352794,2.488431223967998
RADIATION_HIGH + RAIN_LOW + TEMP_HIGH + WIND_HIGH,NO2_LOW + PM25_LOW,0.005914467697907188,0.2136150234741784,2.488024792712876
HUMIDITY_MID + RAIN_LOW + TEMP_HIGH + WIND_MID,O3_HIGH + PM10_MID,0.006564409203171715,0.24634146341463414,2.4870142756545675
RADIATION_MID + RAIN_LOW + TEMP_LOW + WIND_MID,NO2_HIGH,0.01215390614844664,0.8201754385964912,2.4865456745311554
HUMIDITY_LOW + RAIN_LOW + TEMP_LOW + WIND_LOW,NO2_HIGH,0.01065904068633823,0.82,2.486013793103448
HUMIDITY_MID + RAIN_LOW + TEMP_MID + WIND_MID,O3_MID,0.01143897049265566,0.676923076923077,2.485120129214618
HUMIDITY_MID + RAIN_LOW + TEMP_LOW,PM25_HIGH,0.01813336799688028,0.33253873659118,2.4849154935366173
HUMIDITY_LOW + TEMP_LOW + WIND_LOW,NO2_HIGH,0.01091901728844404,0.8195121951219512,2.484534903280067
HUMIDITY_LOW + WIND_MID,O3_HIGH + PM10_MID,0.02027817496425322,0.24605678233438485,2.484140192255148
RAIN_LOW + TEMP_MID + WIND_HIGH,O3_MID + PM10_LOW,0.012933835954764071,0.26819407008086255,2.4828122516631477
HUMIDITY_HIGH + RADIATION_LOW + TEMP_MID + WIND_LOW,O3_LOW,0.009554140127388535,0.6805555555555556,2.481874325142872
HUMIDITY_HIGH + RAIN_LOW,NO2_HIGH + PM10_HIGH,0.042311191992720654,0.4434604904632153,2.4802192316492295
HUMIDITY_MID + RAIN_HIGH + TEMP_MID,O3_HIGH + PM10_LOW,0.006304432601065904,0.22453703703703703,2.4782832509697643
HUMIDITY_LOW + RAIN_LOW + TEMP_MID + WIND_HIGH,NO2_MID + PM10_LOW,0.00818926296633303,0.23290203327171904,2.4781678312023994
RADIATION_HIGH + TEMP_MID,O3_MID + PM10_LOW,0.011308982191602755,0.2676923076923077,2.4781671757845043
HUMIDITY_MID + RAIN_LOW + TEMP_LOW + WIND_LOW,PM10_HIGH,0.015013648771610554,0.6176470588235294,2.477996778894087
HUMIDITY_MID + RADIATION_LOW + RAIN_LOW + WIND_LOW,PM10_HIGH,0.006824385805277525,0.6176470588235294,2.477996778894087
HUMIDITY_MID + RAIN_LOW + TEMP_LOW + WIND_MID,NO2_HIGH,0.01163395294423502,0.817351598173516,2.477984569359156
RADIATION_LOW + RAIN_HIGH + TEMP_MID + WIND_HIGH,PM10_LOW,0.007669309762121409,0.6742857142857143,2.4778027227131596
HUMIDITY_MID + RAIN_HIGH + TEMP_HIGH,NO2_LOW + PM10_LOW,0.01611854933056025,0.3911671924290221,2.4777679797089065
RADIATION_MID + RAIN_LOW + WIND_LOW,NO2_HIGH + PM10_HIGH,0.019433251007409332,0.44296296296296295,2.477436622373009
HUMIDITY_HIGH + RADIATION_LOW + RAIN_LOW,PM10_HIGH,0.02684258416742493,0.617339312406577,2.47676210187421
RADIATION_LOW + RAIN_LOW + WIND_LOW,PM10_HIGH,0.030092291693747563,0.6173333333333333,2.4767381138635374
HUMIDITY_HIGH + TEMP_MID + WIND_HIGH,PM25_LOW,0.009294163525282725,0.3657289002557545,2.476718688087605
HUMIDITY_HIGH + TEMP_LOW + WIND_LOW,NO2_HIGH,0.06408423241908229,0.8169014084507044,2.4766197183098595
HUMIDITY_HIGH + RAIN_MID,O3_LOW,0.013063824255816977,0.6790540540540541,2.4763985957989276
RADIATION_HIGH + RAIN_LOW + TEMP_MID,NO2_MID + PM10_LOW,0.007214350708436241,0.23270440251572327,2.476064963421105
HUMIDITY_HIGH + RAIN_HIGH + TEMP_MID,PM10_LOW + PM25_LOW,0.019953204211620956,0.2821691176470588,2.475173343282581
RAIN_LOW + WIND_LOW,NO2_HIGH + PM25_HIGH,0.038931496165345116,0.2501043841336117,2.4730758703597364
HUMIDITY_LOW + RADIATION_HIGH + RAIN_LOW,NO2_LOW + O3_HIGH,0.03958143767060965,0.42409470752089135,2.47257338761517
TEMP_LOW,NO2_HIGH + PM25_HIGH,0.0770830625243728,0.2500527092557453,2.4725649001342527
HUMIDITY_LOW + RADIATION_MID + RAIN_LOW + TEMP_LOW,PM25_HIGH,0.005589496945274925,0.33076923076923076,2.471692756005529
RADIATION_LOW + RAIN_LOW,NO2_HIGH + PM10_HIGH + PM25_HIGH,0.017548420642142206,0.21428571428571427,2.4715142428785604
HUMIDITY_MID + RADIATION_MID + RAIN_LOW + WIND_LOW,PM10_HIGH,0.016053555180033798,0.6159600997506235,2.471228707891289
HUMIDITY_LOW + RAIN_LOW + TEMP_LOW + WIND_LOW,NO2_HIGH + O3_LOW,0.006369426751592357,0.49,2.4710390036053753
RADIATION_LOW + RAIN_HIGH + WIND_LOW,NO2_HIGH + O3_LOW + PM10_HIGH,0.008839204471597556,0.288135593220339,2.469779519380577
HUMIDITY_HIGH + RADIATION_LOW + TEMP_LOW + WIND_HIGH,O3_LOW,0.005589496945274925,0.6771653543307086,2.4695108181399106
HUMIDITY_HIGH + RADIATION_LOW + TEMP_LOW + WIND_LOW,PM10_HIGH,0.032042116209541144,0.6154806491885144,2.4693051547365013
RADIATION_LOW + RAIN_HIGH + TEMP_LOW,O3_LOW + PM10_HIGH,0.012283894449499545,0.3253012048192771,2.4692078625305367
HUMIDITY_MID + RADIATION_HIGH + RAIN_LOW,NO2_MID + O3_HIGH,0.006304432601065904,0.2086021505376344,2.4688866832092637
HUMIDITY_MID + TEMP_MID + WIND_HIGH,NO2_LOW + PM25_LOW,0.0055245027947484725,0.2119700748129676,2.4688656858988036
HUMIDITY_MID + RADIATION_MID + TEMP_MID + WIND_MID,O3_MID,0.007864292213700767,0.6722222222222223,2.4678623505395163
HUMIDITY_MID + RAIN_LOW + TEMP_MID + WIND_LOW,NO2_MID + O3_MID,0.005589496945274925,0.3028169014084507,2.4677652781093338
RADIATION_HIGH + RAIN_HIGH + WIND_HIGH,NO2_LOW,0.0186533212010919,0.8153409090909091,2.4670275766514704
RADIATION_LOW + TEMP_LOW,PM25_HIGH,0.038021578057974785,0.3295774647887324,2.4627872138122564
HUMIDITY_LOW + RADIATION_MID + RAIN_LOW + TEMP_MID,O3_MID,0.010594046535811776,0.6707818930041153,2.462574613639064
HUMIDITY_MID + RADIATION_LOW,O3_LOW,0.018783309502144806,0.6752336448598131,2.4624661909962273
RAIN_LOW + TEMP_HIGH + WIND_MID,NO2_LOW + O3_HIGH,0.030872221500064995,0.4222222222222222,2.4616563513115235
HUMIDITY_MID + RADIATION_HIGH + RAIN_HIGH,NO2_LOW,0.018978291953724163,0.8133704735376045,2.4610655075417074
HUMIDITY_MID + RADIATION_HIGH + RAIN_HIGH + TEMP_HIGH,NO2_LOW,0.014428701416872481,0.8131868131868132,2.460509795023069
RADIATION_HIGH + WIND_HIGH,O3_HIGH,0.04894059534641882,0.6729222520107239,2.4604519414061308
RADIATION_LOW + RAIN_MID,PM10_HIGH,0.007214350708436241,0.6132596685082873,2.4603945918301195
RAIN_HIGH + WIND_HIGH,NO2_LOW + O3_MID,0.018783309502144806,0.21391561806069578,2.4598697305544586
RADIATION_MID + RAIN_LOW + TEMP_MID,O3_MID,0.03165215130638242,0.669876203576341,2.459249646438937
RADIATION_MID + TEMP_MID + WIND_LOW,O3_MID,0.01488366047055765,0.6695906432748538,2.4582012974056076
HUMIDITY_HIGH + RADIATION_LOW + RAIN_HIGH + TEMP_MID + WIND_HIGH,PM10_LOW,0.00669439750422462,0.6688311688311688,2.4577588640163275
RADIATION_MID + RAIN_LOW + TEMP_LOW,PM10_HIGH,0.025997660210581048,0.6125574272588055,2.4575772035994734
RADIATION_HIGH + WIND_HIGH,NO2_LOW + PM10_LOW,0.028207461328480437,0.387846291331546,2.456732415984836
RADIATION_MID + RAIN_HIGH,NO2_LOW + PM25_LOW,0.009294163525282725,0.21091445427728614,2.4565706233991857
RADIATION_MID + RAIN_HIGH + TEMP_MID + WIND_HIGH,PM10_LOW,0.008124268815806577,0.6684491978609626,2.456355232454925
RAIN_MID + TEMP_LOW,PM10_HIGH,0.012608865202131808,0.61198738170347,2.4552901838043257
HUMIDITY_HIGH + TEMP_LOW,NO2_HIGH + PM10_HIGH,0.06440920317171454,0.43888396811337466,2.454623312756228
HUMIDITY_LOW + RADIATION_MID + TEMP_LOW,NO2_HIGH + O3_LOW + PM10_HIGH,0.005004549590536852,0.2862453531598513,2.4535771608453882
RADIATION_HIGH + RAIN_LOW + TEMP_MID,O3_HIGH + PM10_LOW,0.006889379955803978,0.2222222222222222,2.4527339391040965
HUMIDITY_HIGH + RAIN_LOW + WIND_MID,O3_LOW + PM10_HIGH,0.00545950864422202,0.3230769230769231,2.4523243899662255
RADIATION_LOW + TEMP_LOW,NO2_HIGH + PM10_HIGH,0.050565449109580135,0.4383098591549296,2.4514123929326597
HUMIDITY_HIGH + RAIN_HIGH + TEMP_MID + WIND_HIGH,NO2_LOW + PM10_LOW,0.008904198622124009,0.3870056497175141,2.4514075448965302
HUMIDITY_MID + RAIN_HIGH + TEMP_HIGH + WIND_HIGH,NO2_LOW + PM10_LOW,0.008124268815806577,0.38699690402476783,2.451352147107895
RADIATION_MID + TEMP_MID + WIND_HIGH,NO2_LOW + PM10_LOW,0.010334069933705966,0.38686131386861317,2.4504932792023393
HUMIDITY_HIGH + RAIN_HIGH + WIND_LOW,O3_LOW + PM25_HIGH,0.010854023137917588,0.21973684210526315,2.449906559877956
HUMIDITY_HIGH + RAIN_HIGH + WIND_HIGH,PM10_LOW + PM25_LOW,0.010854023137917588,0.2792642140468227,2.4496916746433377
RADIATION_HIGH + RAIN_LOW + WIND_HIGH,O3_HIGH + PM10_MID,0.01169894709476147,0.24258760107816713,2.4491160303075326
HUMIDITY_MID + TEMP_MID + WIND_HIGH,NO2_LOW + PM10_LOW,0.010074093331600156,0.3865336658354115,2.4484178602485143
HUMIDITY_HIGH + RADIATION_LOW + RAIN_HIGH + TEMP_LOW,PM25_HIGH,0.011049005589496945,0.32755298651252407,2.4476591794471565
RADIATION_LOW + RAIN_LOW + TEMP_LOW,PM25_HIGH,0.02203301702846744,0.32753623188405795,2.4475339794891284
RADIATION_HIGH + RAIN_LOW,NO2_LOW + O3_HIGH,0.05284024437800598,0.41972121837893656,2.4470749018485476
RADIATION_HIGH,NO2_MID + O3_HIGH,0.03464188223059925,0.20674941815360745,2.4469588828549265
RADIATION_MID + RAIN_LOW + TEMP_LOW + WIND_MID,PM10_HIGH,0.009034186923176915,0.6096491228070176,2.4459091013060683
HUMIDITY_HIGH + RADIATION_LOW + WIND_MID,NO2_HIGH + O3_LOW,0.011503964643182114,0.4849315068493151,2.4454789132689485
HUMIDITY_MID + TEMP_MID + WIND_MID,NO2_MID + O3_MID,0.007409333160015599,0.3,2.444809322033898
HUMIDITY_LOW + RADIATION_MID + TEMP_LOW,PM25_HIGH,0.00571948524632783,0.3271375464684015,2.444554779000886
RADIATION_LOW + TEMP_LOW + WIND_LOW,PM10_HIGH,0.04068633822955934,0.6089494163424124,2.4431018826191284
HUMIDITY_HIGH + RAIN_MID + TEMP_LOW + WIND_LOW,NO2_HIGH,0.0053945144936955675,0.8058252427184466,2.443039839303649
HUMIDITY_HIGH + TEMP_MID + WIND_HIGH,NO2_LOW + PM25_LOW,0.005329520343169115,0.20971867007672634,2.4426430414841116
HUMIDITY_HIGH + RAIN_HIGH + WIND_LOW,O3_LOW,0.033082022617964384,0.6697368421052632,2.4424202542383453
HUMIDITY_LOW + RAIN_LOW + TEMP_HIGH + WIND_HIGH,NO2_LOW + PM25_LOW,0.007344339009489146,0.20964749536178107,2.4418140527148853
RADIATION_LOW + RAIN_LOW + TEMP_LOW + WIND_MID,NO2_HIGH,0.00968412842844144,0.8054054054054054,2.441767008387698
HUMIDITY_MID + RADIATION_MID + RAIN_LOW + WIND_LOW,NO2_HIGH + PM25_HIGH,0.006434420902118809,0.24688279301745636,2.4412202142458765
HUMIDITY_MID + TEMP_MID + WIND_LOW,O3_MID,0.014428701416872481,0.6646706586826348,2.4401390490315005
RADIATION_HIGH + TEMP_HIGH + WIND_HIGH,NO2_LOW + PM10_LOW,0.017223449889509943,0.3851744186046512,2.439807988740701
RADIATION_LOW + RAIN_LOW + TEMP_LOW,PM10_HIGH + PM25_HIGH,0.01813336799688028,0.26956521739130435,2.4397237851662403
HUMIDITY_MID + TEMP_LOW + WIND_MID,NO2_HIGH + PM10_HIGH,0.007084362407383336,0.436,2.438493638676845
HUMIDITY_LOW + RADIATION_MID + TEMP_MID,O3_MID,0.01143897049265566,0.6641509433962264,2.438231070172832
HUMIDITY_HIGH + RADIATION_MID + RAIN_HIGH + WIND_HIGH,O3_MID,0.0056544910958013775,0.6641221374045801,2.438125317610802
TEMP_LOW,NO2_HIGH + PM10_HIGH + PM25_HIGH,0.06512413882750552,0.21125869702719796,2.436601433628536
TEMP_HIGH + WIND_MID,O3_HIGH,0.06473417392434681,0.6662207357859532,2.4359487264264916
RAIN_MID + TEMP_LOW + WIND_LOW,NO2_HIGH,0.006109450149486546,0.8034188034188035,2.4357441791924552
HUMIDITY_MID + RAIN_HIGH + TEMP_HIGH + WIND_HIGH,NO2_LOW,0.01689847913687768,0.804953560371517,2.4355979311457543
HUMIDITY_LOW + TEMP_MID + WIND_MID,NO2_MID + O3_MID,0.005979461848433641,0.2987012987012987,2.434225731895223
HUMIDITY_MID + TEMP_HIGH + WIND_MID,O3_HIGH + PM10_MID,0.009619134277914988,0.24104234527687296,2.433515435977669
HUMIDITY_MID + RAIN_LOW + WIND_LOW,NO2_HIGH + PM10_HIGH + PM25_HIGH,0.012478876901078902,0.210989010989011,2.433490946834275
HUMIDITY_HIGH + RAIN_LOW + TEMP_LOW + WIND_LOW,PM10_HIGH,0.027687508124268817,0.6059743954480796,2.431166114306168
HUMIDITY_MID + TEMP_LOW + WIND_LOW,PM10_HIGH,0.015988561029507343,0.605911330049261,2.430913096255001
RADIATION_MID + TEMP_MID + WIND_LOW,NO2_MID + O3_MID,0.006629403353698167,0.2982456140350877,2.430512191495688
RADIATION_HIGH + RAIN_HIGH + WIND_MID,O3_HIGH,0.00695437410633043,0.6645962732919255,2.4300090924119693
HUMIDITY_LOW + TEMP_MID,O3_MID + PM10_LOW,0.02157805797478227,0.2624505928853755,2.4296418905742403
RAIN_LOW + TEMP_LOW,PM10_HIGH + PM25_HIGH,0.05394514493695567,0.2684346701164295,2.4294916673008147
HUMIDITY_HIGH + TEMP_LOW + WIND_MID,NO2_HIGH + PM25_HIGH,0.006174444300012999,0.2454780361757106,2.427329733033087
HUMIDITY_LOW + RAIN_LOW + TEMP_MID,NO2_MID + PM10_LOW,0.01592356687898089,0.22811918063314712,2.427276426847581
HUMIDITY_HIGH + RADIATION_LOW + RAIN_HIGH + TEMP_LOW + WIND_LOW,NO2_HIGH + PM10_HIGH,0.007864292213700767,0.4336917562724014,2.4255839193046778
HUMIDITY_MID + TEMP_LOW,NO2_HIGH,0.0545950864422202,0.8,2.4253793103448276
HUMIDITY_MID + RADIATION_LOW + WIND_LOW,PM10_HIGH,0.0075393214610685036,0.6041666666666666,2.4239135158626683
HUMIDITY_MID + RAIN_HIGH + TEMP_HIGH + WIND_MID,O3_HIGH,0.007669309762121409,0.6629213483146067,2.4238849489468963
TEMP_HIGH,NO2_LOW + O3_HIGH,0.12803847653711167,0.4156995146655413,2.4236274091110337
HUMIDITY_MID + RADIATION_LOW + TEMP_LOW,NO2_HIGH,0.017093461588457037,0.7993920972644377,2.423536316947909
RADIATION_MID + RAIN_LOW + TEMP_LOW,NO2_HIGH,0.03392694657480827,0.7993874425727412,2.423522205206738
HUMIDITY_MID + RADIATION_LOW,O3_LOW + PM25_HIGH,0.006044455998960093,0.21728971962616822,2.422622917513206
HUMIDITY_LOW + RAIN_LOW + TEMP_LOW + WIND_HIGH,NO2_MID + O3_MID,0.006044455998960093,0.2971246006389776,2.4213766448259055
HUMIDITY_HIGH + RAIN_LOW + TEMP_LOW,PM10_HIGH,0.041531262186403226,0.603399433427762,2.4208353801093994
RADIATION_LOW + WIND_MID,O3_LOW,0.02333290003899649,0.6635859519408502,2.4199889681350846
HUMIDITY_MID + RADIATION_HIGH + RAIN_LOW,NO2_LOW + O3_HIGH,0.012543871051605355,0.4150537634408602,2.4198625253130257
TEMP_HIGH + WIND_HIGH,NO2_LOW + PM25_LOW,0.017418432341089304,0.20775193798449612,2.4197360468050397
RADIATION_MID + TEMP_LOW,PM10_HIGH,0.028402443780059794,0.6027586206896551,2.4182644427460325
HUMIDITY_MID + RAIN_LOW + TEMP_MID + WIND_LOW,O3_MID,0.01215390614844664,0.6584507042253521,2.417304351040627
RADIATION_LOW + RAIN_HIGH + TEMP_MID,O3_MID + PM10_LOW,0.008059274665280124,0.26105263157894737,2.4167002343403636
HUMIDITY_MID + TEMP_MID + WIND_LOW,NO2_MID + O3_MID,0.006434420902118809,0.2964071856287425,2.415530168476606
HUMIDITY_LOW + TEMP_LOW + WIND_HIGH,NO2_MID + O3_MID,0.006434420902118809,0.2964071856287425,2.415530168476606
HUMIDITY_LOW + RADIATION_HIGH,O3_HIGH + PM10_LOW,0.022682958533731964,0.21880877742946708,2.415058715588078
HUMIDITY_HIGH + RADIATION_MID + RAIN_HIGH,NO2_LOW + PM10_LOW,0.008969192772650462,0.3812154696132597,2.4147308421035873
RADIATION_HIGH + RAIN_HIGH + TEMP_HIGH,NO2_LOW,0.02131808137267646,0.7980535279805353,2.4147200750262567
RAIN_LOW + TEMP_HIGH,NO2_LOW + O3_HIGH,0.0843624073833355,0.4139030612244898,2.4131536566881393
HUMIDITY_MID + RADIATION_MID + RAIN_LOW + WIND_LOW,NO2_HIGH + PM10_HIGH,0.011243988041076304,0.4314214463840399,2.4128863591656993
RADIATION_MID + RAIN_HIGH + WIND_HIGH,PM10_LOW + PM25_LOW,0.00519953204211621,0.27491408934707906,2.4115325990274563
RADIATION_MID + TEMP_LOW + WIND_MID,NO2_HIGH,0.01312881840634343,0.795275590551181,2.4110562041813735
RADIATION_LOW + RAIN_HIGH + TEMP_LOW + WIND_LOW,NO2_HIGH + PM10_HIGH,0.008124268815806577,0.43103448275862066,2.4107221198561026
HUMIDITY_MID + RADIATION_HIGH,NO2_LOW + PM25_LOW,0.01163395294423502,0.2069364161849711,2.4102374711748413
RAIN_HIGH + TEMP_MID + WIND_HIGH,PM25_LOW,0.014688678018978291,0.35590551181102364,2.410194632361096
TEMP_HIGH + WIND_MID,NO2_LOW + O3_HIGH,0.040166385025347716,0.4133779264214047,2.410091995422407
RAIN_MID + WIND_LOW,O3_LOW,0.007344339009489146,0.6608187134502924,2.4098973038981275
RAIN_HIGH + TEMP_LOW + WIND_LOW,NO2_HIGH,0.021903028727414533,0.7948113207547169,2.409648666232921
RADIATION_LOW + TEMP_MID + WIND_LOW,O3_LOW,0.010724034836864682,0.66,2.4069115904242713
RADIATION_LOW + WIND_MID,NO2_HIGH + O3_LOW,0.016768490835824774,0.47689463955637706,2.404949499906397
HUMIDITY_LOW + RAIN_LOW + TEMP_MID,O3_MID + PM10_LOW,0.01813336799688028,0.25977653631284914,2.4048867555412135
HUMIDITY_MID + RADIATION_MID + TEMP_MID,O3_MID,0.02385285324320811,0.6541889483065954,2.401658591898181
HUMIDITY_MID + TEMP_LOW + WIND_MID,NO2_HIGH,0.012868841804237618,0.792,2.4011255172413795
HUMIDITY_MID + TEMP_HIGH + WIND_HIGH,O3_HIGH + PM10_MID,0.00818926296633303,0.23773584905660378,2.4001337097013815
HUMIDITY_LOW + WIND_MID,NO2_MID + O3_HIGH,0.016703496685298323,0.20268138801261829,2.398812181509342
HUMIDITY_HIGH + RAIN_HIGH + TEMP_MID + WIND_HIGH,PM10_LOW,0.015013648771610554,0.652542372881356,2.397902304550404
RAIN_LOW + TEMP_LOW + WIND_LOW,PM10_HIGH,0.049590536851683346,0.5974941268598277,2.397143320955752
HUMIDITY_HIGH + RAIN_HIGH + TEMP_LOW + WIND_LOW,NO2_HIGH,0.02060314571688548,0.7905236907730673,2.396649754923037
TEMP_LOW,NO2_HIGH + PM10_HIGH,0.13200311971922526,0.4282099936748893,2.394925104573554
HUMIDITY_LOW + RAIN_LOW + WIND_LOW,NO2_MID + O3_HIGH,0.007084362407383336,0.20222634508348794,2.3934265734265736
RADIATION_MID + RAIN_LOW + WIND_LOW,PM25_HIGH,0.014038736513713766,0.32,2.3912190383681398
HUMIDITY_MID + RADIATION_MID + WIND_LOW,PM10_HIGH + PM25_HIGH,0.0076043156115949565,0.26410835214446954,2.390335944761652
HUMIDITY_HIGH + RADIATION_LOW + RAIN_HIGH + TEMP_MID + WIND_LOW,O3_LOW,0.006304432601065904,0.6554054054054054,2.390155858631801
HUMIDITY_MID + WIND_HIGH,O3_HIGH + PM10_LOW,0.01566359027687508,0.21653189577717877,2.3899280835205685
HUMIDITY_HIGH + TEMP_LOW + WIND_HIGH,O3_LOW,0.008774210321071103,0.6553398058252428,2.3899166277381334
RADIATION_MID + RAIN_LOW + WIND_LOW,PM10_HIGH,0.026127648511633954,0.5955555555555555,2.3893657829929014
HUMIDITY_HIGH + RADIATION_LOW + RAIN_HIGH,O3_LOW,0.04322111010009099,0.6551724137931034,2.389306176492223
HUMIDITY_HIGH + RADIATION_LOW + RAIN_LOW,NO2_HIGH,0.03425191732744053,0.7877428998505231,2.3882191639606205
RADIATION_MID + TEMP_LOW,NO2_HIGH,0.03711165995060445,0.7875862068965517,2.3877441141498217
HUMIDITY_HIGH + RAIN_LOW + TEMP_LOW,NO2_HIGH,0.054205121539061485,0.7875354107648725,2.3875901142912963
HUMIDITY_HIGH + RAIN_LOW + WIND_MID,NO2_HIGH + O3_LOW,0.007994280514753671,0.473076923076923,2.3856969972014217
HUMIDITY_HIGH + RAIN_MID,NO2_HIGH + O3_LOW,0.009099181073703366,0.47297297297297297,2.3851727834028718
RADIATION_MID + TEMP_LOW + WIND_MID,PM10_HIGH,0.009814116729494346,0.5944881889763779,2.3850835138436897
HUMIDITY_HIGH + RADIATION_LOW + RAIN_HIGH + WIND_LOW,NO2_HIGH + PM25_HIGH,0.007084362407383336,0.2411504424778761,2.3845377300543715
HUMIDITY_HIGH + RAIN_LOW + TEMP_LOW + WIND_MID,NO2_HIGH,0.008124268815806577,0.7861635220125787,2.383430926046411
RADIATION_MID + RAIN_HIGH,NO2_LOW + PM10_LOW,0.016573508384245417,0.37610619469026546,2.3823671928795487
TEMP_HIGH,O3_HIGH,0.20050695437410634,0.6509812196665963,2.3802274348360863
HUMIDITY_LOW + WIND_LOW,NO2_MID + O3_HIGH,0.007214350708436241,0.20108695652173914,2.3799414715719065
HUMIDITY_LOW + RADIATION_HIGH + TEMP_HIGH + WIND_HIGH,NO2_LOW,0.019628233458988693,0.7864583333333334,2.3796357751556867
RADIATION_MID + TEMP_LOW + WIND_LOW,O3_LOW,0.011828935395814377,0.6523297491039427,2.3789394452982373
RAIN_LOW + TEMP_LOW + WIND_MID,NO2_HIGH + PM25_HIGH,0.009099181073703366,0.24054982817869416,2.378598750872358
HUMIDITY_MID + TEMP_MID + WIND_HIGH,O3_MID + PM10_LOW,0.00669439750422462,0.256857855361596,2.3778670051705872
RAIN_HIGH + TEMP_MID + WIND_MID,O3_MID + PM10_LOW,0.006759391654751073,0.25679012345679014,2.3772399756354834
RAIN_LOW + WIND_LOW,NO2_HIGH + O3_LOW + PM10_HIGH,0.04315611594956454,0.27724425887265136,2.376423491373044
HUMIDITY_MID + RADIATION_LOW + RAIN_LOW,NO2_HIGH,0.015533601975822176,0.7836065573770492,2.3756789146410404
HUMIDITY_HIGH + RADIATION_MID + RAIN_HIGH,PM10_LOW + PM25_LOW,0.006369426751592357,0.27071823204419887,2.374726749277106
RAIN_HIGH + TEMP_HIGH + WIND_HIGH,O3_HIGH,0.02203301702846744,0.6494252873563219,2.374538372448757
RADIATION_MID + TEMP_MID,O3_MID + PM10_LOW,0.019628233458988693,0.2561492790500424,2.3713073450444964
HUMIDITY_LOW + RADIATION_HIGH + WIND_HIGH,O3_HIGH + PM10_MID,0.010594046535811776,0.23487031700288186,2.3712038696891997
HUMIDITY_HIGH + RADIATION_LOW + RAIN_HIGH + WIND_MID,O3_LOW,0.010269075783179513,0.6502057613168725,2.3711936107185116
HUMIDITY_LOW + RADIATION_MID + RAIN_LOW + WIND_LOW,NO2_HIGH,0.006759391654751073,0.7819548872180451,2.370671506352087
HUMIDITY_MID + RADIATION_HIGH + RAIN_HIGH,PM10_LOW + PM25_LOW,0.006304432601065904,0.27019498607242337,2.3701368618644847
RAIN_LOW + WIND_LOW,PM10_HIGH + PM25_HIGH,0.04075133238008579,0.2617954070981211,2.369402431536289
HUMIDITY_MID + RADIATION_MID + RAIN_LOW + TEMP_LOW,NO2_HIGH + O3_LOW,0.009099181073703366,0.4697986577181208,2.3691649123733223
RADIATION_MID + RAIN_LOW + TEMP_LOW + WIND_LOW,O3_LOW,0.010724034836864682,0.6496062992125984,2.3690074708900304
HUMIDITY_LOW + RAIN_HIGH,NO2_LOW + O3_HIGH,0.0077343039126478615,0.4061433447098976,2.3679126569558484
RADIATION_LOW + RAIN_HIGH + WIND_LOW,NO2_HIGH + PM25_HIGH,0.007344339009489146,0.23940677966101695,2.367296087316457
HUMIDITY_MID + RAIN_LOW + TEMP_HIGH + WIND_MID,NO2_MID + O3_HIGH,0.005329520343169115,0.2,2.3670769230769233
RADIATION_LOW + RAIN_LOW + TEMP_LOW,NO2_HIGH,0.05251527362537372,0.7806763285024154,2.3667952690321505
RAIN_LOW + TEMP_LOW + WIND_MID,NO2_HIGH + O3_LOW,0.017743403093721567,0.4690721649484536,2.3655012552923327
RADIATION_HIGH + RAIN_HIGH,NO2_LOW,0.02898739113479787,0.7810858143607706,2.3633798111612223
RADIATION_HIGH + TEMP_MID,PM10_LOW + PM25_LOW,0.011373976342129208,0.2692307692307692,2.3616788001052536
HUMIDITY_HIGH + RAIN_MID + TEMP_LOW,NO2_HIGH,0.010529052385285325,0.7788461538461539,2.3612466843501325
HUMIDITY_MID + RADIATION_MID + RAIN_HIGH,NO2_LOW + PM10_LOW,0.006759391654751073,0.3727598566308244,2.3611705039612447
HUMIDITY_MID + RAIN_HIGH,NO2_LOW + PM10_LOW,0.028272455479006888,0.37275064267352187,2.361112140047265
HUMIDITY_LOW + RADIATION_HIGH + TEMP_HIGH,O3_HIGH + PM10_LOW,0.01514363707266346,0.21356553620531624,2.3571874749318473
HUMIDITY_HIGH + RADIATION_MID + RAIN_HIGH,PM25_LOW,0.00818926296633303,0.34806629834254144,2.3571074235468057
HUMIDITY_HIGH + RADIATION_LOW,NO2_HIGH + PM25_HIGH,0.028272455479006888,0.23822562979189485,2.3556166709370787
RADIATION_HIGH + RAIN_LOW + WIND_HIGH,O3_HIGH,0.03106720395164435,0.6442048517520216,2.3554505344716268
RADIATION_HIGH + WIND_HIGH,O3_HIGH + PM10_MID,0.016963473287404135,0.23324396782841822,2.354784572839923
HUMIDITY_LOW + RAIN_LOW + TEMP_MID + WIND_MID,NO2_MID + O3_MID,0.005069543741063305,0.28888888888888886,2.354260828625235
HUMIDITY_LOW + RADIATION_HIGH + RAIN_LOW + WIND_HIGH,O3_HIGH + PM10_MID,0.008969192772650462,0.23310810810810811,2.353412960204299
HUMIDITY_MID + RADIATION_MID + TEMP_LOW,NO2_HIGH + O3_LOW,0.009554140127388535,0.4666666666666667,2.353370479624167
RADIATION_LOW + RAIN_HIGH + TEMP_MID + WIND_LOW,O3_LOW,0.006499415052645262,0.6451612903225806,2.352797253591663
HUMIDITY_LOW + RADIATION_HIGH + RAIN_LOW + TEMP_HIGH + WIND_HIGH,NO2_LOW,0.01611854933056025,0.7774294670846394,2.352316574348921
HUMIDITY_HIGH + RADIATION_LOW + WIND_MID,O3_LOW + PM25_HIGH,0.005004549590536852,0.21095890410958903,2.352038912050824
RADIATION_MID + WIND_HIGH,O3_MID + PM10_LOW,0.012283894449499545,0.2540322580645161,2.3517089786887158
RADIATION_HIGH + TEMP_MID + WIND_HIGH,PM10_LOW + PM25_LOW,0.006304432601065904,0.26795580110497236,2.3504948436722377
RADIATION_HIGH + RAIN_HIGH + TEMP_MID + WIND_HIGH,NO2_LOW,0.00519953204211621,0.7766990291262136,2.35010644289792
RADIATION_HIGH + TEMP_HIGH + WIND_HIGH,NO2_LOW,0.0347068763811257,0.7761627906976745,2.3484839130136517
HUMIDITY_MID + RAIN_HIGH,NO2_LOW + O3_HIGH,0.030547250747432732,0.4027420736932305,2.348082434954166
HUMIDITY_HIGH + RADIATION_MID + RAIN_HIGH + TEMP_MID,O3_MID,0.00968412842844144,0.6394849785407726,2.347677375287122
RADIATION_MID + RAIN_HIGH + TEMP_MID,PM25_LOW,0.009229169374756272,0.3463414634146341,2.3454268292682925
HUMIDITY_MID + TEMP_HIGH + WIND_MID,NO2_LOW + O3_HIGH,0.016053555180033798,0.4022801302931596,2.3453891946534875
HUMIDITY_LOW + TEMP_MID + WIND_HIGH,NO2_MID + PM10_LOW,0.008839204471597556,0.22042139384116693,2.3453689942186684
HUMIDITY_MID + RADIATION_HIGH + TEMP_HIGH + WIND_HIGH,NO2_LOW,0.014103730664240218,0.775,2.3449655850540805
HUMIDITY_HIGH + RADIATION_MID + RAIN_HIGH + WIND_MID,PM10_LOW,0.0052645261926426625,0.6377952755905512,2.343711036598094
HUMIDITY_HIGH + RADIATION_MID + TEMP_LOW,NO2_HIGH,0.007084362407383336,0.7730496453900709,2.3436732697481046
HUMIDITY_HIGH + RAIN_LOW + WIND_MID,O3_LOW,0.010854023137917588,0.6423076923076924,2.342390650354623
RADIATION_LOW + RAIN_HIGH + TEMP_LOW + WIND_HIGH,O3_LOW,0.005004549590536852,0.6416666666666667,2.3400529351347084
HUMIDITY_MID + RAIN_LOW + TEMP_HIGH,O3_HIGH + PM10_MID,0.015078642922137007,0.23176823176823177,2.339885835948828
RAIN_HIGH + TEMP_MID + WIND_MID,NO2_MID + PM10_LOW,0.005784479396854283,0.21975308641975308,2.3382579444359064
RAIN_LOW + TEMP_HIGH + WIND_LOW,O3_HIGH,0.02086312231899129,0.6394422310756973,2.33803663672307
TEMP_LOW,O3_LOW,0.19758221760041597,0.6409445498629559,2.3374194937642665
HUMIDITY_LOW + RAIN_HIGH + TEMP_HIGH,NO2_LOW,0.00792928636422722,0.7721518987341773,2.33634790834298
HUMIDITY_HIGH + RAIN_HIGH + TEMP_LOW,O3_LOW + PM10_HIGH,0.016963473287404135,0.30778301886792453,2.3362355837700477
HUMIDITY_LOW + RADIATION_MID + WIND_LOW,NO2_HIGH,0.006759391654751073,0.7703703703703704,2.335550446998723
RADIATION_HIGH + TEMP_MID + WIND_HIGH,PM10_LOW,0.014948654621084103,0.6353591160220995,2.3347588629367144
HUMIDITY_MID + TEMP_HIGH,NO2_LOW + O3_HIGH,0.046015858572728455,0.40022611644997175,2.3334138035995697
HUMIDITY_HIGH + RADIATION_MID + TEMP_LOW,PM10_HIGH,0.005329520343169115,0.5815602836879432,2.333216825247117
HUMIDITY_HIGH + RADIATION_LOW + TEMP_LOW + WIND_MID,NO2_HIGH,0.011503964643182114,0.7695652173913043,2.3331094452773615
HUMIDITY_HIGH + RADIATION_LOW + TEMP_MID + WIND_HIGH,PM10_LOW,0.006889379955803978,0.6347305389221557,2.3324490259986357
RADIATION_MID + TEMP_MID,O3_MID,0.04868061874431301,0.635284139100933,2.332255252733704
HUMIDITY_LOW + RADIATION_MID + TEMP_MID + WIND_HIGH,O3_MID,0.0056544910958013775,0.635036496350365,2.331346106620548
TEMP_HIGH + WIND_LOW,O3_HIGH + PM10_MID,0.009229169374756272,0.23089430894308943,2.331062885432004
RAIN_MID + WIND_LOW,NO2_HIGH + O3_LOW,0.005134537891589757,0.4619883040935672,2.329777793111644
HUMIDITY_MID + RADIATION_MID + RAIN_LOW + WIND_LOW,PM25_HIGH,0.008124268815806577,0.3117206982543641,2.3293514634976424
HUMIDITY_HIGH + RADIATION_MID + RAIN_HIGH + WIND_HIGH,PM10_LOW,0.0053945144936955675,0.6335877862595419,2.328249744301245
RADIATION_MID + WIND_LOW,NO2_HIGH + PM25_HIGH,0.012608865202131808,0.2354368932038835,2.328041156063594
HUMIDITY_MID + RADIATION_MID + WIND_LOW,PM10_HIGH,0.016703496685298323,0.5801354401805869,2.327500360526339
RADIATION_HIGH + TEMP_MID + WIND_HIGH,O3_MID + PM10_LOW,0.005914467697907188,0.2513812154696133,2.327166896038189
HUMIDITY_HIGH + WIND_LOW,PM10_HIGH + PM25_HIGH,0.030352268295853375,0.2568756875687569,2.324876075842879
HUMIDITY_LOW + RADIATION_HIGH + WIND_HIGH,O3_HIGH,0.028662420382165606,0.6354466858789626,2.323427449841663
RAIN_LOW + TEMP_LOW + WIND_MID,NO2_HIGH,0.02898739113479787,0.7663230240549829,2.3232800094797965
HUMIDITY_HIGH + RAIN_MID,PM25_HIGH,0.005979461848433641,0.3108108108108108,2.3225522754420274
WIND_LOW,NO2_HIGH + PM10_HIGH + PM25_HIGH,0.04510594046535812,0.2013344937626922,2.3221383216137794
HUMIDITY_LOW + TEMP_MID,NO2_MID + PM10_LOW,0.017938385545300924,0.21818181818181817,2.321539041870992
HUMIDITY_HIGH + RADIATION_LOW + WIND_HIGH,O3_MID + PM10_LOW,0.005329520343169115,0.25076452599388377,2.3214578802297807
HUMIDITY_MID + RADIATION_HIGH + WIND_HIGH,NO2_LOW,0.01884830365267126,0.7671957671957672,2.3213518336428858
RADIATION_LOW + WIND_LOW,NO2_HIGH,0.06551410373066424,0.765375854214123,2.3204084518105415
HUMIDITY_MID + RAIN_HIGH + TEMP_HIGH,NO2_LOW,0.03158715715585597,0.7665615141955836,2.3194327349878563
WIND_LOW,O3_LOW + PM25_HIGH,0.04660080592746653,0.20800696257615317,2.3191269030410817
HUMIDITY_HIGH + TEMP_MID + WIND_HIGH,NO2_LOW + PM10_LOW,0.009294163525282725,0.3657289002557545,2.316634359545096
RADIATION_LOW + RAIN_HIGH + TEMP_LOW,PM25_HIGH,0.01169894709476147,0.3098106712564544,2.315078673118896
HUMIDITY_HIGH + WIND_LOW,PM25_HIGH,0.036591706746392824,0.3096809680968097,2.314109458541774
HUMIDITY_MID + RADIATION_HIGH,NO2_LOW + PM10_LOW,0.020538151566359027,0.3653179190751445,2.3140310839399643
HUMIDITY_HIGH + RADIATION_LOW + RAIN_MID + TEMP_LOW,NO2_HIGH,0.006044455998960093,0.7622950819672131,2.3110684002261164
HUMIDITY_MID + RADIATION_HIGH + TEMP_MID,PM10_LOW,0.008254257116859483,0.6287128712871288,2.3103358580424564
RADIATION_LOW + TEMP_LOW + WIND_MID,NO2_HIGH,0.017678408943195112,0.7619047619047619,2.309885057471264
HUMIDITY_HIGH + RAIN_HIGH + TEMP_LOW,PM25_HIGH,0.017028467437930586,0.3089622641509434,2.308738900547069
RADIATION_MID + TEMP_MID,NO2_MID + O3_MID,0.021708046275835176,0.28329092451229854,2.3086409769842295
RADIATION_MID + TEMP_MID + WIND_MID,O3_MID + PM10_LOW,0.006239438450539451,0.24935064935064935,2.3083688874302593
HUMIDITY_HIGH + RADIATION_LOW + TEMP_LOW,NO2_HIGH,0.06005459508644222,0.7611202635914333,2.3075066749985798
RADIATION_LOW + RAIN_HIGH,O3_LOW,0.04673079422851943,0.6323658751099385,2.306134476046815
HUMIDITY_HIGH + RAIN_HIGH + TEMP_LOW,NO2_HIGH + O3_LOW + PM10_HIGH,0.014818666320031197,0.2688679245283019,2.3046250065696117
RAIN_LOW + WIND_LOW,O3_LOW + PM25_HIGH,0.032172104510594046,0.20668058455114824,2.304338749205773
RAIN_HIGH + TEMP_MID + WIND_HIGH,PM10_LOW,0.025867671909528142,0.6267716535433071,2.3032024507803497
HUMIDITY_LOW + RADIATION_MID + RAIN_LOW + TEMP_MID + WIND_HIGH,O3_MID,0.005134537891589757,0.626984126984127,2.3017842466661365
RAIN_HIGH + TEMP_HIGH + WIND_HIGH,NO2_LOW,0.02580267775900169,0.7605363984674329,2.301202168499493
HUMIDITY_MID + RAIN_LOW + TEMP_MID,O3_MID,0.0334719875211231,0.6265206812652068,2.3000828446543715
RADIATION_MID + TEMP_MID + WIND_MID,O3_MID,0.01566359027687508,0.6259740259740258,2.29807596364504
RAIN_HIGH + WIND_HIGH,NO2_LOW + PM10_LOW,0.03184713375796178,0.3626943005181347,2.297412312792104
HUMIDITY_HIGH + RAIN_HIGH + WIND_LOW,NO2_HIGH + O3_LOW,0.022487976082152607,0.45526315789473687,2.2958633062498923
RADIATION_MID + WIND_LOW,PM10_HIGH + PM25_HIGH,0.013583777460028597,0.2536407766990291,2.2955982295830952
RADIATION_MID + TEMP_LOW,NO2_HIGH + O3_LOW,0.021448069673729364,0.45517241379310347,2.2954056894856407
RADIATION_LOW + TEMP_MID + WIND_HIGH,PM10_LOW,0.010269075783179513,0.624505928853755,2.29487657543441
HUMIDITY_MID + RADIATION_LOW + RAIN_LOW + TEMP_LOW,PM25_HIGH,0.005069543741063305,0.3070866141732283,2.294722994496984
RADIATION_MID + TEMP_MID + WIND_MID,NO2_MID + PM10_LOW,0.0053945144936955675,0.21558441558441557,2.2939016723249086
HUMIDITY_HIGH + RADIATION_LOW + RAIN_HIGH + TEMP_MID,O3_MID + PM10_LOW,0.006824385805277525,0.24764150943396226,2.292546488658811
RAIN_HIGH + WIND_HIGH,PM10_LOW + PM25_LOW,0.022942935135837776,0.2612879348630644,2.292004655531989
HUMIDITY_LOW + RADIATION_HIGH + RAIN_LOW,O3_HIGH + PM10_LOW,0.01936825685688288,0.2075208913649025,2.290470899957238
WIND_LOW,NO2_HIGH + PM25_HIGH,0.051865332120109194,0.23150565709312446,2.289168406192039
RAIN_LOW + TEMP_LOW,PM25_HIGH,0.06154946054855063,0.30627425614489,2.2886526007990664
HUMIDITY_HIGH + RADIATION_MID + TEMP_MID,PM10_LOW + PM25_LOW,0.005914467697907188,0.2607449856733524,2.2872419324801596
HUMIDITY_MID + TEMP_HIGH + WIND_MID,O3_HIGH,0.024957753802157805,0.6254071661237784,2.286719262828055
RADIATION_MID + RAIN_HIGH + TEMP_MID,PM10_LOW,0.016573508384245417,0.6219512195121951,2.285488766041231
HUMIDITY_LOW + RADIATION_HIGH + RAIN_LOW + WIND_HIGH,O3_HIGH,0.02404783569478747,0.625,2.285230513307985
TEMP_LOW + WIND_MID,NO2_HIGH + O3_LOW + PM10_HIGH,0.014818666320031197,0.26635514018691586,2.283086455106344
HUMIDITY_LOW + RADIATION_HIGH + TEMP_MID,PM10_LOW + PM25_LOW,0.007084362407383336,0.26014319809069214,2.2819630819973713
RADIATION_HIGH + TEMP_MID,PM25_LOW,0.014233718965293124,0.33692307692307694,2.281645449620802
HUMIDITY_MID + TEMP_MID + WIND_MID,O3_MID,0.015338619524242819,0.6210526315789474,2.2800085396024063
HUMIDITY_MID + RADIATION_MID + RAIN_HIGH + WIND_HIGH,NO2_LOW,0.00695437410633043,0.7535211267605634,2.279975625631864
RAIN_HIGH + TEMP_MID,PM10_LOW + PM25_LOW,0.030937215650591446,0.259825327510917,2.279174737219481
HUMIDITY_MID + TEMP_HIGH + WIND_HIGH,NO2_LOW,0.025932666060054597,0.7528301886792453,2.277885011409807
HUMIDITY_MID + TEMP_HIGH,O3_HIGH,0.07162355388015079,0.6229508196721312,2.277737954247959
HUMIDITY_HIGH + RAIN_HIGH + WIND_HIGH,NO2_MID + PM10_LOW,0.008319251267385936,0.2140468227424749,2.27754108901502
HUMIDITY_MID + RADIATION_MID + WIND_LOW,NO2_HIGH + PM25_HIGH,0.006629403353698167,0.23024830699774265,2.276735508655057
HUMIDITY_MID + RAIN_HIGH + TEMP_MID + WIND_HIGH,NO2_LOW,0.01065904068633823,0.7522935779816514,2.2762613551279625
RAIN_HIGH + TEMP_HIGH,NO2_LOW + PM10_LOW,0.02859742623163915,0.35918367346938773,2.275174969123096
HUMIDITY_HIGH + TEMP_MID + WIND_HIGH,PM10_LOW,0.015728584427401535,0.618925831202046,2.27437134914609
HUMIDITY_HIGH + TEMP_HIGH,NO2_MID + O3_MID,0.007799298063174314,0.27906976744186046,2.274241229798975
RADIATION_LOW + TEMP_LOW,PM10_HIGH + PM25_HIGH,0.02898739113479787,0.2512676056338028,2.2741196354598174
RAIN_LOW + WIND_LOW,O3_LOW + PM10_HIGH,0.04660080592746653,0.29937369519832985,2.272404378056982
RAIN_HIGH + TEMP_LOW,O3_LOW + PM10_HIGH,0.021253087222150007,0.2991765782250686,2.2709081561770623
HUMIDITY_MID + RADIATION_HIGH + WIND_HIGH,O3_HIGH + PM10_MID,0.0055245027947484725,0.22486772486772486,2.270219694760377
HUMIDITY_MID + RADIATION_MID + WIND_MID,NO2_MID + O3_MID,0.007799298063174314,0.27842227378190254,2.2689645680128985
HUMIDITY_HIGH + RADIATION_LOW + WIND_LOW,NO2_HIGH,0.050955414012738856,0.7480916030534351,2.268007370360621
RAIN_LOW + TEMP_LOW + WIND_MID,NO2_HIGH + PM10_HIGH,0.015338619524242819,0.4054982817869416,2.2679013317244214
HUMIDITY_MID + RADIATION_MID + TEMP_MID,NO2_MID + O3_MID,0.01013908748212661,0.27807486631016043,2.266133417928034
HUMIDITY_HIGH + RADIATION_MID + TEMP_MID,NO2_MID + O3_MID,0.006304432601065904,0.27793696275071633,2.265009591569132
RAIN_LOW + TEMP_LOW,NO2_HIGH,0.15013648771610555,0.7470892626131953,2.264968550653522
RADIATION_HIGH + RAIN_HIGH + TEMP_HIGH + WIND_MID,NO2_LOW,0.006174444300012999,0.748031496062992,2.263365309424817
HUMIDITY_LOW + RADIATION_HIGH + TEMP_MID,PM25_LOW,0.009099181073703366,0.3341288782816229,2.26272311674342
HUMIDITY_HIGH + RADIATION_LOW + TEMP_LOW + WIND_MID,NO2_HIGH + PM10_HIGH,0.006044455998960093,0.4043478260869565,2.2614669764354467
RADIATION_HIGH + TEMP_MID,NO2_LOW + PM10_LOW,0.015078642922137007,0.3569230769230769,2.260855686100643
HUMIDITY_MID + RAIN_LOW + WIND_LOW,NO2_HIGH + PM25_HIGH,0.013518783309502146,0.22857142857142856,2.2601542416452443
HUMIDITY_LOW + RAIN_LOW + TEMP_MID + WIND_HIGH,NO2_MID + O3_MID,0.009749122578967893,0.27726432532347506,2.2595280240609044
RADIATION_HIGH + RAIN_LOW + TEMP_HIGH + WIND_HIGH,NO2_LOW,0.020668139867411933,0.7464788732394366,2.2586674422147435
HUMIDITY_MID + TEMP_HIGH,O3_HIGH + PM10_LOW,0.023527882490575847,0.20463538722442057,2.2586227172417037
HUMIDITY_MID + TEMP_LOW,PM10_HIGH + PM25_HIGH,0.017028467437930586,0.24952380952380954,2.258337254901961
HUMIDITY_MID + RAIN_HIGH + TEMP_MID,PM10_LOW + PM25_LOW,0.007214350708436241,0.2569444444444444,2.253903775497276
HUMIDITY_LOW + RADIATION_HIGH + TEMP_MID + WIND_HIGH,NO2_LOW + PM10_LOW,0.005849473547380735,0.35573122529644274,2.253306147554989
RADIATION_MID + RAIN_LOW + TEMP_MID + WIND_HIGH,O3_MID,0.00844923956843884,0.6132075471698113,2.251207664222075
TEMP_LOW + WIND_LOW,PM10_HIGH,0.06629403353698167,0.5610561056105611,2.250954169732488
HUMIDITY_LOW + RADIATION_HIGH + TEMP_MID + WIND_HIGH,PM25_LOW,0.00545950864422202,0.33201581027667987,2.248413405333185
RADIATION_LOW + TEMP_LOW,NO2_HIGH,0.08553230209281165,0.7414084507042253,2.2477458960660512
RAIN_HIGH + TEMP_MID,NO2_MID + PM10_LOW,0.025152736253737165,0.21124454148471616,2.2477237311783145
HUMIDITY_MID + RAIN_LOW + TEMP_LOW,PM10_HIGH,0.030547250747432732,0.5601907032181168,2.2474821798471827
HUMIDITY_LOW + RADIATION_LOW + RAIN_LOW + WIND_HIGH,O3_MID,0.006044455998960093,0.6118421052631579,2.2461948536337264
RAIN_HIGH + TEMP_HIGH + WIND_HIGH,NO2_LOW + PM10_LOW,0.012023917847393735,0.3544061302681992,2.244912606136893
RADIATION_HIGH + TEMP_MID + WIND_HIGH,PM25_LOW,0.007799298063174314,0.3314917127071823,2.2448642129017196
HUMIDITY_MID + RADIATION_HIGH + RAIN_HIGH,PM25_LOW,0.0077343039126478615,0.33147632311977715,2.2447599945074344
HUMIDITY_LOW + TEMP_HIGH + WIND_HIGH,NO2_LOW,0.0310022098011179,0.7418351477449455,2.2446166338650406
RADIATION_MID + RAIN_LOW + WIND_MID,NO2_MID + O3_MID,0.010594046535811776,0.27533783783783783,2.2438283755153456
RAIN_LOW + TEMP_MID,NO2_MID + O3_MID,0.04432601065904069,0.2753330641905531,2.243789473324073
RADIATION_LOW + TEMP_LOW + WIND_MID,NO2_HIGH + PM25_HIGH,0.0052645261926426625,0.226890756302521,2.2435354604566764
HUMIDITY_MID + RADIATION_MID + WIND_LOW,PM25_HIGH,0.008644222020018199,0.3002257336343115,2.2434546564825237
RAIN_HIGH + TEMP_LOW,NO2_HIGH + O3_LOW + PM10_HIGH,0.01858832705056545,0.2616651418115279,2.242885722513743
RADIATION_HIGH + TEMP_MID,NO2_MID + PM10_LOW,0.008904198622124009,0.21076923076923076,2.2426662410894775
RADIATION_MID + RAIN_LOW + TEMP_HIGH + WIND_LOW,PM10_HIGH,0.0052645261926426625,0.5586206896551724,2.2411832936204648
WIND_LOW,NO2_HIGH + O3_LOW + PM10_HIGH,0.05855972962433381,0.26138671308384104,2.240499146243999
TEMP_MID + WIND_HIGH,PM10_LOW + PM25_LOW,0.02339789418952294,0.2553191489361702,2.2396467648414564
RADIATION_MID + RAIN_LOW + TEMP_LOW,NO2_HIGH + O3_LOW,0.01884830365267126,0.444104134762634,2.239589058491605
HUMIDITY_LOW + RADIATION_MID + RAIN_LOW + TEMP_LOW,NO2_HIGH,0.012478876901078902,0.7384615384615385,2.238811671087533
RAIN_LOW + TEMP_LOW + WIND_MID,NO2_HIGH + O3_LOW + PM10_HIGH,0.009879110880020798,0.2611683848797251,2.2386277268854875
RADIATION_HIGH + RAIN_LOW + TEMP_MID,NO2_MID + O3_MID,0.008514233718965293,0.2746331236897275,2.238085403119781
HUMIDITY_MID + RAIN_LOW + WIND_LOW,PM10_HIGH + PM25_HIGH,0.01462368386845184,0.24725274725274726,2.2377828054298643
HUMIDITY_HIGH,O3_LOW + PM25_HIGH,0.05556999870011699,0.2007042253521127,2.2377066748315984
RADIATION_LOW + RAIN_HIGH + WIND_MID,O3_LOW,0.011243988041076304,0.6134751773049646,2.2372432040801575
HUMIDITY_LOW + RADIATION_HIGH + TEMP_MID + WIND_HIGH,PM10_LOW,0.010009099181073703,0.6086956521739131,2.236778434284172
HUMIDITY_LOW + RADIATION_HIGH + TEMP_MID,NO2_MID + O3_MID,0.0074743273105420515,0.2744630071599045,2.236699061526637
TEMP_LOW + WIND_MID,O3_LOW,0.034121929026387623,0.6133177570093458,2.2366691181194107
RADIATION_HIGH + RAIN_HIGH + WIND_MID,NO2_LOW,0.0077343039126478615,0.7391304347826086,2.2364328160403573
RADIATION_LOW + RAIN_LOW,PM25_HIGH,0.024502794748472636,0.2992063492063492,2.2358372456964
HUMIDITY_MID + RAIN_HIGH + WIND_HIGH,NO2_LOW,0.027947484726374625,0.738831615120275,2.235528658847699
HUMIDITY_MID + RADIATION_MID + WIND_LOW,NO2_HIGH + PM10_HIGH,0.011503964643182114,0.39954853273137697,2.2346251270828668
HUMIDITY_HIGH + RAIN_HIGH + TEMP_LOW + WIND_LOW,PM10_HIGH + PM25_HIGH,0.006434420902118809,0.24688279301745636,2.2344345019803433
HUMIDITY_MID + RAIN_LOW + TEMP_LOW,O3_LOW,0.03340699337059665,0.6126340882002383,2.234175890269938
RADIATION_HIGH + RAIN_LOW + TEMP_MID,O3_MID + PM10_LOW,0.0074743273105420515,0.24109014675052412,2.231897110651964
RAIN_LOW + TEMP_LOW,O3_LOW,0.12296893279604836,0.6119016817593791,2.2315049242829597
HUMIDITY_HIGH + TEMP_MID,NO2_MID + PM10_LOW,0.02105810477057065,0.20970873786407768,2.231382185876002
HUMIDITY_LOW + RAIN_LOW + TEMP_MID,NO2_MID + O3_MID,0.01910828025477707,0.2737430167597765,2.230831597386611
HUMIDITY_MID + RAIN_LOW + TEMP_HIGH + WIND_MID,O3_HIGH,0.016248537631613155,0.6097560975609756,2.2294931837151073
HUMIDITY_LOW + RADIATION_LOW + WIND_HIGH,O3_MID,0.006629403353698167,0.6071428571428571,2.2289429730374613
HUMIDITY_MID + RAIN_HIGH + TEMP_MID,O3_MID + PM10_LOW,0.006759391654751073,0.24074074074074073,2.2286624771582653
HUMIDITY_MID + TEMP_LOW,PM25_HIGH,0.02034316911477967,0.2980952380952381,2.2275344018131777
HUMIDITY_LOW + RAIN_HIGH,NO2_LOW + PM10_LOW,0.00669439750422462,0.3515358361774744,2.2267313196486707
RADIATION_MID + RAIN_HIGH + TEMP_MID + WIND_MID,PM10_LOW,0.005589496945274925,0.6056338028169014,2.2255270337093016
HUMIDITY_HIGH + RAIN_LOW + WIND_LOW,NO2_HIGH,0.04393604575588197,0.7339847991313789,2.225239432401063
HUMIDITY_LOW + TEMP_MID,NO2_MID + O3_MID,0.022422981931626153,0.2727272727272727,2.2225539291217253
RADIATION_LOW + RAIN_MID + TEMP_LOW,NO2_HIGH,0.0074743273105420515,0.732484076433121,2.220689655172414
RADIATION_LOW + RAIN_LOW + WIND_MID,NO2_HIGH,0.010854023137917588,0.7324561403508771,2.220604960677556
RAIN_HIGH + TEMP_LOW + WIND_LOW,PM10_HIGH + PM25_HIGH,0.006759391654751073,0.24528301886792453,2.219955604883463
RAIN_HIGH + WIND_LOW,O3_LOW,0.034576888080072796,0.6086956521739131,2.219813060997352
RADIATION_HIGH + RAIN_HIGH + WIND_HIGH,PM10_LOW + PM25_LOW,0.005784479396854283,0.2528409090909091,2.217907769254691
RAIN_HIGH + TEMP_LOW,NO2_HIGH + PM25_HIGH,0.01592356687898089,0.22415370539798718,2.216471022656447
RADIATION_MID + TEMP_MID + WIND_HIGH,O3_MID,0.01611854933056025,0.6034063260340633,2.215225419317609
HUMIDITY_MID + TEMP_HIGH,O3_HIGH + PM10_MID,0.025217730404263616,0.21933295647258338,2.2143417770913176
HUMIDITY_HIGH + TEMP_LOW + WIND_LOW,PM10_HIGH,0.04328610425061744,0.551781275890638,2.2137436012655427
HUMIDITY_HIGH + RADIATION_LOW + RAIN_HIGH + TEMP_LOW + WIND_MID,NO2_HIGH,0.005979461848433641,0.7301587301587301,2.2136398467432947
RADIATION_LOW + RAIN_LOW,PM10_HIGH + PM25_HIGH,0.020018198362147407,0.24444444444444444,2.2123660130718954
RADIATION_HIGH + RAIN_HIGH,PM10_LOW + PM25_LOW,0.009359157675809178,0.2521891418563923,2.2121904997733477
HUMIDITY_HIGH + RADIATION_MID + WIND_HIGH,O3_MID,0.006109450149486546,0.6025641025641025,2.212133448353921
HUMIDITY_LOW + RADIATION_HIGH + RAIN_LOW + TEMP_HIGH,PM25_MID,0.019238268555829975,0.2998986828774063,2.212004379075634
HUMIDITY_LOW + RADIATION_HIGH + RAIN_LOW + TEMP_MID + WIND_HIGH,PM10_LOW,0.00844923956843884,0.6018518518518519,2.211629470406638
RADIATION_MID + RAIN_HIGH + WIND_HIGH,PM25_LOW,0.006174444300012999,0.32646048109965636,2.2107926770243456
TEMP_LOW + WIND_MID,NO2_HIGH,0.04055634992850644,0.7289719626168224,2.2100418949403804
HUMIDITY_HIGH + TEMP_LOW,NO2_HIGH,0.10698037176654102,0.728963684676705,2.210016798509514
HUMIDITY_LOW + RADIATION_HIGH + TEMP_MID,O3_MID + PM10_LOW,0.006499415052645262,0.2386634844868735,2.2094322336432226
HUMIDITY_HIGH + RAIN_MID,PM10_HIGH,0.010594046535811776,0.5506756756756757,2.209307938968956
RAIN_HIGH + TEMP_HIGH + WIND_MID,NO2_LOW + O3_HIGH,0.00792928636422722,0.3788819875776398,2.208972436858494
HUMIDITY_MID + RAIN_HIGH + TEMP_MID + WIND_HIGH,PM10_LOW,0.008514233718965293,0.6009174311926605,2.208195747869662
TEMP_HIGH + WIND_HIGH,NO2_LOW,0.061159495645391915,0.7294573643410853,2.2071644066375495
TEMP_LOW + WIND_MID,NO2_HIGH + PM25_HIGH,0.012413882750552451,0.22313084112149534,2.206356761886457
HUMIDITY_LOW + RAIN_LOW + TEMP_HIGH + WIND_HIGH,NO2_LOW,0.02554270115689588,0.7291280148423006,2.2061678734245107
HUMIDITY_LOW + TEMP_MID + WIND_HIGH,NO2_MID + O3_MID,0.010854023137917588,0.2706645056726094,2.2057436887069746
HUMIDITY_HIGH + TEMP_MID + WIND_MID,PM10_LOW + PM25_LOW,0.005784479396854283,0.2514124293785311,2.20537721688602
HUMIDITY_LOW + RADIATION_HIGH + RAIN_LOW + TEMP_MID,NO2_MID + O3_MID,0.006434420902118809,0.27049180327868855,2.2043362739649903
HUMIDITY_LOW + RADIATION_MID + RAIN_LOW + WIND_MID,O3_MID,0.00818926296633303,0.6,2.202720114531138
HUMIDITY_LOW + RADIATION_HIGH + RAIN_LOW + TEMP_MID,PM25_LOW,0.0077343039126478615,0.3251366120218579,2.2018274263064725
RADIATION_LOW + RAIN_LOW,NO2_HIGH,0.05946964773170415,0.7261904761904762,2.2016091954022987
HUMIDITY_LOW + RADIATION_MID + TEMP_LOW,NO2_HIGH,0.012673859352658261,0.724907063197026,2.197718241251122
HUMIDITY_MID + RAIN_HIGH + TEMP_HIGH,O3_HIGH + PM10_MID,0.008969192772650462,0.21766561514195584,2.197508631610323
RADIATION_HIGH + RAIN_LOW + TEMP_MID + WIND_HIGH,PM10_LOW,0.009749122578967893,0.5976095617529881,2.196040295469662
RADIATION_HIGH + RAIN_HIGH + TEMP_MID,NO2_LOW,0.007214350708436241,0.7254901960784313,2.1951606994813657
HUMIDITY_LOW + RADIATION_HIGH + TEMP_HIGH + WIND_HIGH,NO2_LOW + PM10_LOW,0.008644222020018199,0.3463541666666667,2.193909101825168
HUMIDITY_HIGH + TEMP_LOW + WIND_MID,NO2_HIGH,0.018198362147406732,0.7235142118863049,2.1934955003118595
HUMIDITY_HIGH + RADIATION_MID + RAIN_HIGH,PM10_LOW,0.014038736513713766,0.5966850828729282,2.1926431060623055
HUMIDITY_MID + TEMP_LOW,O3_LOW,0.0410113089821916,0.6009523809523809,2.1915746227384054
HUMIDITY_HIGH + RAIN_LOW + WIND_LOW,PM10_HIGH,0.03269205771480567,0.5461454940282302,2.191132873824863
HUMIDITY_HIGH + RAIN_HIGH + TEMP_MID,PM25_LOW,0.02287794098531132,0.3235294117647059,2.1909434548467277
TEMP_LOW + WIND_MID,O3_LOW + PM10_HIGH,0.016053555180033798,0.2885514018691589,2.1902574588844987
RAIN_HIGH + TEMP_MID + WIND_MID,PM10_LOW + PM25_LOW,0.006564409203171715,0.24938271604938272,2.1875726733955543
RADIATION_MID + RAIN_HIGH,PM10_LOW + PM25_LOW,0.010984011438970492,0.24926253687315633,2.1865184676912106
HUMIDITY_MID + RAIN_HIGH + WIND_HIGH,PM10_LOW + PM25_LOW,0.00942415182633563,0.24914089347079038,2.185451417868632
RADIATION_HIGH + RAIN_LOW + TEMP_MID + WIND_HIGH,PM25_LOW,0.0052645261926426625,0.3227091633466136,2.185388726783009
HUMIDITY_HIGH + RADIATION_LOW,PM25_HIGH,0.0347068763811257,0.29244249726177435,2.185293959625867
HUMIDITY_LOW + RADIATION_HIGH + RAIN_LOW + TEMP_HIGH + WIND_HIGH,NO2_LOW + PM10_LOW,0.007149356557909788,0.3448275862068966,2.1842392924575176
RAIN_LOW + WIND_LOW,PM25_HIGH,0.04549590536851683,0.29227557411273486,2.184046616463593
HUMIDITY_MID + RADIATION_MID + RAIN_LOW + WIND_MID,O3_MID,0.012023917847393735,0.594855305466238,2.183832910976745
HUMIDITY_HIGH + RAIN_LOW,PM10_HIGH,0.051930326270635645,0.5442779291553134,2.1836402132943027
WIND_LOW,O3_LOW + PM10_HIGH,0.06440920317171454,0.28749637365825353,2.1822492378420764
TEMP_MID + WIND_MID,NO2_MID + O3_MID,0.018198362147406732,0.2676864244741874,2.1814742197880546
HUMIDITY_HIGH + RAIN_HIGH + TEMP_LOW + WIND_HIGH,O3_LOW,0.0053945144936955675,0.5971223021582733,2.1776069544932906
RAIN_MID,O3_LOW + PM10_HIGH,0.01163395294423502,0.2864,2.173927183029107
HUMIDITY_LOW + RADIATION_MID + TEMP_LOW,O3_LOW + PM10_HIGH,0.005004549590536852,0.2862453531598513,2.172753331878378
TEMP_LOW,NO2_HIGH,0.22091511763941246,0.7166350411132195,2.172639752230147
HUMIDITY_LOW + RAIN_HIGH + WIND_HIGH,O3_HIGH,0.006369426751592357,0.593939393939394,2.171661481737528
RAIN_MID + TEMP_LOW,NO2_HIGH,0.014753672169504744,0.7160883280757098,2.170982269117807
HUMIDITY_LOW + RADIATION_MID + WIND_MID,O3_MID,0.008644222020018199,0.5911111111111111,2.170087223945492
HUMIDITY_HIGH + TEMP_LOW + WIND_MID,PM25_HIGH,0.007279344858962694,0.28940568475452194,2.1626011974905652
HUMIDITY_MID + RAIN_LOW + TEMP_HIGH,O3_HIGH,0.03847653711165995,0.5914085914085914,2.162407934271052
HUMIDITY_HIGH + RAIN_HIGH + TEMP_LOW + WIND_LOW,NO2_HIGH + PM10_HIGH,0.010074093331600156,0.3865336658354115,2.161834599252505
RADIATION_MID + RAIN_HIGH + WIND_HIGH,PM10_LOW,0.011113999740023398,0.5876288659793815,2.1593641585762513
HUMIDITY_LOW + RADIATION_HIGH + RAIN_LOW + TEMP_MID,PM10_LOW + PM25_LOW,0.005849473547380735,0.2459016393442623,2.1570368431874685
HUMIDITY_HIGH + RADIATION_MID + TEMP_MID,O3_MID,0.013323800857922787,0.5873925501432665,2.156435642210522
RADIATION_LOW + RAIN_HIGH + TEMP_LOW + WIND_MID,NO2_HIGH,0.006564409203171715,0.7112676056338029,2.156367168528412
RADIATION_MID + RAIN_HIGH + WIND_MID,NO2_LOW + PM10_LOW,0.005329520343169115,0.34024896265560167,2.1552369450057993
HUMIDITY_HIGH + RADIATION_LOW + TEMP_LOW,PM10_HIGH,0.042376186143247105,0.5370675453047776,2.1547121908889983
RADIATION_MID + WIND_LOW,NO2_HIGH + PM10_HIGH,0.02060314571688548,0.38470873786407767,2.1516280046443836
HUMIDITY_LOW + RADIATION_HIGH + RAIN_LOW + TEMP_HIGH + WIND_HIGH,PM25_MID,0.006044455998960093,0.29153605015673983,2.1503229471292418
TEMP_MID,O3_MID + PM10_LOW,0.07110360067593917,0.23227176220806794,2.1502607300441237
HUMIDITY_LOW + RAIN_HIGH + WIND_HIGH,NO2_LOW,0.0076043156115949565,0.7090909090909091,2.1455403593456692
RAIN_LOW + TEMP_HIGH + WIND_HIGH,NO2_LOW,0.034186923176914075,0.7088948787061995,2.1449472180479026
HUMIDITY_HIGH + TEMP_MID + WIND_MID,O3_MID + PM10_LOW,0.005329520343169115,0.23163841807909605,2.1443975334325946
RAIN_LOW + WIND_LOW,NO2_HIGH + PM10_HIGH,0.0596646301832835,0.3832985386221294,2.1437409361105355
HUMIDITY_LOW + RADIATION_HIGH + RAIN_HIGH,NO2_LOW,0.006304432601065904,0.708029197080292,2.142327871440978
HUMIDITY_MID + RAIN_HIGH + TEMP_HIGH + WIND_MID,NO2_LOW,0.00818926296633303,0.7078651685393258,2.141831560107388
HUMIDITY_HIGH + RADIATION_MID + TEMP_MID,NO2_LOW + PM10_LOW,0.007669309762121409,0.33810888252148996,2.141681048363789
RAIN_LOW + TEMP_MID + WIND_HIGH,NO2_MID + O3_MID,0.012673859352658261,0.2628032345013477,2.141679325231851
RADIATION_LOW + TEMP_MID,O3_MID + PM10_LOW,0.010594046535811776,0.23120567375886525,2.14039139377491
RADIATION_HIGH + RAIN_HIGH,O3_HIGH + PM10_MID,0.007864292213700767,0.2119089316987741,2.139390303882768
HUMIDITY_MID + WIND_LOW,NO2_HIGH + PM25_HIGH,0.01462368386845184,0.21634615384615385,2.139268588095709
RAIN_LOW + TEMP_LOW + WIND_MID,O3_LOW + PM10_HIGH,0.01065904068633823,0.281786941580756,2.1389116345148063
HUMIDITY_HIGH + WIND_HIGH,PM10_LOW + PM25_LOW,0.011308982191602755,0.24369747899159663,2.1377020591588973
RAIN_HIGH + TEMP_LOW + WIND_LOW,NO2_HIGH + PM10_HIGH,0.010529052385285325,0.38207547169811323,2.1369004752988623
HUMIDITY_LOW + RADIATION_HIGH + TEMP_HIGH,PM25_MID,0.020538151566359027,0.28964252978918426,2.1363566458947214
HUMIDITY_LOW + RADIATION_HIGH + WIND_HIGH,NO2_LOW + PM10_LOW,0.015208631223189913,0.3371757925072046,2.1357705819332438
HUMIDITY_HIGH + RADIATION_LOW + RAIN_MID,NO2_HIGH,0.006499415052645262,0.704225352112676,2.135016998542982
HUMIDITY_LOW + TEMP_LOW + WIND_HIGH,O3_MID + PM10_LOW,0.005004549590536852,0.23053892215568864,2.134218926767404
HUMIDITY_MID + RADIATION_HIGH + RAIN_HIGH + WIND_HIGH,PM10_LOW,0.008644222020018199,0.5807860262008734,2.1342187244152466
TEMP_LOW,PM10_HIGH + PM25_HIGH,0.07266346028857402,0.2357157916930213,2.1333665711698973
HUMIDITY_HIGH + RAIN_HIGH + TEMP_MID + WIND_MID,PM10_LOW,0.010074093331600156,0.5805243445692884,2.133257120979955
HUMIDITY_HIGH + RADIATION_MID,O3_MID + PM10_LOW,0.009554140127388535,0.2304075235109718,2.1330025010468185
RAIN_LOW + TEMP_MID + WIND_LOW,NO2_MID + O3_MID,0.009489145976862082,0.2616487455197133,2.1322709738169006
HUMIDITY_MID + WIND_HIGH,NO2_LOW + O3_HIGH,0.026452619264266217,0.3656783468104223,2.131992059122833
RADIATION_MID + WIND_LOW,PM25_HIGH,0.015273625373716366,0.28519417475728154,2.1311304384728187
HUMIDITY_HIGH + RADIATION_LOW + RAIN_HIGH + TEMP_MID,PM10_LOW + PM25_LOW,0.00669439750422462,0.2429245283018868,2.1309217744885007
HUMIDITY_HIGH + RAIN_HIGH + TEMP_MID + WIND_MID,PM25_LOW,0.00545950864422202,0.3146067415730337,2.130519069473018
HUMIDITY_LOW + RADIATION_MID + RAIN_LOW + TEMP_LOW,PM10_HIGH,0.008969192772650462,0.5307692307692308,2.129443385818875
RAIN_HIGH + TEMP_HIGH,NO2_LOW,0.05602495775380216,0.7036734693877551,2.129148475909538
HUMIDITY_HIGH + RAIN_HIGH + WIND_HIGH,PM25_LOW,0.012218900298973092,0.31438127090301005,2.128992180507796
RAIN_HIGH + TEMP_HIGH,O3_HIGH,0.04634082932536072,0.5820408163265306,2.128155893536122
RADIATION_LOW + RAIN_LOW + TEMP_LOW,PM10_HIGH,0.03568178863902249,0.5304347826086957,2.1281015815429964
RADIATION_MID + RAIN_HIGH,PM25_LOW,0.013843754062134409,0.3141592920353982,2.1274889380530975
TEMP_LOW,PM25_HIGH,0.08774210321071103,0.2846299810246679,2.1269144672392133
HUMIDITY_LOW + RAIN_LOW + TEMP_LOW + WIND_LOW,PM10_HIGH,0.006889379955803978,0.53,2.1263572359843548
RADIATION_HIGH + RAIN_LOW + TEMP_HIGH + WIND_HIGH,NO2_LOW + PM10_LOW,0.009294163525282725,0.33568075117370894,2.126300550662283
RAIN_MID,NO2_HIGH + O3_LOW + PM10_HIGH,0.010074093331600156,0.248,2.1257537604456824
HUMIDITY_MID + RADIATION_HIGH + TEMP_HIGH,NO2_LOW + PM10_LOW,0.014363707266346028,0.3353566009104704,2.1242472876115674
RADIATION_LOW + WIND_LOW,PM10_HIGH,0.04530092291693748,0.5292331055429005,2.123280459421921
TEMP_MID + WIND_HIGH,NO2_LOW + PM10_LOW,0.030677239048485638,0.3347517730496454,2.120416130153085
RADIATION_MID + RAIN_HIGH + TEMP_MID + WIND_HIGH,O3_MID,0.007019368256856883,0.5775401069518716,2.1202653508855875
HUMIDITY_MID + RADIATION_HIGH + RAIN_HIGH,PM10_LOW,0.013453789158975693,0.5766016713091922,2.118842444414433
HUMIDITY_MID + RADIATION_LOW,NO2_HIGH + PM10_HIGH,0.010529052385285325,0.37850467289719625,2.1169294428194334
RADIATION_HIGH + TEMP_MID,PM10_LOW,0.02430781229689328,0.5753846153846154,2.1143701199684006
HUMIDITY_LOW + TEMP_LOW + WIND_LOW,PM10_HIGH,0.007019368256856883,0.526829268292683,2.1136362769103574
RADIATION_MID + RAIN_HIGH + TEMP_MID,O3_MID,0.015338619524242819,0.5756097560975609,2.1131786464607667
HUMIDITY_MID + RADIATION_LOW + TEMP_LOW,PM25_HIGH,0.006044455998960093,0.2826747720364742,2.1123040517499714
HUMIDITY_MID + RADIATION_MID + RAIN_LOW + TEMP_MID + WIND_LOW,PM10_HIGH,0.005849473547380735,0.5263157894736842,2.11157620256639
HUMIDITY_LOW + RAIN_LOW + TEMP_LOW + WIND_MID,NO2_HIGH,0.009229169374756272,0.696078431372549,2.110317782285328
HUMIDITY_HIGH + RADIATION_MID + RAIN_HIGH,O3_MID,0.013518783309502146,0.574585635359116,2.109418894210298
HUMIDITY_MID + RADIATION_HIGH + RAIN_HIGH + TEMP_HIGH,PM25_LOW,0.0055245027947484725,0.31135531135531136,2.108500361141206
RAIN_LOW + TEMP_LOW,PM10_HIGH,0.10555050045495905,0.5252263906856404,2.1072055403101078
HUMIDITY_HIGH + RADIATION_MID + TEMP_HIGH,O3_MID,0.005329520343169115,0.5734265734265734,2.1051637458223
RAIN_HIGH + TEMP_HIGH + WIND_MID,NO2_LOW + PM10_LOW,0.00695437410633043,0.33229813664596275,2.1048740759303346
RADIATION_LOW + TEMP_MID + WIND_HIGH,O3_MID,0.00942415182633563,0.5731225296442688,2.1040475402306655
HUMIDITY_LOW + RADIATION_MID + TEMP_LOW,PM10_HIGH,0.009164175224229819,0.5241635687732342,2.102941504340282
HUMIDITY_MID + RADIATION_HIGH + TEMP_HIGH,NO2_LOW,0.0297673209411153,0.6949924127465857,2.1028816642121866
HUMIDITY_MID + RADIATION_LOW,NO2_HIGH + PM25_HIGH,0.005914467697907188,0.21261682242990654,2.1023923071378805
RADIATION_HIGH + RAIN_LOW + TEMP_MID,PM25_LOW,0.009619134277914988,0.31027253668763105,2.1011678034665016
TEMP_HIGH + WIND_LOW,O3_HIGH,0.022942935135837776,0.5739837398373984,2.098696250270488
WIND_LOW,PM10_HIGH + PM25_HIGH,0.051930326270635645,0.23179576443284014,2.0978880185668696
HUMIDITY_HIGH + RADIATION_LOW + WIND_LOW,PM10_HIGH,0.035616794488496036,0.5229007633587787,2.097875135603173
RADIATION_LOW + RAIN_HIGH + TEMP_MID + WIND_HIGH,O3_MID,0.006499415052645262,0.5714285714285714,2.0978286805058457
HUMIDITY_HIGH + TEMP_MID,O3_MID + PM10_LOW,0.022747952684258416,0.22653721682847897,2.097173055428988
HUMIDITY_LOW + RAIN_LOW + TEMP_HIGH + WIND_MID,PM25_MID,0.012803847653711165,0.2842712842712843,2.0967392041217545
RADIATION_MID + WIND_MID,NO2_MID + O3_MID,0.014558689717925387,0.2571756601607348,2.095818171203954
RADIATION_MID + RAIN_LOW + TEMP_HIGH,NO2_MID + O3_MID,0.006239438450539451,0.25668449197860965,2.091815462702801
HUMIDITY_MID + RAIN_LOW + TEMP_HIGH + WIND_MID,NO2_LOW + O3_HIGH,0.009554140127388535,0.35853658536585364,2.09035388497121
HUMIDITY_HIGH + TEMP_HIGH + WIND_MID,O3_MID,0.005069543741063305,0.5693430656934306,2.090172371452905
HUMIDITY_HIGH + RADIATION_LOW + WIND_MID,NO2_HIGH + O3_LOW + PM10_HIGH,0.005784479396854283,0.24383561643835616,2.0900583813484945
RAIN_HIGH + WIND_HIGH,O3_MID + PM10_LOW,0.01982321591056805,0.22575869726128794,2.0899658941409003
RADIATION_MID + WIND_LOW,PM10_HIGH,0.027882490575848174,0.5206310679611651,2.08876912950469
HUMIDITY_MID + WIND_LOW,PM10_HIGH + PM25_HIGH,0.015598596126348629,0.23076923076923078,2.0885972850678733
HUMIDITY_MID + RADIATION_HIGH + WIND_HIGH,PM10_LOW + PM25_LOW,0.005849473547380735,0.23809523809523808,2.088559483086279
HUMIDITY_HIGH + RAIN_HIGH + TEMP_MID,PM10_LOW,0.040166385025347716,0.5680147058823529,2.087287858778572
HUMIDITY_MID + RAIN_HIGH + TEMP_MID + WIND_HIGH,NO2_LOW + O3_HIGH,0.005069543741063305,0.3577981651376147,2.086048718759886
HUMIDITY_HIGH + WIND_LOW,NO2_HIGH + PM10_HIGH,0.04406603405693488,0.37293729372937295,2.085791785285399
HUMIDITY_HIGH + RADIATION_LOW + RAIN_HIGH + TEMP_LOW,NO2_HIGH,0.023202911737943584,0.6878612716763006,2.0854056208889777
RADIATION_HIGH + RAIN_HIGH,PM10_LOW,0.02105810477057065,0.5674255691768827,2.085122953751019
HUMIDITY_MID + RAIN_HIGH + WIND_MID,NO2_LOW + O3_HIGH,0.007019368256856883,0.3576158940397351,2.0849860347462537
HUMIDITY_MID + RADIATION_LOW + RAIN_LOW + TEMP_LOW,PM10_HIGH,0.008579227869491746,0.5196850393700787,2.0849736677309076
HUMIDITY_HIGH + RAIN_HIGH + TEMP_MID + WIND_HIGH,O3_MID,0.013063824255816977,0.5677966101694916,2.0844950236382243
RAIN_HIGH + TEMP_MID,PM10_LOW,0.06752892239698427,0.5671397379912664,2.0840726077701515
HUMIDITY_MID + RAIN_LOW + WIND_LOW,NO2_HIGH + PM10_HIGH,0.02203301702846744,0.37252747252747254,2.08349970640047
HUMIDITY_MID + RADIATION_LOW + RAIN_LOW,PM25_HIGH,0.0055245027947484725,0.2786885245901639,2.0825165805460233
HUMIDITY_LOW + TEMP_LOW + WIND_LOW,O3_LOW,0.0076043156115949565,0.5707317073170731,2.0813647899456003
RADIATION_LOW,NO2_HIGH + PM25_HIGH,0.03529182373586377,0.21046511627906977,2.0811158605846836
RADIATION_HIGH + RAIN_LOW + TEMP_HIGH + WIND_LOW,PM10_MID,0.00792928636422722,0.5213675213675214,2.0797927621884065
HUMIDITY_HIGH + RADIATION_LOW + WIND_MID,O3_LOW + PM10_HIGH,0.006499415052645262,0.273972602739726,2.0795966777273924
RADIATION_HIGH + RAIN_HIGH + WIND_HIGH,PM25_LOW,0.007019368256856883,0.3068181818181818,2.0777748879641487
TEMP_LOW + WIND_MID,NO2_HIGH + PM10_HIGH,0.020668139867411933,0.37149532710280375,2.077727045730185
HUMIDITY_MID + RAIN_LOW + WIND_LOW,PM25_HIGH,0.01644352008319251,0.278021978021978,2.077535771659132
RADIATION_MID + RAIN_LOW + WIND_MID,O3_MID,0.021773040426361627,0.5658783783783784,2.0774528107205272
RAIN_HIGH + WIND_LOW,NO2_HIGH + O3_LOW,0.02339789418952294,0.41189931350114417,2.0771821820808274
RADIATION_HIGH + WIND_HIGH,NO2_LOW,0.04991550760431561,0.6863270777479893,2.0766624224642207
HUMIDITY_HIGH + RADIATION_MID + TEMP_MID,PM25_LOW,0.00695437410633043,0.30659025787965616,2.076231385447355
HUMIDITY_MID + RAIN_LOW + TEMP_MID + WIND_HIGH,O3_MID,0.006174444300012999,0.5654761904761905,2.075976298417243
RADIATION_HIGH + RAIN_LOW + TEMP_HIGH,PM25_MID,0.024892759651631353,0.2814107274063189,2.075640197446607
HUMIDITY_MID + RADIATION_LOW,NO2_HIGH,0.019043286104250618,0.6845794392523364,2.0754560103126005
HUMIDITY_HIGH + RADIATION_MID + TEMP_MID,PM10_LOW,0.012803847653711165,0.5644699140401146,2.0742617858660624
HUMIDITY_MID + RADIATION_MID + RAIN_HIGH + WIND_HIGH,PM10_LOW,0.00519953204211621,0.5633802816901409,2.0702577057760947
RADIATION_HIGH + RAIN_LOW + TEMP_MID + WIND_HIGH,NO2_LOW + PM10_LOW,0.005329520343169115,0.3266932270916335,2.069370931260549
HUMIDITY_LOW + RADIATION_HIGH + TEMP_HIGH + WIND_LOW,PM10_MID,0.0053945144936955675,0.51875,2.0693511796733213
RADIATION_LOW + RAIN_HIGH + TEMP_MID,PM10_LOW + PM25_LOW,0.007279344858962694,0.23578947368421052,2.0683334333553383
RAIN_HIGH + TEMP_MID,NO2_LOW + PM10_LOW,0.038866502014818664,0.32641921397379914,2.0676352516265433
HUMIDITY_MID + TEMP_HIGH + WIND_HIGH,NO2_LOW + PM10_LOW,0.011243988041076304,0.3264150943396226,2.0676091566527104
WIND_LOW,NO2_HIGH + O3_LOW,0.09183673469387756,0.40992167101827676,2.0672090561413325
RADIATION_HIGH + RAIN_HIGH + WIND_HIGH,PM10_LOW,0.012868841804237618,0.5625,2.0670229281108194
HUMIDITY_HIGH + TEMP_LOW + WIND_MID,NO2_HIGH + PM10_HIGH,0.009294163525282725,0.3695090439276486,2.06661801158517
HUMIDITY_HIGH + RADIATION_LOW + RAIN_HIGH + WIND_LOW,PM25_HIGH,0.008124268815806577,0.27654867256637167,2.0665264089879525
HUMIDITY_MID + RAIN_LOW + TEMP_LOW + WIND_MID,O3_LOW,0.008059274665280124,0.5662100456621004,2.06487503260419
RAIN_MID + WIND_LOW,PM10_HIGH,0.00571948524632783,0.5146198830409356,2.0646522869538035
RADIATION_HIGH + RAIN_HIGH,PM25_LOW,0.011308982191602755,0.30472854640980734,2.063623862262894
HUMIDITY_MID + RADIATION_MID + WIND_MID,O3_MID,0.015728584427401535,0.5614849187935035,2.061323541053888
HUMIDITY_LOW + RAIN_LOW + TEMP_LOW + WIND_LOW,O3_LOW,0.007344339009489146,0.565,2.0604621948328985
HUMIDITY_LOW + TEMP_HIGH + WIND_MID,PM25_MID,0.013453789158975693,0.2793522267206478,2.0604570279596772
TEMP_MID + WIND_HIGH,PM25_LOW,0.027882490575848174,0.30425531914893617,2.0604191639196885
HUMIDITY_MID + RADIATION_HIGH + WIND_HIGH,PM25_LOW,0.0074743273105420515,0.30423280423280424,2.0602666927490874
RADIATION_LOW + RAIN_MID,NO2_HIGH,0.007994280514753671,0.6795580110497237,2.0602324252238517
HUMIDITY_LOW + RADIATION_HIGH + RAIN_LOW + TEMP_HIGH + WIND_LOW,PM10_MID,0.005329520343169115,0.5157232704402516,2.057277220376902
HUMIDITY_MID + TEMP_LOW + WIND_MID,O3_LOW,0.009164175224229819,0.564,2.0568153590898315
RAIN_HIGH + TEMP_LOW + WIND_HIGH,O3_LOW,0.006889379955803978,0.5638297872340425,2.0561946210910116
HUMIDITY_LOW + RADIATION_HIGH + RAIN_LOW + WIND_HIGH,NO2_LOW + PM10_LOW,0.012478876901078902,0.32432432432432434,2.0543656047978813
HUMIDITY_LOW + RADIATION_HIGH + RAIN_LOW + TEMP_HIGH + WIND_MID,PM25_MID,0.008384245417912387,0.27801724137931033,2.050610391113168
HUMIDITY_HIGH + RADIATION_MID + WIND_HIGH,PM10_LOW,0.0056544910958013775,0.5576923076923077,2.0493560654773937
HUMIDITY_HIGH + RADIATION_MID + RAIN_HIGH,NO2_MID + O3_MID,0.005914467697907188,0.2513812154696133,2.0485971298810752
HUMIDITY_LOW + TEMP_MID + WIND_HIGH,PM10_LOW + PM25_LOW,0.009359157675809178,0.233387358184765,2.047262196710829
HUMIDITY_MID + RADIATION_HIGH + TEMP_HIGH + WIND_MID,NO2_LOW,0.011958923696867282,0.6764705882352942,2.0468390305974897
HUMIDITY_MID + RADIATION_MID + TEMP_HIGH + WIND_LOW,NO2_MID,0.005069543741063305,0.6724137931034483,2.0466386984549265
HUMIDITY_HIGH + RADIATION_LOW + RAIN_HIGH + WIND_HIGH,PM10_LOW,0.009879110880020798,0.5567765567765568,2.0459909487853123
RADIATION_LOW + RAIN_HIGH + TEMP_LOW,NO2_HIGH,0.025477707006369428,0.6746987951807228,2.0455006231823845
TEMP_MID + WIND_MID,O3_MID + PM10_LOW,0.015013648771610554,0.2208413001912046,2.0444429872093104
RADIATION_LOW + RAIN_HIGH + WIND_LOW,PM25_HIGH,0.008384245417912387,0.2733050847457627,2.0422885060215177
HUMIDITY_MID + RAIN_HIGH + WIND_HIGH,O3_HIGH,0.0211230989210971,0.5584192439862543,2.041786712921224
HUMIDITY_MID + RADIATION_MID + RAIN_LOW,NO2_MID + O3_MID,0.015013648771610554,0.25054229934924077,2.0417604967094376
RADIATION_HIGH + RAIN_LOW + TEMP_MID,PM10_LOW + PM25_LOW,0.007214350708436241,0.23270440251572327,2.0412713438465895
RAIN_LOW + TEMP_MID + WIND_MID,O3_MID,0.021968022877940984,0.555921052631579,2.040897474538171
HUMIDITY_HIGH + RAIN_LOW,NO2_HIGH,0.06421422072013519,0.6730245231607629,2.0404246922860096
RADIATION_HIGH + RAIN_LOW + WIND_HIGH,NO2_LOW + PM10_LOW,0.015533601975822176,0.3221024258760108,2.0402914469033764
HUMIDITY_LOW + RADIATION_MID + RAIN_LOW + WIND_HIGH,O3_MID,0.00844923956843884,0.5555555555555556,2.039555661602906
RADIATION_MID + RAIN_HIGH + TEMP_MID + WIND_HIGH,NO2_LOW,0.00818926296633303,0.6737967914438503,2.0387487577492784
WIND_LOW,PM25_HIGH,0.061094501494865464,0.2727008993327531,2.037773694576852
RAIN_LOW + WIND_LOW,NO2_HIGH + O3_LOW,0.06284934355907969,0.4037578288100209,2.0361251897971098
HUMIDITY_MID + RAIN_LOW + TEMP_HIGH + WIND_HIGH,NO2_LOW,0.008384245417912387,0.671875,2.0329338741396263
HUMIDITY_MID + RADIATION_HIGH,NO2_LOW,0.03776160145586897,0.6716763005780347,2.0323326569702345
RADIATION_HIGH + RAIN_HIGH + WIND_MID,PM10_LOW,0.005784479396854283,0.5527950310559007,2.0313600066458295
RAIN_HIGH + TEMP_HIGH + WIND_HIGH,O3_HIGH + PM10_MID,0.006824385805277525,0.20114942528735633,2.0307644734063417
HUMIDITY_LOW + TEMP_LOW + WIND_MID,NO2_HIGH,0.009489145976862082,0.6697247706422018,2.030420752926289
HUMIDITY_HIGH + TEMP_LOW,PM10_HIGH,0.0742233199012089,0.5057573073516386,2.0290956795077735
RADIATION_MID + RAIN_HIGH + WIND_MID,PM10_LOW,0.008644222020018199,0.5518672199170125,2.0279505721622053
HUMIDITY_MID + RADIATION_MID + TEMP_HIGH,NO2_MID + O3_MID,0.005914467697907188,0.24863387978142076,2.0262080902102433
RADIATION_HIGH + RAIN_LOW + TEMP_HIGH + WIND_HIGH,PM25_MID,0.0076043156115949565,0.2746478873239437,2.0257585783155307
HUMIDITY_MID + TEMP_LOW,PM10_HIGH,0.034446899779019886,0.5047619047619047,2.0251021295089093
RAIN_HIGH + WIND_HIGH,PM25_LOW,0.02625763681268686,0.2990377498149519,2.025085747646501
RAIN_LOW + TEMP_LOW + WIND_HIGH,NO2_MID + O3_MID,0.007994280514753671,0.24848484848484845,2.024993579866461
HUMIDITY_HIGH + RADIATION_LOW,PM10_HIGH + PM25_HIGH,0.026517613414792668,0.22343921139101863,2.0222562979189487
RADIATION_LOW + RAIN_HIGH + WIND_HIGH,PM10_LOW,0.011763941245287924,0.5501519756838906,2.0216475514383427
RAIN_HIGH + TEMP_HIGH + WIND_MID,NO2_LOW,0.013973742363187313,0.6677018633540373,2.0203069556667095
RAIN_HIGH + TEMP_LOW,PM25_HIGH,0.019173274405303524,0.2698993595608417,2.0168390219539147
HUMIDITY_LOW + RADIATION_HIGH + TEMP_HIGH + WIND_HIGH,PM25_MID,0.006824385805277525,0.2734375,2.0168309563758386
HUMIDITY_HIGH + RADIATION_LOW + RAIN_HIGH + WIND_MID,NO2_HIGH + O3_LOW,0.006304432601065904,0.3991769547325103,2.0130241316009188
HUMIDITY_HIGH + RADIATION_LOW + RAIN_HIGH + TEMP_MID,PM25_LOW,0.00818926296633303,0.2971698113207547,2.0124360550093012
RAIN_LOW + TEMP_HIGH + WIND_LOW,NO2_MID + PM10_MID,0.006889379955803978,0.2111553784860558,2.011663562468393
RADIATION_HIGH + TEMP_HIGH,NO2_LOW,0.07864292213700767,0.6648351648351648,2.011633008093185
HUMIDITY_LOW + RAIN_LOW + TEMP_MID + WIND_HIGH,PM10_LOW + PM25_LOW,0.008059274665280124,0.22920517560073936,2.010576300908196
RADIATION_HIGH + RAIN_LOW + WIND_LOW,PM10_MID,0.009229169374756272,0.5035460992907801,2.0087011365537832
HUMIDITY_MID + RADIATION_HIGH + TEMP_HIGH + WIND_HIGH,PM25_LOW,0.0053945144936955675,0.29642857142857143,2.007416373239437
RAIN_HIGH + TEMP_MID,PM25_LOW,0.03529182373586377,0.29639737991266374,2.0072051440740513
RADIATION_MID + RAIN_HIGH + WIND_HIGH,NO2_LOW,0.012543871051605355,0.6632302405498282,2.0067768891051436
HUMIDITY_LOW + RAIN_LOW + WIND_MID,O3_HIGH,0.04166125048745613,0.5488013698630136,2.006620217849888
RADIATION_MID + RAIN_HIGH,PM10_LOW,0.02404783569478747,0.5457227138643068,2.0053713101304576
HUMIDITY_LOW + RAIN_LOW + TEMP_HIGH,PM25_MID,0.030092291693747563,0.271873165002936,2.005292673410917
RADIATION_LOW + TEMP_LOW + WIND_MID,NO2_HIGH + PM10_HIGH,0.008319251267385936,0.3585434173669468,2.0052886294466896
HUMIDITY_HIGH + RAIN_HIGH + TEMP_LOW + WIND_MID,NO2_HIGH,0.008124268815806577,0.6613756613756614,2.005108556832695
HUMIDITY_LOW + RADIATION_MID + WIND_HIGH,O3_MID,0.009229169374756272,0.5461538461538461,2.0050401042527026
RAIN_LOW + TEMP_LOW + WIND_MID,PM25_HIGH,0.01013908748212661,0.26804123711340205,2.002954091416612
HUMIDITY_MID + RAIN_LOW + TEMP_HIGH + WIND_LOW,O3_HIGH,0.008709216170544652,0.5469387755102041,1.9998098859315592
RAIN_LOW + TEMP_LOW + WIND_MID,O3_LOW,0.020733134017938387,0.5481099656357389,1.9988670138116802
RADIATION_HIGH + TEMP_HIGH + WIND_MID,NO2_LOW,0.03451189392954634,0.6604477611940298,1.9983577686787302
HUMIDITY_MID + RAIN_LOW + TEMP_LOW + WIND_MID,PM10_HIGH,0.007084362407383336,0.4977168949771689,1.9968375869931476
HUMIDITY_LOW + RAIN_HIGH,O3_HIGH,0.01039906408423242,0.5460750853242321,1.9966519160643146
HUMIDITY_MID + RADIATION_MID + RAIN_LOW,O3_MID,0.03256206941375276,0.5433839479392624,1.9948712533985902
RADIATION_MID + RAIN_LOW + WIND_HIGH,NO2_MID + O3_MID,0.006824385805277525,0.24475524475524477,1.994599679981036
RADIATION_HIGH + TEMP_HIGH + WIND_LOW,PM10_MID,0.008384245417912387,0.5,1.9945553539019965
HUMIDITY_LOW + RAIN_LOW + TEMP_LOW + WIND_HIGH,O3_MID,0.011049005589496945,0.5431309904153354,1.9939425956884635
HUMIDITY_LOW + RADIATION_HIGH + TEMP_HIGH + WIND_MID,PM25_MID,0.008709216170544652,0.2701612903225806,1.9926661615068193
HUMIDITY_MID + RAIN_HIGH + WIND_MID,NO2_LOW + PM10_LOW,0.006174444300012999,0.31456953642384106,1.9925759108345897
HUMIDITY_MID + RADIATION_MID + RAIN_HIGH,PM25_LOW,0.005329520343169115,0.2939068100358423,1.9903389873289918
HUMIDITY_MID + WIND_LOW,PM25_HIGH,0.018003379695827375,0.26634615384615384,1.9902874808532893
HUMIDITY_MID + RAIN_HIGH + WIND_HIGH,PM25_LOW,0.011113999740023398,0.29381443298969073,1.9897134093219109
RAIN_HIGH + TEMP_LOW + WIND_MID,NO2_HIGH,0.009294163525282725,0.6559633027522935,1.9886997785510914
HUMIDITY_MID + TEMP_MID,O3_MID,0.049460548550630444,0.5412517780938834,1.987043631055235
HUMIDITY_MID + RADIATION_HIGH + WIND_MID,NO2_LOW + PM10_LOW,0.006889379955803978,0.3136094674556213,1.9864945517794108
RADIATION_HIGH + RAIN_LOW + TEMP_HIGH + WIND_MID,PM25_MID,0.011373976342129208,0.2692307692307692,1.9858027878162103
HUMIDITY_LOW + RADIATION_HIGH + RAIN_LOW + WIND_LOW,PM10_MID,0.006239438450539451,0.49740932642487046,1.9842208702030224
RADIATION_MID + WIND_MID,O3_MID,0.030547250747432732,0.539609644087256,1.9810150283766454
HUMIDITY_HIGH,O3_LOW,0.15039646431821135,0.5431924882629108,1.980933781562727
RAIN_LOW + TEMP_MID + WIND_LOW,O3_MID,0.019563239308462238,0.5394265232974911,1.9803427552983055
HUMIDITY_MID + TEMP_HIGH + WIND_LOW,O3_HIGH,0.01020408163265306,0.5413793103448276,1.9794824308378132
HUMIDITY_HIGH + RADIATION_LOW + RAIN_HIGH + TEMP_MID + WIND_HIGH,O3_MID,0.0053945144936955675,0.538961038961039,1.9786338691134684
HUMIDITY_LOW + RADIATION_LOW + TEMP_LOW,NO2_HIGH + O3_LOW,0.005914467697907188,0.3922413793103448,1.978048463477209
HUMIDITY_LOW + RAIN_LOW + TEMP_MID + WIND_HIGH,PM25_LOW,0.010269075783179513,0.2920517560073937,1.9777765483845773
RADIATION_MID + TEMP_HIGH + WIND_HIGH,O3_HIGH,0.006044455998960093,0.5406976744186046,1.9769901184896985
RAIN_HIGH + TEMP_HIGH + WIND_MID,O3_HIGH,0.011308982191602755,0.5403726708074534,1.9758017854190777
HUMIDITY_LOW + TEMP_MID + WIND_HIGH,PM25_LOW,0.01169894709476147,0.2917341977309562,1.9756260415002167
TEMP_MID + WIND_HIGH,PM10_LOW,0.049265566099051084,0.5375886524822695,1.9754810143520896
HUMIDITY_LOW + WIND_MID,O3_HIGH,0.04452099311062004,0.5402208201892744,1.975246563553274
HUMIDITY_HIGH + RADIATION_LOW + TEMP_MID,O3_LOW,0.0186533212010919,0.5415094339622641,1.974795958981606
HUMIDITY_LOW + RADIATION_HIGH + WIND_LOW,PM10_MID,0.006304432601065904,0.49489795918367346,1.9742027482499351
HUMIDITY_LOW + RADIATION_HIGH + TEMP_MID,PM10_LOW,0.01462368386845184,0.5369928400954654,1.9732915781487537
HUMIDITY_HIGH + RAIN_HIGH + WIND_HIGH,PM10_LOW,0.02086312231899129,0.5367892976588629,1.9725436192451073
HUMIDITY_HIGH + RADIATION_LOW + RAIN_HIGH,NO2_HIGH + O3_LOW,0.02580267775900169,0.3911330049261083,1.9724590015709937
HUMIDITY_HIGH + TEMP_HIGH,O3_MID,0.015013648771610554,0.5372093023255814,1.9722028932429958
HUMIDITY_HIGH + RADIATION_LOW + RAIN_HIGH + WIND_LOW,NO2_HIGH,0.01910828025477707,0.6504424778761062,1.971962160512664
HUMIDITY_HIGH + TEMP_MID + WIND_HIGH,O3_MID,0.01364877161055505,0.5370843989769821,1.9717443480457761
HUMIDITY_MID + RAIN_HIGH + TEMP_HIGH + WIND_HIGH,PM25_LOW,0.006109450149486546,0.29102167182662536,1.9708008110583002
HUMIDITY_LOW + RADIATION_HIGH + TEMP_HIGH + WIND_MID,NO2_LOW,0.020993110620044195,0.6512096774193549,1.9704055254226536
RAIN_LOW + TEMP_MID,O3_MID,0.08637722604965553,0.5365361324182479,1.969731551750695
HUMIDITY_HIGH + RAIN_MID + WIND_LOW,NO2_HIGH,0.005784479396854283,0.6496350364963503,1.9695142209916938
HUMIDITY_MID + RADIATION_HIGH + WIND_MID,NO2_LOW,0.014298713115819576,0.650887573964497,1.969430917014307
RADIATION_HIGH + TEMP_MID,NO2_MID + O3_MID,0.01020408163265306,0.24153846153846154,1.9683849413298564
HUMIDITY_HIGH + RAIN_LOW + TEMP_LOW + WIND_MID,PM10_HIGH,0.005069543741063305,0.49056603773584906,1.9681483850335786
HUMIDITY_LOW + TEMP_LOW + WIND_HIGH,O3_MID,0.01163395294423502,0.5359281437125748,1.9674995034983718
HUMIDITY_HIGH + RADIATION_LOW + RAIN_HIGH + TEMP_MID,PM10_LOW,0.014753672169504744,0.535377358490566,1.967355155895832
RADIATION_MID + TEMP_MID + WIND_HIGH,PM10_LOW,0.014298713115819576,0.5352798053527981,1.9669966766558757
HUMIDITY_LOW + RADIATION_HIGH + TEMP_HIGH,NO2_LOW,0.046080852723254906,0.6498625114573785,1.9663293217862783
RADIATION_HIGH + TEMP_MID + WIND_HIGH,NO2_LOW + O3_HIGH,0.00792928636422722,0.3370165745856354,1.9648870847194337
HUMIDITY_MID + RADIATION_MID + TEMP_MID + WIND_LOW,PM10_HIGH,0.006174444300012999,0.4896907216494845,1.9646366214599658
HUMIDITY_HIGH + RADIATION_MID + RAIN_LOW,PM10_HIGH,0.0076043156115949565,0.4895397489539749,1.9640309197929224
RADIATION_MID + TEMP_MID + WIND_HIGH,NO2_MID + O3_MID,0.006434420902118809,0.24087591240875914,1.962985587034517
RADIATION_LOW + RAIN_LOW + WIND_MID,NO2_HIGH + PM10_HIGH,0.00519953204211621,0.3508771929824561,1.962412392303915
RADIATION_LOW + RAIN_HIGH + WIND_LOW,NO2_HIGH,0.01982321591056805,0.6461864406779662,1.9590590298071304
HUMIDITY_HIGH + TEMP_MID,PM10_LOW + PM25_LOW,0.022422981931626153,0.22330097087378642,1.9587849132634423
HUMIDITY_MID + RAIN_LOW + WIND_LOW,PM10_HIGH,0.028857402833744963,0.4879120879120879,1.957500752181326
RADIATION_LOW + RAIN_HIGH + TEMP_MID,PM10_LOW,0.01644352008319251,0.5326315789473683,1.9572652194134725
HUMIDITY_HIGH + RADIATION_LOW,NO2_HIGH + PM10_HIGH,0.041531262186403226,0.34994523548740414,1.957200070232352
RAIN_HIGH + TEMP_MID + WIND_MID,PM25_LOW,0.0076043156115949565,0.28888888888888886,1.9563575899843504
HUMIDITY_HIGH + WIND_LOW,NO2_HIGH,0.07623813856752892,0.6452145214521452,1.95611243883009
HUMIDITY_HIGH + RAIN_HIGH + TEMP_LOW,NO2_HIGH,0.035551800337969584,0.6450471698113207,1.9556050748210798
HUMIDITY_MID + RAIN_HIGH,NO2_LOW,0.04900558949694527,0.6461011139674379,1.9549482280241886
HUMIDITY_MID + RADIATION_MID + RAIN_LOW,PM10_HIGH,0.029182373586377226,0.48698481561822127,1.9537805405741728
RAIN_MID + TEMP_MID,PM10_LOW,0.0056544910958013775,0.5304878048780488,1.9493874769175208
RADIATION_LOW + RAIN_LOW,PM10_HIGH,0.039776420122189,0.4857142857142857,1.948683181225554
HUMIDITY_HIGH + RAIN_HIGH + WIND_LOW,O3_LOW + PM10_HIGH,0.012673859352658261,0.2565789473684211,1.9475696518058838
HUMIDITY_MID + RAIN_HIGH,PM10_LOW + PM25_LOW,0.01683348498635123,0.22193658954584405,1.9468166287071589
HUMIDITY_MID + RADIATION_HIGH + RAIN_HIGH + TEMP_HIGH + WIND_HIGH,PM10_LOW,0.005784479396854283,0.5297619047619048,1.9467200063689198
HUMIDITY_LOW + RADIATION_HIGH + RAIN_LOW + TEMP_HIGH + WIND_MID,NO2_LOW,0.01936825685688288,0.6422413793103449,1.9432695893940934
HUMIDITY_LOW + TEMP_MID + WIND_HIGH,PM10_LOW,0.021188093071623552,0.5283630470016207,1.9415796133668346
HUMIDITY_MID + RADIATION_MID + WIND_LOW,O3_MID,0.015208631223189913,0.5282167042889391,1.9391892656143204
RADIATION_LOW + RAIN_HIGH + TEMP_MID,PM25_LOW,0.008839204471597556,0.2863157894736842,1.938932542624166
HUMIDITY_MID + RADIATION_MID + TEMP_MID + WIND_HIGH,NO2_LOW,0.00695437410633043,0.6407185628742516,1.9386619092199084
HUMIDITY_MID + RADIATION_HIGH + RAIN_LOW + TEMP_HIGH + WIND_MID,NO2_LOW,0.007409333160015599,0.6404494382022472,1.9378476020019224
RADIATION_HIGH + RAIN_LOW + TEMP_HIGH + WIND_MID,NO2_LOW,0.02703756661900429,0.64,1.936487708947886
TEMP_HIGH + WIND_LOW,NO2_MID + PM10_MID,0.008124268815806577,0.2032520325203252,1.9363688992927082
HUMIDITY_LOW + RADIATION_HIGH + WIND_HIGH,NO2_LOW,0.028857402833744963,0.6397694524495677,1.935790126920167
HUMIDITY_LOW + RAIN_LOW + TEMP_MID,PM10_LOW + PM25_LOW,0.01540361367476927,0.2206703910614525,1.935709599128568
HUMIDITY_LOW + TEMP_MID,PM10_LOW + PM25_LOW,0.01813336799688028,0.22055335968379447,1.9346830057553372
HUMIDITY_MID + RADIATION_MID + TEMP_MID + WIND_HIGH,O3_MID,0.00571948524632783,0.5269461077844312,1.934524651484433
HUMIDITY_LOW + RADIATION_LOW + RAIN_LOW + WIND_HIGH,PM10_LOW,0.00519953204211621,0.5263157894736842,1.934056540922404
HUMIDITY_MID + RADIATION_MID + RAIN_LOW,PM10_HIGH + PM25_HIGH,0.012803847653711165,0.21366594360086769,1.9338024754370295
RADIATION_LOW + TEMP_LOW,PM10_HIGH,0.05556999870011699,0.48169014084507045,1.9325383329966763
HUMIDITY_LOW + RADIATION_MID + RAIN_LOW,O3_MID,0.020733134017938387,0.5264026402640264,1.9325294734197829
RAIN_MID + TEMP_HIGH,NO2_LOW,0.005849473547380735,0.6382978723404256,1.9313374756794075
RADIATION_MID + RAIN_LOW + TEMP_HIGH + WIND_LOW,NO2_MID,0.005979461848433641,0.6344827586206897,1.931187284695931
HUMIDITY_MID + WIND_LOW,NO2_HIGH + PM10_HIGH,0.02333290003899649,0.3451923076923077,1.9306175376786063
RAIN_HIGH + TEMP_LOW,NO2_HIGH,0.04523592876641102,0.636779505946935,1.9305397987191215
HUMIDITY_MID + RADIATION_MID + RAIN_LOW,NO2_HIGH + PM10_HIGH,0.020668139867411933,0.34490238611713664,1.9289960424566575
HUMIDITY_MID + RAIN_HIGH + TEMP_MID,PM25_LOW,0.007994280514753671,0.2847222222222222,1.928140893974961
RAIN_LOW + TEMP_HIGH + WIND_MID,PM25_MID,0.01910828025477707,0.2613333333333333,1.9275525727069347
HUMIDITY_MID + RADIATION_HIGH + RAIN_HIGH + TEMP_HIGH,PM10_LOW,0.009294163525282725,0.5238095238095238,1.9248467478703926
TEMP_HIGH + WIND_HIGH,NO2_LOW + PM10_LOW,0.025477707006369428,0.30387596899224806,1.9248397113687643
TEMP_LOW,PM10_HIGH,0.14766670999610035,0.4790217162133671,1.9218326272904476
RADIATION_MID + TEMP_MID + WIND_HIGH,PM10_LOW + PM25_LOW,0.005849473547380735,0.21897810218978103,1.9208649260501545
HUMIDITY_LOW + RAIN_HIGH,NO2_LOW,0.012088911997920187,0.6348122866894198,1.9207909229111924
HUMIDITY_MID + RADIATION_LOW + RAIN_LOW,PM10_HIGH,0.009489145976862082,0.4786885245901639,1.9204958642357919
RADIATION_MID + TEMP_HIGH + WIND_HIGH,NO2_LOW,0.007084362407383336,0.6337209302325582,1.9174887379662025
RADIATION_LOW + WIND_MID,NO2_HIGH + O3_LOW + PM10_HIGH,0.007864292213700767,0.22365988909426987,1.917120364125034
TEMP_MID + WIND_MID,O3_MID,0.03548680618744313,0.5219885277246654,1.9163243826226921
HUMIDITY_LOW + RADIATION_HIGH + RAIN_LOW + TEMP_HIGH,NO2_LOW,0.04062134407903289,0.6332320162107397,1.9160094004756028
HUMIDITY_LOW + RADIATION_LOW + RAIN_LOW + TEMP_LOW,NO2_HIGH + O3_LOW,0.005134537891589757,0.3798076923076923,1.915346166452361
HUMIDITY_HIGH + RAIN_LOW + WIND_MID,NO2_HIGH + PM10_HIGH,0.005784479396854283,0.3423076923076923,1.9144842434918772
WIND_LOW,NO2_HIGH + PM10_HIGH,0.07662810347068764,0.34203655352480417,1.9129677980852915
RADIATION_MID + TEMP_HIGH,NO2_MID + O3_MID,0.009619134277914988,0.23454833597464342,1.9114198608611566
HUMIDITY_MID + TEMP_MID + WIND_HIGH,NO2_LOW,0.01644352008319251,0.6309226932668328,1.9090219387617482
WIND_LOW,O3_LOW,0.11724944754972053,0.5233536408471134,1.9085847637055433
HUMIDITY_LOW + RADIATION_MID,O3_MID,0.02209801117899389,0.5198776758409785,1.9085750227843703
HUMIDITY_HIGH + RAIN_HIGH + TEMP_HIGH,O3_MID,0.010269075783179513,0.5197368421052632,1.908057993946929
HUMIDITY_MID + TEMP_MID,NO2_MID + O3_MID,0.021383075523202913,0.23399715504978663,1.9069280866504328
HUMIDITY_LOW + RADIATION_MID + RAIN_LOW + TEMP_LOW,O3_MID,0.008774210321071103,0.5192307692307693,1.906200099113485
HUMIDITY_HIGH + RAIN_HIGH + WIND_LOW,NO2_HIGH + O3_LOW + PM10_HIGH,0.010984011438970492,0.22236842105263158,1.906050432487905
HUMIDITY_MID + RADIATION_HIGH + WIND_HIGH,PM10_LOW,0.012738853503184714,0.5185185185185185,1.905403851427257
HUMIDITY_HIGH,O3_LOW + PM10_HIGH,0.06947874691277785,0.2509389671361502,1.9047592246456868
HUMIDITY_MID + RADIATION_MID + RAIN_LOW + WIND_LOW,O3_MID,0.013518783309502146,0.5187032418952618,1.9042634406586731
HUMIDITY_LOW + RAIN_LOW + TEMP_MID,PM25_LOW,0.019628233458988693,0.2811918063314711,1.9042328927007106
HUMIDITY_LOW + RADIATION_LOW + WIND_HIGH,PM10_LOW,0.0056544910958013775,0.5178571428571429,1.9029734893718655
HUMIDITY_MID + RADIATION_MID,O3_MID,0.042311191992720654,0.518312101910828,1.9028274874731568
HUMIDITY_LOW + RAIN_LOW + TEMP_MID + WIND_HIGH,PM10_LOW,0.018198362147406732,0.5175600739371534,1.9018818480050257
RAIN_LOW + WIND_LOW,PM10_HIGH,0.07376836084752372,0.47390396659707723,1.9013002425195906
HUMIDITY_LOW + TEMP_HIGH,NO2_LOW,0.08351748342649161,0.628361858190709,1.9012734611843163
HUMIDITY_MID + WIND_HIGH,NO2_LOW + PM10_LOW,0.021708046275835176,0.3000898472596586,1.9008573033911516
RADIATION_LOW,PM25_HIGH,0.04263616274535292,0.25426356589147286,1.8999996235095684
RADIATION_MID + RAIN_LOW + WIND_HIGH,O3_MID,0.014428701416872481,0.5174825174825175,1.899781916961588
RADIATION_HIGH + WIND_LOW,PM10_MID,0.009749122578967893,0.47619047619047616,1.8995765275257108
RADIATION_LOW + RAIN_HIGH,NO2_HIGH + O3_LOW,0.02781749642532172,0.376429199648197,1.8983086416870398
RADIATION_HIGH + TEMP_HIGH + WIND_LOW,NO2_LOW + O3_HIGH,0.00545950864422202,0.32558139534883723,1.8982172598852631
HUMIDITY_HIGH + RADIATION_LOW + RAIN_HIGH + TEMP_LOW + WIND_LOW,PM10_HIGH,0.008579227869491746,0.4731182795698925,1.8981480702639808
RAIN_HIGH + TEMP_MID + WIND_MID,PM10_LOW,0.013583777460028597,0.5160493827160494,1.8963304997537942
HUMIDITY_HIGH + RAIN_HIGH + WIND_HIGH,NO2_LOW + PM10_LOW,0.01163395294423502,0.2993311036789298,1.896051198519561
RADIATION_MID + RAIN_LOW,PM10_HIGH + PM25_HIGH,0.024112829845313922,0.20948616600790515,1.8959730295280168
TEMP_LOW + WIND_MID,PM25_HIGH,0.014103730664240218,0.25350467289719625,1.8943287504595732
HUMIDITY_MID + TEMP_LOW + WIND_MID,PM10_HIGH,0.007669309762121409,0.472,1.8936615384615383
HUMIDITY_HIGH + RADIATION_MID + RAIN_LOW,O3_LOW,0.008059274665280124,0.5188284518828452,1.8920821428465173
HUMIDITY_LOW + TEMP_MID + WIND_MID,PM25_LOW,0.005589496945274925,0.2792207792207792,1.8908850832266324
HUMIDITY_HIGH + RADIATION_MID,NO2_MID + O3_MID,0.009619134277914988,0.23197492163009403,1.8904481695977895
HUMIDITY_LOW + RADIATION_HIGH + RAIN_LOW,PM25_MID,0.023917847393734565,0.2562674094707521,1.890187134284272
RADIATION_HIGH + WIND_HIGH,PM25_LOW,0.02027817496425322,0.27882037533512066,1.8881735452932071
RADIATION_HIGH + RAIN_LOW + WIND_HIGH,NO2_LOW,0.030092291693747563,0.623989218328841,1.8880428934528117
RAIN_LOW + TEMP_MID,O3_MID + PM10_LOW,0.03282204601585857,0.20387565603552685,1.8873831791592155
RADIATION_MID + TEMP_LOW + WIND_MID,NO2_HIGH + O3_LOW,0.006174444300012999,0.374015748031496,1.8861377578540142
HUMIDITY_LOW + RADIATION_HIGH + RAIN_LOW + WIND_HIGH,NO2_LOW,0.023982841544261016,0.6233108108108109,1.8859901937335566
RADIATION_MID + TEMP_HIGH + WIND_LOW,NO2_MID,0.0076043156115949565,0.6190476190476191,1.8842070557204087
HUMIDITY_LOW + RADIATION_MID + TEMP_LOW,O3_MID,0.008969192772650462,0.5130111524163569,1.8833666406771814
HUMIDITY_LOW + TEMP_MID + WIND_MID,O3_MID,0.010269075783179513,0.512987012987013,1.8832780199995662
RADIATION_HIGH + RAIN_LOW + TEMP_HIGH,NO2_LOW,0.05505004549590537,0.6223365172667157,1.8830422133069198
HUMIDITY_MID + RADIATION_HIGH + RAIN_LOW + WIND_HIGH,NO2_LOW,0.00545950864422202,0.6222222222222222,1.8826963836993336
HUMIDITY_MID + RAIN_HIGH + TEMP_HIGH,PM10_LOW + PM25_LOW,0.008839204471597556,0.21451104100946372,1.8816800894935055
RAIN_LOW + TEMP_LOW + WIND_MID,PM10_HIGH + PM25_HIGH,0.007864292213700767,0.20790378006872853,1.8816515059632102
RADIATION_LOW + RAIN_HIGH + TEMP_LOW + WIND_LOW,PM10_HIGH,0.008839204471597556,0.4689655172413793,1.8814872094591557
RADIATION_HIGH + WIND_HIGH,PM10_LOW + PM25_LOW,0.015598596126348629,0.21447721179624665,1.8813833413324121
HUMIDITY_HIGH + RAIN_LOW + TEMP_MID,PM25_HIGH,0.005134537891589757,0.2515923566878981,1.88003885381253
HUMIDITY_MID + RAIN_HIGH + TEMP_MID,PM10_LOW,0.014363707266346028,0.5115740740740741,1.879885049845642
RAIN_LOW + WIND_LOW,NO2_HIGH,0.09651631353178214,0.6200417536534447,1.8797955510762365
TEMP_MID,NO2_MID + O3_MID,0.07058364747172755,0.23057324840764332,1.8790254237288135
RADIATION_MID + TEMP_MID + WIND_HIGH,PM25_LOW,0.007409333160015599,0.2773722627737226,1.878366916829444
RADIATION_MID + RAIN_LOW + TEMP_MID + WIND_LOW,PM10_HIGH,0.008124268815806577,0.4681647940074906,1.878274712020665
HUMIDITY_LOW + RAIN_LOW + TEMP_HIGH,NO2_LOW,0.06869881710646042,0.6206694069289489,1.8779979341216928
HUMIDITY_HIGH + WIND_HIGH,PM25_LOW,0.012868841804237618,0.2773109243697479,1.8779515327257665
RAIN_HIGH + WIND_HIGH,PM10_LOW,0.044845963863252306,0.5107327905255367,1.8767935789409858
RADIATION_MID + WIND_HIGH,O3_MID,0.024697777200051996,0.510752688172043,1.875075366312349
HUMIDITY_HIGH + TEMP_MID + WIND_MID,PM25_LOW,0.006369426751592357,0.2768361581920904,1.8747364128272461
RADIATION_HIGH + RAIN_LOW + TEMP_MID,PM10_LOW,0.015793578577927986,0.5094339622641509,1.8720207650814966
HUMIDITY_LOW + TEMP_HIGH + WIND_HIGH,NO2_LOW + PM10_LOW,0.012348888600025998,0.2954898911353033,1.8717198291509987
RADIATION_LOW + TEMP_LOW + WIND_HIGH,O3_LOW,0.010334069933705966,0.5129032258064516,1.870473816605372
RADIATION_MID + RAIN_LOW,O3_MID,0.05862472377486026,0.5093167701863354,1.8698038239291235
HUMIDITY_HIGH + RADIATION_LOW + TEMP_MID,O3_MID + PM10_LOW,0.00695437410633043,0.2018867924528302,1.8689712326589925
HUMIDITY_LOW + RADIATION_HIGH + RAIN_LOW + TEMP_MID,PM10_LOW,0.012088911997920187,0.5081967213114754,1.8674742665627804
HUMIDITY_LOW + TEMP_MID,O3_MID,0.04179123878850904,0.508300395256917,1.8660725080942315
RADIATION_LOW,NO2_HIGH + PM10_HIGH,0.05589496945274925,0.3333333333333333,1.8642917726887192
RADIATION_HIGH + RAIN_HIGH + TEMP_MID,O3_HIGH,0.005069543741063305,0.5098039215686274,1.864031163796317
RADIATION_MID + RAIN_LOW + TEMP_HIGH + WIND_MID,NO2_MID,0.005134537891589757,0.6124031007751938,1.8639830086107083
RADIATION_MID + RAIN_LOW,NO2_MID + O3_MID,0.02632263096321331,0.22868435911914173,1.8636321765927513
HUMIDITY_LOW + TEMP_MID,PM25_LOW,0.02261796438320551,0.27509881422924903,1.8629711072760677
RADIATION_HIGH + RAIN_HIGH + TEMP_HIGH + WIND_HIGH,PM10_LOW,0.008059274665280124,0.5061224489795918,1.859851922617626
RADIATION_LOW + RAIN_HIGH + WIND_MID,NO2_HIGH + O3_LOW,0.006759391654751073,0.36879432624113473,1.8598064580616516
RADIATION_HIGH + RAIN_HIGH + TEMP_HIGH,PM10_LOW,0.013518783309502146,0.5060827250608273,1.8597059488382826
HUMIDITY_MID + TEMP_MID + WIND_HIGH,PM10_LOW + PM25_LOW,0.0055245027947484725,0.2119700748129676,1.8593908615007522
RADIATION_MID,O3_MID,0.0842324190822826,0.50625,1.8585450966356478
HUMIDITY_HIGH,NO2_HIGH + O3_LOW + PM10_HIGH,0.059989600935915766,0.21666666666666667,1.8571773444753947
RADIATION_HIGH + RAIN_HIGH + TEMP_HIGH,PM10_LOW + PM25_LOW,0.0056544910958013775,0.2116788321167883,1.8568360951818157
RAIN_HIGH + WIND_HIGH,NO2_LOW,0.05388015078642922,0.613619541080681,1.8566667176140328
HUMIDITY_HIGH + RAIN_MID,NO2_HIGH,0.011763941245287924,0.6114864864864865,1.8538583410997205
HUMIDITY_HIGH + RADIATION_LOW + TEMP_MID,PM10_LOW + PM25_LOW,0.007279344858962694,0.21132075471698114,1.853695058195822
RAIN_HIGH + TEMP_MID + WIND_HIGH,NO2_LOW,0.025282724554790068,0.6125984251968504,1.8535770639289557
HUMIDITY_MID + RADIATION_LOW + TEMP_LOW,PM10_HIGH,0.009879110880020798,0.46200607902735563,1.853565979638825
RADIATION_HIGH + TEMP_HIGH,PM25_MID,0.029702326790588846,0.2510989010989011,1.8520650490449146
RADIATION_LOW + WIND_MID,O3_LOW + PM10_HIGH,0.008579227869491746,0.24399260628465805,1.8520326789816224
TEMP_MID + WIND_HIGH,O3_MID,0.046210841024307815,0.5042553191489362,1.8512222239144673
HUMIDITY_MID + RAIN_HIGH + TEMP_HIGH,PM25_LOW,0.011243988041076304,0.27287066246056785,1.847882047807349
HUMIDITY_HIGH + TEMP_MID + WIND_MID,PM10_LOW,0.011568958793708567,0.5028248587570622,1.847734243333212
HUMIDITY_HIGH + RADIATION_LOW + TEMP_MID + WIND_HIGH,O3_MID,0.00545950864422202,0.5029940119760479,1.8465917127805949
RADIATION_MID + RAIN_HIGH,O3_MID,0.022163005329520345,0.5029498525073747,1.8464295945307725
RAIN_LOW + TEMP_MID + WIND_HIGH,O3_MID,0.024242818146366828,0.5026954177897575,1.8454955137468882
RADIATION_HIGH + TEMP_MID + WIND_MID,O3_MID,0.006239438450539451,0.5026178010471204,1.8452105671465031
HUMIDITY_LOW + TEMP_MID + WIND_HIGH,O3_MID,0.020148186663200313,0.5024311183144247,1.8445252174625957
RADIATION_HIGH + WIND_MID,NO2_LOW,0.04049135577797998,0.6095890410958905,1.8444713837367495
HUMIDITY_LOW + RAIN_LOW + TEMP_MID,O3_MID,0.03503184713375796,0.5018621973929237,1.8424365948669827
HUMIDITY_MID + RADIATION_HIGH + TEMP_MID,NO2_LOW,0.007994280514753671,0.6089108910891088,1.8424194631852562
RADIATION_LOW + TEMP_LOW + WIND_MID,PM25_HIGH,0.00571948524632783,0.24649859943977592,1.841975449723357
HUMIDITY_LOW + TEMP_HIGH + WIND_MID,NO2_LOW,0.02931236188743013,0.6086369770580297,1.8415906645063607
HUMIDITY_MID + RADIATION_MID + RAIN_LOW + TEMP_HIGH,NO2_MID,0.009359157675809178,0.6050420168067226,1.841577936812707
HUMIDITY_MID + WIND_HIGH,NO2_LOW,0.044001039906408426,0.6082659478885895,1.8404680185277948
HUMIDITY_MID + RADIATION_MID + WIND_HIGH,NO2_LOW + PM10_LOW,0.006174444300012999,0.290519877675841,1.840238302972618
HUMIDITY_LOW + RAIN_LOW + TEMP_MID + WIND_HIGH,O3_MID,0.01761341479266866,0.5009242144177449,1.8389930715894593
HUMIDITY_MID + RADIATION_MID + RAIN_HIGH,NO2_LOW + O3_HIGH,0.00571948524632783,0.3154121863799283,1.8389283439339055
RADIATION_HIGH,NO2_LOW + PM10_LOW,0.04861562459378656,0.29014740108611325,1.8378789267644868
HUMIDITY_LOW + RADIATION_HIGH + RAIN_LOW + WIND_MID,PM25_MID,0.00942415182633563,0.24914089347079038,1.837623100163749
HUMIDITY_MID + RAIN_HIGH + WIND_HIGH,PM10_LOW,0.018913297803197712,0.5,1.8373537138762839
HUMIDITY_MID + RADIATION_MID,NO2_MID + O3_MID,0.018393344598986092,0.22531847133757962,1.8362023305084745
RADIATION_HIGH,NO2_LOW,0.1016508514233719,0.6066718386346005,1.8356446232511234
RADIATION_LOW + WIND_HIGH,NO2_MID + O3_MID,0.008774210321071103,0.225,1.8336069915254236
RADIATION_HIGH + RAIN_LOW,PM25_MID,0.03126218640322371,0.24832214765100674,1.8315841628755463
HUMIDITY_HIGH,NO2_HIGH + O3_LOW,0.10048095671389574,0.3629107981220657,1.8301361979371036
HUMIDITY_LOW + RADIATION_HIGH + WIND_HIGH,PM25_LOW,0.01215390614844664,0.26945244956772335,1.8247338860250844
HUMIDITY_MID + WIND_LOW,PM10_HIGH,0.03074223319901209,0.4548076923076923,1.824686089660014
HUMIDITY_MID + RADIATION_MID + RAIN_HIGH + TEMP_MID,O3_MID,0.0052645261926426625,0.49693251533742333,1.8243387451638262
HUMIDITY_MID + RADIATION_MID + RAIN_LOW,PM25_HIGH,0.01462368386845184,0.2440347071583514,1.8235638680613864
HUMIDITY_HIGH + TEMP_MID + WIND_LOW,O3_LOW,0.01566359027687508,0.5,1.8234178715335387
HUMIDITY_HIGH + RAIN_HIGH + TEMP_MID + WIND_LOW,O3_LOW,0.00942415182633563,0.5,1.8234178715335387
HUMIDITY_MID + RADIATION_HIGH + RAIN_LOW + WIND_MID,NO2_LOW,0.008969192772650462,0.6026200873362445,1.8233849879558421
HUMIDITY_MID + RADIATION_HIGH + RAIN_LOW + TEMP_HIGH,NO2_LOW,0.013973742363187313,0.6022408963585434,1.8222376462876202
HUMIDITY_MID + RADIATION_MID + RAIN_HIGH,NO2_LOW,0.01091901728844404,0.6021505376344086,1.8219642422896776
RAIN_HIGH + TEMP_MID + WIND_HIGH,O3_MID,0.020473157415832575,0.49606299212598426,1.821146551384012
HUMIDITY_MID + RADIATION_MID + RAIN_HIGH + TEMP_MID,NO2_LOW,0.006369426751592357,0.6012269938650306,1.8191698186051841
HUMIDITY_LOW + RAIN_LOW + TEMP_LOW + WIND_MID,O3_MID,0.006564409203171715,0.4950980392156863,1.817604016075531
HUMIDITY_MID + RADIATION_MID + RAIN_HIGH,PM10_LOW,0.008969192772650462,0.4946236559139785,1.817597222329227
HUMIDITY_MID + RAIN_HIGH,O3_HIGH,0.03769660730534252,0.49700085689802914,1.8172184373177465
RADIATION_MID + RAIN_HIGH + WIND_HIGH,O3_MID,0.009359157675809178,0.4948453608247423,1.8166763831184647
RAIN_HIGH + TEMP_HIGH + WIND_HIGH,PM10_LOW + PM25_LOW,0.007019368256856883,0.20689655172413793,1.8148861715094562
HUMIDITY_LOW + TEMP_HIGH,PM25_MID,0.03269205771480567,0.24596577017114918,1.8142039021348517
RADIATION_MID + RAIN_LOW + TEMP_LOW + WIND_MID,NO2_HIGH + O3_LOW,0.005329520343169115,0.35964912280701755,1.813687775650204
RADIATION_MID + WIND_HIGH,NO2_LOW + PM10_LOW,0.013843754062134409,0.2862903225806452,1.8134470577298505
HUMIDITY_LOW + RADIATION_HIGH,PM25_MID,0.025477707006369428,0.2457680250783699,1.8127453661820705
RADIATION_MID + RAIN_LOW,NO2_HIGH + PM10_HIGH,0.0373066424021838,0.3241106719367589,1.8127105773969368
RADIATION_HIGH + RAIN_HIGH + TEMP_HIGH,PM25_LOW,0.007149356557909788,0.26763990267639903,1.8124593057126213
HUMIDITY_LOW + RAIN_LOW + TEMP_HIGH + WIND_MID,NO2_LOW,0.026972572468477837,0.5988455988455988,1.811964283940685
HUMIDITY_MID + RAIN_LOW + TEMP_MID + WIND_LOW,NO2_HIGH + PM10_HIGH,0.005979461848433641,0.323943661971831,1.8117765114862203
RADIATION_LOW + RAIN_HIGH + WIND_HIGH,PM25_LOW,0.00571948524632783,0.2674772036474164,1.8113575067425831
RAIN_HIGH + TEMP_MID + WIND_MID,NO2_MID + O3_MID,0.005849473547380735,0.2222222222222222,1.8109698681732578
HUMIDITY_LOW + WIND_HIGH,NO2_LOW + O3_HIGH,0.0322370986611205,0.3105823418910457,1.8107691975504467
HUMIDITY_HIGH + RADIATION_LOW + RAIN_HIGH + TEMP_LOW,NO2_HIGH + PM10_HIGH,0.01091901728844404,0.3236994219653179,1.810410507582109
RADIATION_MID + RAIN_LOW,PM25_HIGH,0.027882490575848174,0.2422360248447205,1.8101231074603543
RADIATION_MID + RAIN_LOW + WIND_LOW,NO2_HIGH,0.026192642662160405,0.597037037037037,1.8100515964240103
HUMIDITY_LOW + RAIN_LOW + TEMP_HIGH + WIND_HIGH,NO2_LOW + PM10_LOW,0.010009099181073703,0.2857142857142857,1.8097982708933715
HUMIDITY_MID + RAIN_LOW + WIND_LOW,NO2_HIGH,0.03529182373586377,0.5967032967032967,1.8090397877984086
RAIN_MID + WIND_LOW,NO2_HIGH,0.006629403353698167,0.5964912280701754,1.8083968542044766
TEMP_HIGH,NO2_LOW,0.18406343429091382,0.5975944292044735,1.8081785423284225
HUMIDITY_LOW + RADIATION_HIGH + RAIN_LOW + WIND_HIGH,PM25_LOW,0.010269075783179513,0.2668918918918919,1.8073937714122572
RADIATION_HIGH + RAIN_LOW + WIND_HIGH,PM25_LOW,0.012868841804237618,0.2668463611859838,1.807085437151209
HUMIDITY_MID + RAIN_HIGH + TEMP_MID,NO2_LOW,0.016768490835824774,0.5972222222222222,1.8070523325685566
RADIATION_MID + TEMP_LOW,O3_LOW,0.02333290003899649,0.49517241379310345,1.805812457601491
HUMIDITY_HIGH + RAIN_LOW + WIND_MID,PM10_HIGH,0.0076043156115949565,0.45,1.8053976531942635
HUMIDITY_MID + RAIN_HIGH,PM25_LOW,0.020213180813726764,0.26649528706083975,1.8047079607033805
RADIATION_MID + TEMP_HIGH + WIND_LOW,PM10_HIGH,0.0055245027947484725,0.4497354497354497,1.80433627891255
RADIATION_LOW + TEMP_MID,PM10_LOW + PM25_LOW,0.00942415182633563,0.20567375886524822,1.8041598939000623
HUMIDITY_MID + RADIATION_MID + RAIN_LOW + WIND_HIGH,O3_MID,0.0055245027947484725,0.4913294797687861,1.8037688799147085
HUMIDITY_MID + RADIATION_MID + RAIN_HIGH + TEMP_MID,PM10_LOW,0.00519953204211621,0.49079754601226994,1.8035373878540208
HUMIDITY_MID + RAIN_LOW + WIND_LOW,NO2_HIGH + O3_LOW + PM10_HIGH,0.012413882750552451,0.2098901098901099,1.7990914934647526
HUMIDITY_LOW + RADIATION_HIGH + TEMP_MID,NO2_LOW + PM10_LOW,0.0077343039126478615,0.2840095465393795,1.7989999518546285
HUMIDITY_HIGH + RAIN_HIGH + WIND_HIGH,O3_MID,0.019043286104250618,0.4899665551839465,1.7987653109186832
RADIATION_MID,NO2_MID + O3_MID,0.03672169504744573,0.220703125,1.7985901913400424
RADIATION_LOW + RAIN_LOW + WIND_HIGH,O3_MID,0.0077343039126478615,0.4897119341563786,1.7978305461536725
HUMIDITY_LOW + RAIN_LOW + TEMP_LOW,NO2_HIGH,0.03275705186533212,0.5929411764705882,1.7976340770791075
HUMIDITY_HIGH + RADIATION_LOW + RAIN_HIGH + TEMP_MID,O3_LOW,0.013583777460028597,0.49292452830188677,1.7976147884457998
RADIATION_MID + RAIN_HIGH + WIND_MID,O3_MID,0.007669309762121409,0.48962655601659755,1.797517105910611
HUMIDITY_MID + RADIATION_HIGH + RAIN_LOW + TEMP_HIGH,PM25_MID,0.0056544910958013775,0.24369747899159663,1.7974733517568098
TEMP_MID,O3_MID,0.14981151696347328,0.4893842887473461,1.7966276942654897
HUMIDITY_HIGH + RAIN_LOW + WIND_MID,NO2_HIGH,0.010009099181073703,0.5923076923076923,1.7957135278514589
HUMIDITY_LOW + RADIATION_HIGH + WIND_HIGH,PM10_LOW + PM25_LOW,0.009229169374756272,0.20461095100864554,1.7948369967041164
HUMIDITY_LOW + RAIN_LOW + TEMP_MID + WIND_MID,O3_MID,0.008579227869491746,0.4888888888888889,1.794808982210557
RADIATION_MID + RAIN_LOW,PM10_HIGH,0.05147536721695047,0.4472049689440994,1.7941840031744234
HUMIDITY_MID + RAIN_LOW + TEMP_MID + WIND_LOW,PM10_HIGH,0.008254257116859483,0.44718309859154937,1.7940962594340493
HUMIDITY_LOW + WIND_MID,NO2_LOW + O3_HIGH,0.025347718705316522,0.30757097791798105,1.7932122266942236
HUMIDITY_MID + RADIATION_HIGH + TEMP_HIGH + WIND_MID,NO2_LOW + PM10_LOW,0.005004549590536852,0.28308823529411764,1.7931640956094252
RAIN_LOW + TEMP_LOW + WIND_MID,PM10_HIGH,0.01689847913687768,0.44673539518900346,1.7923000757178638
RADIATION_LOW,NO2_HIGH,0.09911607955284024,0.5910852713178295,1.7920074846297782
HUMIDITY_LOW + RAIN_LOW + WIND_MID,NO2_LOW + O3_HIGH,0.02333290003899649,0.3073630136986301,1.791999745648777
HUMIDITY_HIGH + WIND_MID,O3_LOW,0.028207461328480437,0.49095022624434387,1.7904148331347416
HUMIDITY_MID + TEMP_MID + WIND_HIGH,PM25_LOW,0.006889379955803978,0.26433915211970077,1.7901065996979384
RADIATION_HIGH + TEMP_MID + WIND_MID,PM10_LOW,0.006044455998960093,0.4869109947643979,1.7892554491151247
RADIATION_MID + RAIN_HIGH + TEMP_MID,NO2_MID + O3_MID,0.005849473547380735,0.21951219512195122,1.7888848697809012
HUMIDITY_HIGH + RADIATION_LOW + TEMP_MID,PM25_LOW,0.009099181073703366,0.2641509433962264,1.7888320488971565
RADIATION_MID + RAIN_LOW + TEMP_LOW + WIND_MID,O3_MID,0.007214350708436241,0.4868421052631579,1.7872948297730729
WIND_LOW,NO2_HIGH,0.13206811386975173,0.5894981143022919,1.7871956623950864
HUMIDITY_LOW + TEMP_MID + WIND_HIGH,NO2_LOW + PM10_LOW,0.011308982191602755,0.2820097244732577,1.7863324910438627
TEMP_MID + WIND_HIGH,NO2_MID + O3_MID,0.020083192512673858,0.21914893617021278,1.7859245402091597
HUMIDITY_LOW + RADIATION_HIGH + WIND_LOW,NO2_MID,0.0074743273105420515,0.5867346938775511,1.7858555885262117
HUMIDITY_LOW + TEMP_LOW + WIND_MID,O3_MID,0.006889379955803978,0.48623853211009177,1.7850789918983232
HUMIDITY_MID + RADIATION_MID + WIND_LOW,NO2_MID + O3_MID,0.006304432601065904,0.21896162528216703,1.7843980755251174
HUMIDITY_MID + RAIN_LOW + TEMP_HIGH,NO2_LOW + O3_HIGH,0.0198882100610945,0.30569430569430567,1.7822707796182595
HUMIDITY_LOW + RADIATION_HIGH + RAIN_LOW + WIND_LOW,NO2_MID,0.007344339009489146,0.5854922279792746,1.7820738713529412
HUMIDITY_MID + RADIATION_LOW,PM25_HIGH,0.006629403353698167,0.2383177570093458,1.780843617943562
RADIATION_MID + RAIN_LOW + TEMP_MID + WIND_LOW,NO2_HIGH + PM10_HIGH,0.0055245027947484725,0.31835205992509363,1.7805033784105746
HUMIDITY_LOW + RADIATION_HIGH + RAIN_LOW + TEMP_HIGH + WIND_MID,PM10_MID,0.013453789158975693,0.44612068965517243,1.7796248200763503
HUMIDITY_MID + RADIATION_HIGH + RAIN_LOW + TEMP_HIGH,PM10_MID,0.010334069933705966,0.44537815126050423,1.7766627522152239
HUMIDITY_MID + RAIN_LOW + TEMP_HIGH + WIND_LOW,NO2_MID,0.009294163525282725,0.5836734693877551,1.776538081107814
HUMIDITY_LOW + RADIATION_LOW + TEMP_LOW,O3_LOW,0.007344339009489146,0.4870689655172414,1.7762605127869817
HUMIDITY_HIGH + RADIATION_LOW + WIND_HIGH,PM10_LOW,0.010269075783179513,0.4831804281345566,1.7755467082107208
TEMP_HIGH + WIND_MID,NO2_LOW,0.05699987001169895,0.5866220735785953,1.7749788051288626
HUMIDITY_HIGH + RADIATION_LOW,NO2_HIGH,0.06947874691277785,0.5854326396495071,1.7748702647580918
RADIATION_HIGH + RAIN_LOW + WIND_MID,PM25_MID,0.012933835954764071,0.24062877871825877,1.7748391128279621
HUMIDITY_MID + RADIATION_MID + RAIN_LOW + TEMP_LOW,O3_LOW,0.00942415182633563,0.4865771812080537,1.7744670561903566
RADIATION_MID + WIND_HIGH,NO2_MID + O3_MID,0.010529052385285325,0.21774193548387097,1.7744583788955712
RADIATION_HIGH + TEMP_HIGH + WIND_MID,PM25_MID,0.012543871051605355,0.24004975124378108,1.770568299442385
TEMP_MID + WIND_MID,PM10_LOW + PM25_LOW,0.013713765761081503,0.20172084130019122,1.769485099341358
RADIATION_MID + TEMP_HIGH + WIND_MID,O3_MID,0.00695437410633043,0.481981981981982,1.769452344255494
HUMIDITY_MID + RADIATION_MID + RAIN_LOW + WIND_LOW,NO2_HIGH,0.015208631223189913,0.5835411471321695,1.7691357812365636
RADIATION_LOW + TEMP_MID,PM25_LOW,0.011958923696867282,0.26099290780141843,1.7674458096094297
RADIATION_HIGH + WIND_HIGH,PM10_LOW,0.03496685298323151,0.48078641644325293,1.7667494156665606
HUMIDITY_LOW + RADIATION_HIGH + WIND_MID,PM25_MID,0.009749122578967893,0.23923444976076555,1.7645547670273913
RAIN_HIGH + TEMP_HIGH + WIND_HIGH,PM25_LOW,0.008839204471597556,0.26053639846743293,1.7643543251848253
RADIATION_MID + RAIN_HIGH + TEMP_HIGH,NO2_LOW,0.00844923956843884,0.5829596412556054,1.7638971564127324
HUMIDITY_MID + TEMP_HIGH + WIND_HIGH,PM25_LOW,0.008969192772650462,0.26037735849056604,1.763277305341483
TEMP_MID + WIND_LOW,NO2_MID + O3_MID,0.013063824255816977,0.2163616792249731,1.7632101676670742
RADIATION_LOW + TEMP_MID + WIND_MID,NO2_MID,0.006174444300012999,0.5792682926829268,1.763129960676461
HUMIDITY_HIGH + RADIATION_LOW + TEMP_LOW + WIND_MID,PM10_HIGH,0.006564409203171715,0.4391304347826087,1.7617890142282184
RADIATION_HIGH + RAIN_LOW + TEMP_HIGH + WIND_MID,PM10_MID,0.0186533212010919,0.44153846153846155,1.7613458048303785
TEMP_LOW + WIND_HIGH,NO2_MID + O3_MID,0.01013908748212661,0.21606648199445982,1.7608044978637494
HUMIDITY_MID + RADIATION_MID + TEMP_LOW,O3_LOW,0.009879110880020798,0.48253968253968255,1.7597429617339548
HUMIDITY_LOW + TEMP_LOW,NO2_HIGH,0.03509684128428441,0.5800214822771214,1.7584651283380865
HUMIDITY_MID + TEMP_HIGH,NO2_LOW,0.06674899259066684,0.5805539853024307,1.7566182139357325
TEMP_HIGH + WIND_MID,PM25_MID,0.023137917587417133,0.23812709030100335,1.7563870620188098
WIND_HIGH,PM10_LOW + PM25_LOW,0.0447159755621994,0.2,1.7543899657924744
RADIATION_MID + TEMP_MID + WIND_MID,PM10_LOW + PM25_LOW,0.005004549590536852,0.2,1.7543899657924744
RAIN_LOW + WIND_LOW,O3_LOW,0.07487326140647342,0.4810020876826722,1.7541356058510535
HUMIDITY_MID + RADIATION_HIGH,PM25_LOW,0.014558689717925387,0.2589595375722543,1.7536758120980216
HUMIDITY_MID + RAIN_HIGH + WIND_MID,NO2_LOW,0.011373976342129208,0.5794701986754967,1.7533389334948262
HUMIDITY_LOW + RADIATION_LOW + RAIN_LOW + TEMP_LOW,O3_LOW,0.006499415052645262,0.4807692307692308,1.753286414936095
HUMIDITY_LOW + RADIATION_HIGH + TEMP_HIGH + WIND_MID,PM10_MID,0.014168724814766671,0.43951612903225806,1.753278496575142
HUMIDITY_HIGH + TEMP_MID,PM25_LOW,0.025997660210581048,0.2588996763754045,1.753270431651397
HUMIDITY_HIGH + RAIN_HIGH + TEMP_MID,NO2_LOW + PM10_LOW,0.019563239308462238,0.2766544117647059,1.7524103661637567
RADIATION_HIGH + TEMP_HIGH + WIND_HIGH,PM25_LOW,0.011568958793708567,0.25872093023255816,1.7520599615132657
RAIN_HIGH + TEMP_MID + WIND_MID,NO2_LOW + PM10_LOW,0.007279344858962694,0.2765432098765432,1.7517059807165472
HUMIDITY_LOW + RAIN_LOW + TEMP_HIGH + WIND_HIGH,PM25_MID,0.008319251267385936,0.23747680890538034,1.7515906911880066
RAIN_MID,O3_LOW,0.019498245157935787,0.48,1.7504811566721972
HUMIDITY_MID + RAIN_HIGH + TEMP_HIGH,PM10_LOW,0.019628233458988693,0.47634069400630913,1.7504126864057972
HUMIDITY_HIGH + RADIATION_MID,O3_MID,0.019758221760041595,0.47648902821316613,1.7492866113308934
HUMIDITY_LOW + RADIATION_LOW,O3_MID,0.009879110880020798,0.47648902821316613,1.7492866113308934
RADIATION_HIGH + RAIN_LOW + WIND_MID,NO2_LOW,0.03106720395164435,0.5779927448609432,1.7488685098191685
HUMIDITY_MID + TEMP_MID + WIND_HIGH,O3_MID,0.012413882750552451,0.4763092269326683,1.7486265248356083
RADIATION_MID + RAIN_LOW + TEMP_LOW,O3_LOW,0.02034316911477967,0.4793261868300153,1.7480238707197477
HUMIDITY_MID + RADIATION_MID + RAIN_LOW + WIND_LOW,NO2_MID + O3_MID,0.005589496945274925,0.2144638403990025,1.7477439874889047
HUMIDITY_HIGH + RAIN_LOW + TEMP_MID + WIND_LOW,O3_LOW,0.00519953204211621,0.47904191616766467,1.746987182307582
HUMIDITY_LOW + RADIATION_HIGH + WIND_MID,NO2_LOW,0.023527882490575847,0.5773524720893142,1.7469311967681784
RAIN_HIGH + WIND_LOW,O3_LOW + PM10_HIGH,0.013063824255816977,0.2299771167048055,1.7456477146621299
HUMIDITY_MID + RAIN_LOW + TEMP_HIGH + WIND_MID,PM25_MID,0.006304432601065904,0.23658536585365852,1.745015550826649
HUMIDITY_MID + RADIATION_HIGH + RAIN_LOW,PM25_MID,0.007149356557909788,0.23655913978494625,1.7448221115681604
HUMIDITY_HIGH + WIND_HIGH,PM10_LOW,0.02203301702846744,0.47478991596638653,1.744714030823698
HUMIDITY_LOW + RAIN_LOW + TEMP_LOW,NO2_HIGH + PM10_HIGH,0.017223449889509943,0.31176470588235294,1.743661128573567
HUMIDITY_MID + RAIN_HIGH,PM10_LOW,0.0359417652411283,0.47386461011139674,1.741313802525424
RAIN_HIGH + TEMP_MID + WIND_MID,O3_MID,0.012478876901078902,0.4740740740740741,1.7404208312344798
RADIATION_LOW + TEMP_MID + WIND_LOW,NO2_HIGH + O3_LOW,0.005589496945274925,0.344,1.7347702392658142
RAIN_LOW + TEMP_MID + WIND_HIGH,PM25_LOW,0.012348888600025998,0.2560646900269542,1.734071884134999
HUMIDITY_HIGH + RADIATION_LOW + RAIN_HIGH + WIND_LOW,NO2_HIGH + PM10_HIGH,0.009099181073703366,0.30973451327433627,1.73230651444527
HUMIDITY_LOW + RADIATION_LOW + RAIN_LOW,O3_MID,0.008709216170544652,0.47183098591549294,1.732186005558524
HUMIDITY_MID + TEMP_MID + WIND_HIGH,PM10_LOW,0.012283894449499545,0.4713216957605985,1.7319693362724071
HUMIDITY_MID + RAIN_HIGH + WIND_MID,O3_HIGH,0.009294163525282725,0.4735099337748344,1.7313269584267117
HUMIDITY_HIGH + RADIATION_MID + RAIN_LOW,NO2_HIGH + O3_LOW,0.005329520343169115,0.34309623430962344,1.7302126060596086
RADIATION_LOW + RAIN_HIGH + WIND_LOW,NO2_HIGH + PM10_HIGH,0.009489145976862082,0.3093220338983051,1.729999568723854
RADIATION_HIGH + TEMP_HIGH,NO2_LOW + PM10_LOW,0.03230209281164695,0.27307692307692305,1.7297495012192416
HUMIDITY_MID + TEMP_HIGH + WIND_MID,NO2_LOW,0.02281294683478487,0.5716612377850163,1.729710876019717
RADIATION_HIGH + RAIN_LOW + TEMP_HIGH,PM10_MID,0.03834654881060705,0.43350477590007347,1.7292985434271533
HUMIDITY_LOW + RAIN_LOW + WIND_HIGH,NO2_LOW + O3_HIGH,0.026907578317951385,0.29656160458452724,1.7290249519278271
RADIATION_LOW + RAIN_HIGH + TEMP_MID + WIND_LOW,NO2_MID,0.00571948524632783,0.567741935483871,1.728046967231422
RADIATION_MID + RAIN_LOW + WIND_LOW,NO2_HIGH + O3_LOW + PM10_HIGH,0.008839204471597556,0.20148148148148148,1.7270161972557516
RADIATION_HIGH + RAIN_LOW + WIND_LOW,NO2_MID,0.01039906408423242,0.5673758865248227,1.7269328170268885
RADIATION_HIGH + TEMP_HIGH + WIND_HIGH,PM25_MID,0.010464058234758872,0.23401162790697674,1.726032074293741
RADIATION_LOW + WIND_MID,NO2_HIGH,0.020018198362147407,0.5693160813308688,1.7260093058831028
HUMIDITY_HIGH + WIND_LOW,PM10_HIGH,0.05082542571168595,0.43014301430143015,1.725731530128241
RADIATION_LOW + RAIN_HIGH + TEMP_LOW,NO2_HIGH + PM10_HIGH,0.01163395294423502,0.3080895008605852,1.7231061651184891
HUMIDITY_LOW + TEMP_HIGH + WIND_LOW,PM10_MID,0.005979461848433641,0.431924882629108,1.7229961742627575
HUMIDITY_HIGH + RAIN_HIGH + TEMP_LOW + WIND_LOW,PM10_HIGH,0.01117899389054985,0.428927680798005,1.720855618450614
RADIATION_MID + WIND_LOW,O3_MID,0.02508774210321071,0.4684466019417476,1.7197612544680814
HUMIDITY_LOW + RADIATION_MID + TEMP_MID,PM10_LOW,0.008059274665280124,0.4679245283018868,1.71948573977856
RAIN_LOW + TEMP_HIGH,PM25_MID,0.04751072403483687,0.23309948979591838,1.7193042905081495
RADIATION_LOW + RAIN_HIGH + WIND_HIGH,O3_MID,0.010009099181073703,0.46808510638297873,1.7184341319037248
RAIN_HIGH + WIND_HIGH,NO2_LOW + O3_HIGH,0.025867671909528142,0.29459659511472985,1.7175684776185045
RADIATION_HIGH + TEMP_MID + WIND_HIGH,O3_HIGH,0.011049005589496945,0.4696132596685083,1.717079280717602
HUMIDITY_LOW + RADIATION_HIGH + RAIN_LOW + WIND_MID,NO2_LOW,0.021448069673729364,0.5670103092783505,1.7156382730691644
HUMIDITY_MID + WIND_HIGH,O3_HIGH,0.03392694657480827,0.46900269541778977,1.7148468326278787
RADIATION_MID + RAIN_HIGH + TEMP_MID,NO2_LOW,0.015078642922137007,0.5658536585365853,1.712138523155143
WIND_HIGH,NO2_LOW + PM10_LOW,0.06037956583907449,0.2700581395348837,1.7106276388981971
RAIN_LOW + TEMP_HIGH + WIND_HIGH,PM25_MID,0.01117899389054985,0.23180592991913745,1.7097632012156512
HUMIDITY_LOW + RADIATION_HIGH + RAIN_LOW + TEMP_HIGH,PM10_MID,0.027492525672689457,0.42857142857142855,1.7096188747731398
HUMIDITY_LOW + RADIATION_HIGH,NO2_LOW,0.05855972962433381,0.5648902821316615,1.7092235753938532
RADIATION_LOW + WIND_HIGH,PM10_LOW,0.01813336799688028,0.465,1.708738953904944
RAIN_LOW + TEMP_HIGH + WIND_HIGH,NO2_LOW + PM10_LOW,0.012998830105290524,0.2695417789757412,1.7073568593333694
HUMIDITY_HIGH + RAIN_LOW + TEMP_MID,O3_LOW,0.009554140127388535,0.4681528662420382,1.7072766058307656
TEMP_MID + WIND_LOW,O3_MID,0.02807747302742753,0.465016146393972,1.7071673654062642
RADIATION_LOW + WIND_HIGH,O3_MID,0.01813336799688028,0.465,1.7071080887616323
RADIATION_LOW + TEMP_MID,O3_LOW,0.021448069673729364,0.46808510638297873,1.7070294967548023
HUMIDITY_HIGH + RADIATION_LOW + RAIN_HIGH + TEMP_MID + WIND_LOW,NO2_MID,0.0053945144936955675,0.5608108108108109,1.7069505707487904
HUMIDITY_LOW + RADIATION_HIGH + RAIN_LOW + WIND_MID,PM10_MID,0.016183543481086703,0.4278350515463918,1.7066813852975846
HUMIDITY_MID + RADIATION_HIGH + TEMP_HIGH + WIND_HIGH,PM10_LOW,0.00844923956843884,0.4642857142857143,1.7061141628851206
HUMIDITY_HIGH + RADIATION_MID + WIND_MID,PM10_LOW,0.006304432601065904,0.46411483253588515,1.7054862224497562
RAIN_MID,NO2_HIGH + PM10_HIGH,0.012348888600025998,0.304,1.700234096692112
RADIATION_HIGH + RAIN_LOW + TEMP_MID,NO2_LOW + PM10_LOW,0.008319251267385936,0.26834381551362685,1.6997686066252213
WIND_HIGH,PM25_LOW,0.05608995190432861,0.2508720930232558,1.6989075806583689
RADIATION_MID + RAIN_HIGH + TEMP_HIGH,PM10_LOW,0.00669439750422462,0.4618834080717489,1.6972863903969257
RAIN_LOW + TEMP_HIGH + WIND_MID,NO2_LOW,0.04094631483166515,0.56,1.6944267453294004
HUMIDITY_HIGH + RADIATION_LOW + RAIN_HIGH + WIND_HIGH,O3_MID,0.00818926296633303,0.46153846153846156,1.6944000881008756
RAIN_HIGH + TEMP_LOW + WIND_LOW,PM10_HIGH,0.01163395294423502,0.4221698113207547,1.6937430813510124
HUMIDITY_MID + WIND_LOW,NO2_HIGH,0.03776160145586897,0.5586538461538462,1.693684350132626
HUMIDITY_LOW + RAIN_HIGH,PM10_LOW,0.008774210321071103,0.46075085324232085,1.6931245827528896
HUMIDITY_MID + RAIN_HIGH + TEMP_HIGH + WIND_MID,PM10_LOW,0.005329520343169115,0.4606741573033708,1.6928427476163515
HUMIDITY_HIGH + RADIATION_LOW + TEMP_MID,PM10_LOW,0.01585857272845444,0.4603773584905661,1.69175209881439
RADIATION_MID + RAIN_LOW + TEMP_LOW + WIND_HIGH,NO2_HIGH,0.005329520343169115,0.5578231292517006,1.691165845648604
RADIATION_MID + TEMP_LOW + WIND_MID,O3_MID,0.0076043156115949565,0.4606299212598425,1.6910646548565824
HUMIDITY_LOW + RADIATION_LOW + RAIN_LOW + TEMP_LOW,NO2_HIGH,0.0075393214610685036,0.5576923076923077,1.6907692307692308
HUMIDITY_MID + RADIATION_HIGH + TEMP_MID,O3_MID,0.006044455998960093,0.4603960396039604,1.6902060284768636
HUMIDITY_HIGH + TEMP_MID,PM10_LOW,0.04614584687378136,0.459546925566343,1.688700500779497
HUMIDITY_LOW + TEMP_MID,PM10_LOW,0.03776160145586897,0.4592885375494071,1.6877510004144205
HUMIDITY_LOW + RADIATION_MID + RAIN_LOW + TEMP_LOW,NO2_HIGH + O3_LOW,0.0056544910958013775,0.3346153846153846,1.687444217532713
HUMIDITY_LOW + RADIATION_MID + TEMP_LOW,NO2_HIGH + O3_LOW,0.005849473547380735,0.3345724907063197,1.6872279062626794
RADIATION_MID + TEMP_LOW + WIND_HIGH,NO2_HIGH,0.005784479396854283,0.55625,1.686396551724138
RAIN_MID,NO2_HIGH + O3_LOW,0.013583777460028597,0.3344,1.686358046542117
HUMIDITY_LOW + RADIATION_LOW + TEMP_LOW,NO2_HIGH,0.008384245417912387,0.5560344827586207,1.685743162901308
RAIN_LOW + TEMP_HIGH,NO2_LOW,0.11354478096971272,0.5570790816326531,1.6855887413962636
HUMIDITY_MID + RADIATION_HIGH + RAIN_LOW,NO2_LOW,0.01683348498635123,0.556989247311828,1.6853169241179518
HUMIDITY_MID + RAIN_LOW + WIND_LOW,O3_LOW + PM10_HIGH,0.01312881840634343,0.22197802197802197,1.684930363174073
HUMIDITY_HIGH + RADIATION_LOW + WIND_HIGH,O3_LOW,0.009814116729494346,0.4617737003058104,1.684012835483574
RADIATION_LOW + TEMP_MID,PM10_LOW,0.020993110620044195,0.4581560283687943,1.6835893605164245
WIND_LOW,PM10_HIGH,0.09398154166125049,0.4194952132288947,1.6830126077548302
RADIATION_MID + RAIN_HIGH + WIND_HIGH,NO2_LOW + O3_HIGH,0.00545950864422202,0.28865979381443296,1.6829555087642536
RADIATION_LOW + RAIN_HIGH + TEMP_MID,O3_LOW,0.014233718965293124,0.4610526315789474,1.6813832162772422
HUMIDITY_LOW + RAIN_LOW,O3_HIGH,0.10925516703496685,0.4597921225382932,1.6811695811250429
HUMIDITY_LOW + RADIATION_MID + RAIN_LOW,NO2_MID + O3_MID,0.008124268815806577,0.20627062706270627,1.6809745063489399
HUMIDITY_LOW + RAIN_LOW + TEMP_HIGH + WIND_LOW,PM10_MID,0.00571948524632783,0.42105263157894735,1.6796255611806286
HUMIDITY_LOW + WIND_HIGH,PM25_LOW,0.025737683608475236,0.24796493425172197,1.6792202809845926
HUMIDITY_HIGH + RADIATION_LOW + WIND_MID,PM25_HIGH,0.005329520343169115,0.22465753424657534,1.6787667906351664
HUMIDITY_LOW + RADIATION_MID + RAIN_LOW + TEMP_MID,PM10_LOW,0.007214350708436241,0.4567901234567901,1.678570059590679
HUMIDITY_MID + RADIATION_MID + TEMP_HIGH,O3_HIGH,0.01091901728844404,0.45901639344262296,1.6783332294458644
HUMIDITY_LOW + RADIATION_HIGH + TEMP_HIGH,PM10_MID,0.02983231509164175,0.42071494042163154,1.6782784737690493
RADIATION_HIGH + TEMP_HIGH + WIND_MID,PM10_MID,0.021968022877940984,0.42039800995024873,1.6770142030320268
RAIN_LOW + TEMP_LOW + WIND_HIGH,O3_MID,0.014688678018978291,0.45656565656565656,1.6761439255354789
RADIATION_MID + RAIN_LOW + WIND_LOW,O3_MID,0.020018198362147407,0.4562962962962963,1.6751550500631867
HUMIDITY_LOW + TEMP_HIGH + WIND_HIGH,PM25_MID,0.009489145976862082,0.22706065318818042,1.6747628043879883
RADIATION_MID + RAIN_LOW + WIND_MID,PM10_HIGH,0.016053555180033798,0.4172297297297297,1.6739234997709573
RAIN_LOW + TEMP_MID + WIND_HIGH,PM10_LOW,0.021968022877940984,0.4555256064690027,1.6739233296231373
HUMIDITY_LOW + RAIN_LOW + WIND_HIGH,PM25_LOW,0.022422981931626153,0.24713467048710602,1.6735977289236854
RADIATION_MID + RAIN_LOW + TEMP_HIGH,O3_HIGH,0.011113999740023398,0.4572192513368984,1.6717622150830607
RADIATION_MID + TEMP_MID + WIND_HIGH,NO2_LOW,0.014753672169504744,0.5523114355231143,1.6711629787529276
RADIATION_HIGH + RAIN_LOW,NO2_LOW,0.06947874691277785,0.5518843572534848,1.6698707415343397
HUMIDITY_LOW + RADIATION_MID,NO2_MID + O3_MID,0.008709216170544652,0.20489296636085627,1.6697474472606644
HUMIDITY_LOW + RADIATION_HIGH + RAIN_LOW + WIND_HIGH,PM25_MID,0.008709216170544652,0.22635135135135134,1.6695311082894972
RADIATION_MID + RAIN_LOW + TEMP_HIGH,NO2_MID,0.013323800857922787,0.5481283422459893,1.6683486990695926
HUMIDITY_HIGH + WIND_HIGH,NO2_LOW + PM10_LOW,0.012218900298973092,0.26330532212885155,1.6678533084703622
HUMIDITY_LOW + RAIN_LOW + WIND_MID,PM25_MID,0.017158455738983492,0.22602739726027396,1.6671416750942354
HUMIDITY_MID + RADIATION_MID + RAIN_LOW + TEMP_MID + WIND_LOW,NO2_HIGH,0.006109450149486546,0.5497076023391813,1.6665618068158903
HUMIDITY_MID + RADIATION_MID + RAIN_LOW + WIND_MID,PM10_HIGH,0.008384245417912387,0.41479099678456594,1.6641393159132547
RADIATION_HIGH + TEMP_MID + WIND_HIGH,NO2_LOW,0.012933835954764071,0.5497237569060773,1.663333279008241
HUMIDITY_MID + RADIATION_MID + WIND_LOW,NO2_HIGH,0.015793578577927986,0.5485327313769752,1.6629999221608158
RADIATION_MID + RAIN_LOW + WIND_MID,NO2_HIGH + PM10_HIGH,0.01143897049265566,0.2972972972972973,1.6627467161818308
HUMIDITY_LOW + RADIATION_HIGH + WIND_HIGH,PM10_LOW,0.02040816326530612,0.45244956772334294,1.6626197871964066
HUMIDITY_LOW + RADIATION_HIGH + RAIN_LOW,NO2_LOW,0.05128038476537112,0.5494428969359332,1.662483463570554
HUMIDITY_HIGH + RAIN_HIGH + WIND_LOW,PM25_HIGH,0.010984011438970492,0.22236842105263158,1.6616612561028603
HUMIDITY_LOW + RADIATION_MID + RAIN_LOW,NO2_HIGH + PM10_HIGH,0.01169894709476147,0.297029702970297,1.6612500944750963
HUMIDITY_LOW + RADIATION_HIGH + WIND_MID,PM10_MID,0.016963473287404135,0.41626794258373206,1.6605389070763032
RADIATION_HIGH + RAIN_LOW + WIND_HIGH,PM25_MID,0.010854023137917588,0.22506738544474394,1.6600607825756615
HUMIDITY_MID + RAIN_HIGH + TEMP_MID,NO2_LOW + O3_HIGH,0.007994280514753671,0.2847222222222222,1.6599985263778365
HUMIDITY_LOW + RAIN_LOW + TEMP_MID,PM10_LOW,0.03152216300532952,0.4515828677839851,1.6594349184916157
RADIATION_HIGH + RAIN_LOW + WIND_MID,PM10_MID,0.0223579877810997,0.4159613059250302,1.6593156994976705
RAIN_HIGH + TEMP_HIGH,PM10_LOW,0.0359417652411283,0.4514285714285714,1.6588679245283018
HUMIDITY_MID + TEMP_HIGH + WIND_LOW,NO2_MID,0.010269075783179513,0.5448275862068965,1.6583021249019405
HUMIDITY_LOW + RAIN_LOW + TEMP_HIGH + WIND_MID,PM10_MID,0.018718315351618355,0.4155844155844156,1.657812242204257
HUMIDITY_MID + TEMP_MID + WIND_LOW,NO2_HIGH + PM10_HIGH,0.006434420902118809,0.2964071856287425,1.657768432600448
HUMIDITY_MID + RAIN_HIGH + TEMP_MID,O3_MID,0.012673859352658261,0.4513888888888889,1.657138975052361
HUMIDITY_HIGH + RADIATION_LOW + WIND_HIGH,PM25_LOW,0.00519953204211621,0.24464831804281345,1.6567601326614119
HUMIDITY_MID + RADIATION_MID + WIND_HIGH,NO2_LOW,0.01163395294423502,0.5474006116207951,1.6563039941784765
HUMIDITY_HIGH + RAIN_HIGH + TEMP_LOW,NO2_HIGH + PM10_HIGH,0.016313531782139606,0.2959905660377358,1.655438331172884
HUMIDITY_HIGH + RAIN_HIGH,O3_LOW,0.06661900428961394,0.4537405931828243,1.6547174132995814
HUMIDITY_MID + RADIATION_MID + RAIN_LOW + WIND_MID,NO2_HIGH + PM10_HIGH,0.005979461848433641,0.2958199356913183,1.6544840169198922
RADIATION_HIGH + RAIN_LOW + TEMP_HIGH + WIND_HIGH,PM25_LOW,0.006759391654751073,0.24413145539906103,1.6532599351980428
HUMIDITY_HIGH + RADIATION_LOW + WIND_MID,NO2_HIGH,0.012933835954764071,0.5452054794520548,1.6529126121870572
HUMIDITY_LOW + RADIATION_MID + RAIN_LOW,PM25_HIGH,0.008709216170544652,0.22112211221122113,1.6523481391364003
HUMIDITY_LOW + TEMP_LOW,NO2_HIGH + PM10_HIGH,0.01787339139477447,0.2953813104189044,1.6520308404599287
HUMIDITY_HIGH + RADIATION_MID + WIND_MID,O3_MID,0.006109450149486546,0.44976076555023925,1.6511618083407258
HUMIDITY_MID + RADIATION_MID + RAIN_LOW + TEMP_HIGH,O3_MID,0.00695437410633043,0.4495798319327731,1.6504975648097464
HUMIDITY_HIGH + RADIATION_MID + RAIN_HIGH + TEMP_MID,NO2_LOW,0.008254257116859483,0.5450643776824035,1.6492351061989103
RAIN_HIGH + TEMP_MID,O3_MID,0.05349018588327051,0.449235807860262,1.6492345835690747
TEMP_HIGH + WIND_HIGH,PM25_LOW,0.02040816326530612,0.2434108527131783,1.6483800087345781
RAIN_LOW + TEMP_MID + WIND_LOW,PM25_HIGH,0.007994280514753671,0.2204301075268817,1.647177092961924
RADIATION_HIGH + RAIN_LOW + TEMP_MID,O3_MID,0.01390874821266086,0.44863731656184486,1.6470374022000824
RADIATION_MID + RAIN_HIGH,NO2_LOW,0.023982841544261016,0.5442477876106194,1.6467642989531937
HUMIDITY_LOW,O3_HIGH,0.12491875731184193,0.45011709601873534,1.6457941158137506
HUMIDITY_MID + TEMP_MID + WIND_LOW,PM10_HIGH,0.008904198622124009,0.4101796407185629,1.6456385794252435
TEMP_LOW + WIND_MID,PM10_HIGH,0.02281294683478487,0.4100467289719626,1.6451053381910343
TEMP_MID + WIND_MID,PM25_LOW,0.016508514233718966,0.24282982791587002,1.6444453047154826
HUMIDITY_LOW + RADIATION_HIGH + RAIN_LOW + TEMP_MID,NO2_LOW + PM10_LOW,0.006174444300012999,0.25956284153005466,1.644147336262421
HUMIDITY_LOW + RADIATION_LOW,NO2_HIGH + O3_LOW,0.006759391654751073,0.32601880877742945,1.6440922293836544
RAIN_LOW + TEMP_HIGH + WIND_LOW,NO2_MID,0.01761341479266866,0.5398406374501993,1.64312325377028
RADIATION_LOW + TEMP_LOW + WIND_HIGH,NO2_HIGH + O3_LOW,0.006564409203171715,0.3258064516129032,1.6430213256362272
HUMIDITY_MID + TEMP_MID + WIND_HIGH,NO2_LOW + O3_HIGH,0.007344339009489146,0.2817955112219451,1.6429351025618975
HUMIDITY_LOW + TEMP_HIGH + WIND_MID,PM10_MID,0.01982321591056805,0.4116059379217274,1.6419416543592684
RADIATION_LOW + RAIN_HIGH + TEMP_MID,NO2_MID,0.016638502534771872,0.5389473684210526,1.6404043937737518
HUMIDITY_HIGH + RADIATION_MID + TEMP_HIGH,NO2_MID,0.005004549590536852,0.5384615384615384,1.6389256638514798
RAIN_HIGH + TEMP_MID + WIND_LOW,O3_LOW,0.009814116729494346,0.4494047619047619,1.6389053488188354
HUMIDITY_LOW + RADIATION_HIGH + RAIN_LOW + WIND_HIGH,PM10_LOW,0.017158455738983492,0.44594594594594594,1.6387208799437125
RADIATION_LOW + RAIN_LOW + TEMP_MID,O3_LOW,0.006044455998960093,0.4492753623188406,1.6384334497837594
HUMIDITY_HIGH,PM25_HIGH,0.06070453659170675,0.2192488262910798,1.638349898647185
HUMIDITY_MID + RAIN_HIGH + TEMP_HIGH + WIND_HIGH,PM10_LOW,0.009359157675809178,0.4458204334365325,1.638259658193095
HUMIDITY_HIGH + TEMP_LOW + WIND_MID,PM10_HIGH,0.010269075783179513,0.4082687338501292,1.6379720310347035
HUMIDITY_LOW + WIND_HIGH,O3_HIGH,0.04647081762641362,0.4477144646211647,1.6370092092826143
HUMIDITY_HIGH + RAIN_HIGH + TEMP_MID + WIND_MID,O3_MID,0.0077343039126478615,0.44569288389513106,1.6362278004319941
RADIATION_MID + RAIN_LOW + TEMP_MID + WIND_MID,NO2_MID,0.00792928636422722,0.5374449339207049,1.6358314052035539
HUMIDITY_MID + RAIN_LOW + TEMP_HIGH,PM25_MID,0.014428701416872481,0.2217782217782218,1.6358004411695686
RADIATION_MID + RAIN_HIGH,NO2_MID + O3_MID,0.008839204471597556,0.20058997050147492,1.6346807659617018
HUMIDITY_LOW + RADIATION_LOW + RAIN_LOW,NO2_HIGH + O3_LOW,0.005979461848433641,0.323943661971831,1.6336273953125504
RADIATION_HIGH + WIND_LOW,NO2_MID,0.010984011438970492,0.5365079365079365,1.6329794482910207
HUMIDITY_LOW + TEMP_HIGH + WIND_HIGH,PM25_LOW,0.010074093331600156,0.2410575427682737,1.632443377215079
RADIATION_MID + TEMP_HIGH + WIND_MID,NO2_MID,0.0077343039126478615,0.536036036036036,1.6315431158161127
RADIATION_HIGH + RAIN_LOW + TEMP_MID + WIND_HIGH,O3_HIGH,0.007279344858962694,0.4462151394422311,1.6315271234453823
RADIATION_MID + RAIN_LOW + WIND_LOW,O3_LOW + PM10_HIGH,0.00942415182633563,0.21481481481481482,1.630557839536626
RADIATION_HIGH + WIND_LOW,NO2_LOW + O3_HIGH,0.00571948524632783,0.27936507936507937,1.6287651046271736
RADIATION_MID + RAIN_LOW + WIND_MID,PM25_HIGH,0.008384245417912387,0.2179054054054054,1.628311106152291
HUMIDITY_HIGH + RADIATION_LOW,PM10_HIGH,0.04816066554010139,0.4058050383351588,1.6280876974771195
HUMIDITY_HIGH + RAIN_HIGH + WIND_LOW,NO2_HIGH,0.026517613414792668,0.5368421052631579,1.6275571687840291
RAIN_HIGH + TEMP_LOW,NO2_HIGH + PM10_HIGH,0.020668139867411933,0.2909423604757548,1.627204346884756
HUMIDITY_LOW + RADIATION_HIGH + RAIN_LOW + TEMP_HIGH + WIND_LOW,NO2_MID,0.0055245027947484725,0.5345911949685535,1.6271454254769857
RADIATION_HIGH + TEMP_MID,O3_MID,0.018718315351618355,0.4430769230769231,1.6266240845768407
RADIATION_HIGH,PM25_MID,0.03691667749902509,0.22032583397982933,1.6250878627102847
HUMIDITY_MID + TEMP_LOW + WIND_HIGH,O3_LOW,0.0052645261926426625,0.44505494505494503,1.6230422812551277
HUMIDITY_LOW + RADIATION_HIGH + TEMP_HIGH + WIND_HIGH,PM25_LOW,0.005979461848433641,0.23958333333333334,1.6224600205399062
HUMIDITY_HIGH + RAIN_HIGH + TEMP_HIGH,NO2_LOW,0.010594046535811776,0.5361842105263158,1.622365833462713
HUMIDITY_HIGH + RADIATION_LOW + RAIN_HIGH + TEMP_MID,NO2_MID,0.014688678018978291,0.5330188679245284,1.6223597036373476
WIND_HIGH,NO2_LOW + O3_HIGH,0.062199402053815155,0.27819767441860466,1.6219588550983899
HUMIDITY_LOW + RADIATION_HIGH + RAIN_LOW + TEMP_MID,NO2_MID,0.012673859352658261,0.5327868852459017,1.62165361352986
RAIN_HIGH,NO2_LOW + PM10_LOW,0.07526322630963213,0.25596816976127323,1.6213776286319266
HUMIDITY_LOW + RAIN_LOW + TEMP_HIGH + WIND_HIGH,PM25_LOW,0.008384245417912387,0.23933209647495363,1.620758642765685
RADIATION_HIGH + RAIN_LOW + WIND_HIGH,PM10_LOW,0.021253087222150007,0.44070080862533695,1.6194465348720886
HUMIDITY_LOW + RADIATION_HIGH + TEMP_MID + WIND_HIGH,O3_HIGH,0.007279344858962694,0.4426877470355732,1.6186296758292134
HUMIDITY_LOW + WIND_MID,PM25_MID,0.01806837384635383,0.2192429022082019,1.617100332394724
HUMIDITY_LOW + RADIATION_HIGH + TEMP_HIGH + WIND_LOW,NO2_MID,0.0055245027947484725,0.53125,1.6169757665677547
HUMIDITY_MID + RADIATION_MID + WIND_HIGH,O3_MID,0.009359157675809178,0.44036697247706424,1.6166753134173493
HUMIDITY_MID + TEMP_LOW + WIND_HIGH,NO2_HIGH,0.006304432601065904,0.532967032967033,1.6158090185676393
HUMIDITY_LOW + RAIN_LOW + TEMP_MID + WIND_HIGH,NO2_LOW + PM10_LOW,0.008969192772650462,0.25508317929759705,1.6157718388937126
HUMIDITY_HIGH + RAIN_HIGH + TEMP_MID,O3_MID,0.03106720395164435,0.43933823529411764,1.612898613274945
HUMIDITY_MID + WIND_HIGH,PM25_LOW,0.017223449889509943,0.23809523809523808,1.6123826291079812
RADIATION_HIGH + TEMP_HIGH,PM10_MID,0.04777070063694268,0.40384615384615385,1.610987016613151
HUMIDITY_MID + RADIATION_HIGH + TEMP_MID,O3_HIGH,0.005784479396854283,0.4405940594059406,1.6109743816586983
HUMIDITY_HIGH + WIND_HIGH,O3_MID,0.02034316911477967,0.438375350140056,1.6093636691135533
TEMP_HIGH + WIND_LOW,NO2_MID,0.0211230989210971,0.5284552845528455,1.608469437810105
HUMIDITY_HIGH + RAIN_HIGH + TEMP_MID + WIND_HIGH,NO2_LOW,0.012218900298973092,0.5310734463276836,1.6069018771283656
HUMIDITY_LOW + RAIN_LOW + TEMP_LOW,O3_MID,0.024177823995840373,0.4376470588235294,1.6066899658933007
RADIATION_LOW + WIND_HIGH,PM25_LOW,0.009229169374756272,0.23666666666666666,1.6027083333333334
RADIATION_MID + TEMP_MID + WIND_MID,PM25_LOW,0.005914467697907188,0.23636363636363636,1.600656209987196
HUMIDITY_LOW + RAIN_LOW + WIND_HIGH,O3_HIGH,0.0396464318211361,0.4369627507163324,1.5976969777855254
HUMIDITY_LOW + RAIN_LOW + TEMP_HIGH,PM10_MID,0.04432601065904069,0.4004697592483852,1.5975182047694205
HUMIDITY_HIGH + WIND_MID,NO2_HIGH + O3_LOW,0.018198362147406732,0.3167420814479638,1.597310280287896
HUMIDITY_HIGH + RAIN_HIGH + TEMP_MID + WIND_MID,NO2_MID,0.009099181073703366,0.5243445692883895,1.595957575286085
HUMIDITY_MID + RADIATION_HIGH + RAIN_LOW,PM10_MID,0.012088911997920187,0.4,1.5956442831215973
HUMIDITY_MID + RADIATION_LOW,PM10_HIGH,0.011049005589496945,0.397196261682243,1.5935493304414579
RADIATION_MID + WIND_LOW,NO2_HIGH,0.028142467177953986,0.5254854368932039,1.5931268831603618
HUMIDITY_MID + RADIATION_HIGH,PM10_LOW,0.024372806447419734,0.43352601156069365,1.5930812548060265
RAIN_LOW + WIND_HIGH,NO2_LOW + O3_HIGH,0.035356817886390224,0.2732295328980412,1.592993404005025
HUMIDITY_MID + RADIATION_HIGH + TEMP_HIGH,PM25_LOW,0.010074093331600156,0.23520485584218512,1.592808940135502
HUMIDITY_MID + RADIATION_MID + RAIN_HIGH,O3_MID,0.007864292213700767,0.4336917562724014,1.5921692584125908
RADIATION_HIGH + RAIN_LOW + WIND_LOW,NO2_LOW + O3_HIGH,0.005004549590536852,0.2730496453900709,1.5919446168895912
TEMP_MID,PM10_LOW,0.13258806707396334,0.43312101910828027,1.5915930260329592
HUMIDITY_LOW + RADIATION_HIGH + RAIN_LOW + TEMP_MID + WIND_HIGH,O3_HIGH,0.006109450149486546,0.4351851851851852,1.5911975425996339
HUMIDITY_LOW + TEMP_MID + WIND_MID,NO2_MID,0.010464058234758872,0.5227272727272727,1.5910349788688065
HUMIDITY_LOW + WIND_HIGH,NO2_LOW + PM10_LOW,0.0260626543611075,0.2510958046336882,1.5905146356912006
RAIN_HIGH + WIND_LOW,PM25_HIGH,0.012088911997920187,0.2128146453089245,1.5902700984570723
HUMIDITY_MID + RADIATION_MID + RAIN_LOW + TEMP_MID,PM10_HIGH,0.00968412842844144,0.3962765957446808,1.5898596354961303
HUMIDITY_HIGH + RAIN_HIGH + WIND_MID,PM10_LOW,0.01585857272845444,0.4326241134751774,1.589767043212104
HUMIDITY_LOW + RAIN_LOW + TEMP_MID + WIND_MID,NO2_MID,0.009164175224229819,0.5222222222222223,1.5894977470051654
RADIATION_MID + RAIN_LOW + TEMP_HIGH,PM10_HIGH,0.009619134277914988,0.39572192513368987,1.5876342998975104
RADIATION_HIGH + TEMP_MID,NO2_LOW + O3_HIGH,0.011503964643182114,0.2723076923076923,1.5876188532952458
HUMIDITY_MID + RADIATION_MID + WIND_HIGH,NO2_LOW + O3_HIGH,0.005784479396854283,0.27217125382262997,1.5868233843558106
HUMIDITY_LOW + RADIATION_HIGH + TEMP_MID,O3_MID,0.011763941245287924,0.431980906921241,1.585888387948035
HUMIDITY_HIGH + RADIATION_LOW + RAIN_HIGH,O3_LOW + PM10_HIGH,0.013778759911607956,0.20886699507389161,1.5854107480053756
HUMIDITY_LOW + RADIATION_HIGH + TEMP_MID,NO2_MID,0.014168724814766671,0.5202863961813843,1.5836056363297286
HUMIDITY_LOW + RADIATION_HIGH + WIND_HIGH,PM25_MID,0.00968412842844144,0.21469740634005763,1.5835734870317
WIND_HIGH,NO2_LOW,0.11698947094761472,0.5232558139534884,1.5832475818069562
RADIATION_MID + TEMP_HIGH,O3_HIGH,0.017743403093721567,0.4326465927099842,1.5819155122233406
HUMIDITY_LOW + TEMP_LOW,O3_MID,0.0260626543611075,0.43071965628356607,1.5812580843662485
RADIATION_HIGH + WIND_MID,PM25_MID,0.014233718965293124,0.2142857142857143,1.5805369127516777
RADIATION_MID + RAIN_HIGH + TEMP_HIGH,O3_MID,0.006239438450539451,0.4304932735426009,1.5804269880044042
HUMIDITY_MID + RADIATION_MID + TEMP_HIGH,NO2_MID,0.012348888600025998,0.5191256830601093,1.580072751644479
HUMIDITY_MID + RAIN_LOW + TEMP_MID + WIND_LOW,NO2_HIGH,0.009619134277914988,0.5211267605633803,1.5799125789218067
RADIATION_HIGH,PM25_LOW,0.038996490315871574,0.23273855702094648,1.5761071471497723
RAIN_LOW + TEMP_HIGH + WIND_MID,PM10_MID,0.028857402833744963,0.39466666666666667,1.5743690260133092
HUMIDITY_MID + TEMP_HIGH + WIND_MID,PM25_MID,0.008514233718965293,0.21335504885993486,1.573672474476969
RADIATION_HIGH + WIND_MID,PM10_MID,0.026192642662160405,0.3943248532289629,1.5730054943688938
HUMIDITY_HIGH + RAIN_LOW + TEMP_MID,PM10_HIGH,0.007994280514753671,0.3917197452229299,1.5715775749674055
HUMIDITY_LOW,NO2_LOW + O3_HIGH,0.07480826725594697,0.26955503512880563,1.571570204809323
RADIATION_HIGH + RAIN_LOW + TEMP_MID,NO2_MID,0.015988561029507343,0.5157232704402515,1.5697167634013272
RADIATION_HIGH + TEMP_MID,O3_HIGH,0.01813336799688028,0.42923076923076925,1.5694260017548993
HUMIDITY_LOW + RADIATION_LOW + RAIN_LOW,NO2_HIGH,0.009554140127388535,0.5176056338028169,1.5692374939290916
RAIN_HIGH + WIND_MID,PM10_LOW,0.026387625113739762,0.42691903259726605,1.5688025401341141
HUMIDITY_LOW + RADIATION_HIGH + RAIN_LOW + TEMP_MID,O3_HIGH,0.01020408163265306,0.42896174863387976,1.568442363232147
HUMIDITY_LOW + RADIATION_MID + RAIN_LOW + WIND_MID,PM10_HIGH,0.005329520343169115,0.3904761904761905,1.5665884398087788
HUMIDITY_LOW + RADIATION_MID,NO2_HIGH + PM10_HIGH,0.01189392954634083,0.2798165137614679,1.5649788734038332
RAIN_HIGH + TEMP_HIGH + WIND_MID,PM10_LOW,0.008904198622124009,0.4254658385093168,1.5634624770251608
HUMIDITY_MID + RADIATION_MID + TEMP_MID + WIND_LOW,NO2_HIGH,0.006499415052645262,0.5154639175257731,1.5627444009953784
RADIATION_MID + TEMP_MID,PM25_LOW,0.017678408943195112,0.23070398642917728,1.5623290207743492
HUMIDITY_LOW + RAIN_LOW,NO2_LOW + O3_HIGH,0.06362927336539712,0.2677789934354486,1.5612154577483182
RAIN_LOW + TEMP_HIGH + WIND_HIGH,PM25_LOW,0.011113999740023398,0.23045822102425875,1.5606646957214987
RADIATION_HIGH + RAIN_LOW,PM10_MID,0.04920057194852463,0.3908105317501291,1.5589864769270123
RAIN_HIGH + TEMP_HIGH + WIND_HIGH,PM10_LOW,0.014363707266346028,0.42337164750957856,1.5557669378032901
HUMIDITY_MID + RADIATION_MID,PM10_HIGH,0.03165215130638242,0.38773885350318466,1.5556062581486307
HUMIDITY_HIGH + TEMP_MID + WIND_MID,O3_MID,0.009749122578967893,0.423728813559322,1.5555933012225551
RAIN_HIGH,PM10_LOW,0.12446379825815676,0.4232979664014147,1.5554961812878354
HUMIDITY_LOW + RADIATION_LOW,PM10_LOW,0.008774210321071103,0.4231974921630094,1.5551269678576696
HUMIDITY_LOW + RADIATION_MID,PM25_HIGH,0.008839204471597556,0.20795107033639143,1.5539267451169103
HUMIDITY_LOW + WIND_HIGH,NO2_LOW,0.05329520343169115,0.5134627426424546,1.5536160783277888
HUMIDITY_LOW + RADIATION_HIGH + TEMP_MID,O3_HIGH,0.011568958793708567,0.42482100238663484,1.5533022677568356
HUMIDITY_HIGH + RADIATION_LOW + TEMP_MID + WIND_LOW,NO2_MID,0.007149356557909788,0.5092592592592593,1.550042129171704
RADIATION_MID + TEMP_MID + WIND_LOW,PM10_HIGH,0.008579227869491746,0.38596491228070173,1.5484892152153524
RADIATION_HIGH + RAIN_LOW + TEMP_HIGH + WIND_LOW,NO2_MID,0.0077343039126478615,0.5085470085470085,1.547874238081953
RADIATION_MID + WIND_HIGH,PM25_LOW,0.011049005589496945,0.22849462365591397,1.5473672005149175
HUMIDITY_MID + WIND_LOW,O3_LOW + PM10_HIGH,0.013778759911607956,0.20384615384615384,1.547299912716785
TEMP_MID,PM25_LOW,0.06993370596646302,0.22845010615711253,1.5470657276995305
RADIATION_MID + TEMP_MID + WIND_MID,PM10_LOW,0.010529052385285325,0.42077922077922075,1.54624052804134
HUMIDITY_MID + RAIN_LOW + WIND_LOW,NO2_HIGH + O3_LOW,0.01813336799688028,0.3065934065934066,1.5461311549807126
HUMIDITY_MID + RAIN_LOW + TEMP_MID + WIND_MID,NO2_MID,0.008579227869491746,0.5076923076923077,1.5452727687742522
HUMIDITY_MID + RADIATION_MID + TEMP_HIGH,O3_MID,0.010009099181073703,0.4207650273224044,1.5447126486238403
HUMIDITY_MID + RAIN_LOW + WIND_HIGH,PM25_MID,0.00669439750422462,0.209349593495935,1.5441288808861244
HUMIDITY_MID + RADIATION_HIGH + TEMP_HIGH + WIND_MID,PM10_MID,0.006824385805277525,0.3860294117647059,1.539914059997865
HUMIDITY_LOW + RADIATION_LOW + RAIN_LOW,PM10_LOW,0.0077343039126478615,0.41901408450704225,1.5397541686709701
RAIN_LOW + TEMP_HIGH,PM10_MID,0.07864292213700767,0.38584183673469385,1.5391658024371273
HUMIDITY_LOW + TEMP_HIGH,PM10_MID,0.05128038476537112,0.38581907090464546,1.5390749870207092
HUMIDITY_LOW + RADIATION_HIGH + RAIN_LOW,PM10_MID,0.03600675939165475,0.38579387186629527,1.538974465267
HUMIDITY_HIGH + RADIATION_MID + WIND_LOW,O3_MID,0.006564409203171715,0.41908713692946065,1.5385527770929806
RADIATION_HIGH + TEMP_HIGH + WIND_HIGH,PM10_LOW,0.018718315351618355,0.4186046511627907,1.5382496209196794
RAIN_LOW + TEMP_MID + WIND_MID,NO2_MID,0.019953204211620956,0.5049342105263158,1.5368778957780207
RAIN_HIGH + TEMP_HIGH,PM25_LOW,0.01806837384635383,0.22693877551020408,1.536830985915493
HUMIDITY_MID + RADIATION_MID + RAIN_LOW + TEMP_HIGH,O3_HIGH,0.006499415052645262,0.42016806722689076,1.5362894207112505
RADIATION_MID + TEMP_HIGH + WIND_LOW,O3_MID,0.005134537891589757,0.41798941798941797,1.5345228311107577
RAIN_MID,PM10_HIGH,0.015533601975822176,0.3824,1.5341868057366363
RAIN_LOW + TEMP_MID + WIND_LOW,NO2_HIGH + PM10_HIGH,0.00994410503054725,0.27419354838709675,1.5335303291471722
HUMIDITY_HIGH + RADIATION_LOW + TEMP_MID,NO2_MID,0.01735343819056285,0.5037735849056604,1.533345277420077
TEMP_MID + WIND_HIGH,NO2_LOW,0.04640582347588717,0.5063829787234042,1.5321943973723298
RAIN_HIGH + WIND_MID,NO2_LOW + PM10_LOW,0.014948654621084103,0.24185068349106204,1.5319533207877647
HUMIDITY_HIGH + TEMP_MID + WIND_MID,NO2_MID,0.011568958793708567,0.5028248587570622,1.5304576215303973
RAIN_MID,PM25_HIGH,0.008319251267385936,0.2048,1.5303801845556095
HUMIDITY_LOW + RADIATION_LOW,NO2_HIGH,0.010464058234758872,0.5047021943573667,1.5301178250999892
RADIATION_LOW + TEMP_LOW + WIND_MID,PM10_HIGH,0.008839204471597556,0.38095238095238093,1.5283789656671012
HUMIDITY_HIGH + RADIATION_MID + WIND_LOW,O3_LOW,0.006564409203171715,0.41908713692946065,1.5283419504140037
HUMIDITY_MID + RAIN_LOW + TEMP_HIGH + WIND_MID,NO2_LOW,0.013453789158975693,0.5048780487804878,1.5276408374703216
HUMIDITY_MID + TEMP_HIGH,NO2_LOW + PM10_LOW,0.027687508124268817,0.24081401921989826,1.5253867845686926
RADIATION_MID + RAIN_LOW + TEMP_MID + WIND_HIGH,PM10_LOW,0.00571948524632783,0.41509433962264153,1.5253502530293677
RADIATION_MID + RAIN_HIGH + TEMP_HIGH,O3_HIGH,0.006044455998960093,0.4170403587443946,1.5248533649337586
HUMIDITY_LOW + RADIATION_HIGH + RAIN_LOW + TEMP_MID,O3_MID,0.009879110880020798,0.41530054644808745,1.5246514453949591
RADIATION_HIGH + RAIN_LOW + TEMP_MID + WIND_MID,NO2_MID,0.005004549590536852,0.5,1.5218595450049455
RADIATION_MID + RAIN_LOW + TEMP_MID + WIND_LOW,NO2_HIGH,0.008709216170544652,0.50187265917603,1.5215394549916053
RAIN_HIGH + WIND_LOW,NO2_HIGH,0.02846743793058625,0.5011441647597255,1.5193308608853469
HUMIDITY_LOW + RADIATION_LOW + TEMP_LOW,O3_MID,0.006239438450539451,0.41379310344827586,1.5191173203663022
RADIATION_MID + TEMP_HIGH,O3_MID,0.016963473287404135,0.41362916006339145,1.5185154513804202
HUMIDITY_LOW + RADIATION_LOW + RAIN_LOW + TEMP_LOW,O3_MID,0.005589496945274925,0.41346153846153844,1.517900078923701
RADIATION_HIGH + RAIN_LOW + TEMP_MID,O3_HIGH,0.012868841804237618,0.41509433962264153,1.517738001291341
HUMIDITY_MID + RADIATION_MID + RAIN_LOW + TEMP_MID,NO2_HIGH + PM10_HIGH,0.006629403353698167,0.2712765957446808,1.5172161767094363
HUMIDITY_MID + RADIATION_MID + RAIN_LOW + TEMP_HIGH,PM10_HIGH,0.005849473547380735,0.37815126050420167,1.5171408850371961
HUMIDITY_HIGH + RADIATION_LOW + WIND_MID,NO2_HIGH + PM10_HIGH,0.006434420902118809,0.27123287671232876,1.5169716616124647
HUMIDITY_HIGH + TEMP_MID + WIND_HIGH,NO2_LOW,0.012738853503184714,0.5012787723785166,1.5167502835429412
HUMIDITY_MID + RADIATION_HIGH + RAIN_LOW + WIND_MID,PM10_MID,0.0056544910958013775,0.3799126637554585,1.5155136750172375
RADIATION_LOW + TEMP_MID,NO2_MID,0.02281294683478487,0.4978723404255319,1.5153835469410946
RADIATION_LOW + RAIN_LOW + WIND_MID,PM10_HIGH,0.005589496945274925,0.37719298245614036,1.5132962785059128
RADIATION_LOW,PM10_HIGH,0.06310932016118549,0.3763565891472868,1.5099406729126872
RAIN_LOW + TEMP_MID + WIND_LOW,PM10_HIGH,0.01364877161055505,0.3763440860215054,1.5098905104372573
HUMIDITY_MID + RADIATION_MID,NO2_HIGH + PM10_HIGH,0.02203301702846744,0.26990445859872614,1.5095419847328246
HUMIDITY_LOW + RADIATION_HIGH,NO2_LOW + PM10_LOW,0.024697777200051996,0.23824451410658307,1.5091107838797393
HUMIDITY_LOW + RADIATION_HIGH + RAIN_LOW + TEMP_MID + WIND_HIGH,NO2_MID,0.00695437410633043,0.49537037037037035,1.5077682529215664
RADIATION_LOW + RAIN_LOW + TEMP_MID,O3_MID,0.0055245027947484725,0.4106280193236715,1.5074976629238868
HUMIDITY_HIGH + RADIATION_MID,PM25_LOW,0.009229169374756272,0.2225705329153605,1.5072492163009403
RADIATION_HIGH + RAIN_LOW + TEMP_MID + WIND_HIGH,O3_MID,0.00669439750422462,0.4103585657370518,1.506508444865254
RADIATION_LOW + RAIN_HIGH + WIND_HIGH,NO2_LOW + PM10_LOW,0.005069543741063305,0.23708206686930092,1.5017475013796062
HUMIDITY_HIGH + RAIN_HIGH + TEMP_MID + WIND_LOW,NO2_MID,0.009294163525282725,0.49310344827586206,1.5008683788669461
HUMIDITY_LOW + RADIATION_HIGH,PM10_MID,0.038996490315871574,0.3761755485893417,1.5006059088917842
WIND_HIGH,PM10_LOW,0.09125178733913948,0.40813953488372096,1.4997933803966876
HUMIDITY_MID + RADIATION_MID,PM25_HIGH,0.01637852593266606,0.20063694267515925,1.4992714910150557
TEMP_HIGH,PM25_MID,0.06258936695697387,0.2032074277273686,1.498825255519316
HUMIDITY_LOW + RADIATION_HIGH,PM25_LOW,0.022942935135837776,0.2213166144200627,1.4987576714203719
RADIATION_HIGH + RAIN_LOW + TEMP_HIGH + WIND_HIGH,PM10_MID,0.01039906408423242,0.3755868544600939,1.4982575428371803
TEMP_HIGH + WIND_HIGH,PM25_MID,0.017028467437930586,0.20310077519379846,1.4980386036106341
HUMIDITY_LOW + RADIATION_MID + WIND_MID,PM10_HIGH,0.00545950864422202,0.37333333333333335,1.4978113863537594
HUMIDITY_LOW + RADIATION_LOW,O3_LOW,0.008514233718965293,0.4106583072100313,1.4976033929209627
HUMIDITY_HIGH + RADIATION_LOW + RAIN_HIGH + WIND_MID,PM10_LOW,0.006434420902118809,0.4074074074074074,1.4971030261214164
TEMP_HIGH + WIND_MID,PM10_MID,0.03646171844533992,0.37525083612040133,1.4969171284802942
RADIATION_MID + WIND_HIGH,PM10_LOW,0.019693227609515144,0.40725806451612906,1.4965542346895537
HUMIDITY_LOW + RADIATION_MID + RAIN_LOW,PM10_HIGH,0.014688678018978291,0.37293729372937295,1.4962224775280657
RAIN_HIGH + WIND_MID,PM25_LOW,0.01364877161055505,0.22082018927444794,1.4953958768383169
RADIATION_MID + TEMP_HIGH,NO2_MID,0.020148186663200313,0.49128367670364503,1.495329505393132
HUMIDITY_MID + RADIATION_HIGH + TEMP_HIGH,PM10_MID,0.016053555180033798,0.37481031866464337,1.4951598555805556
HUMIDITY_LOW + RADIATION_HIGH + TEMP_MID + WIND_HIGH,O3_MID,0.00669439750422462,0.4071146245059289,1.4945992871983351
HUMIDITY_MID + RAIN_HIGH + TEMP_MID + WIND_HIGH,O3_HIGH,0.005784479396854283,0.40825688073394495,1.4927377297938398
HUMIDITY_LOW + RADIATION_LOW + RAIN_LOW,O3_LOW,0.0075393214610685036,0.4084507042253521,1.489552627449933
HUMIDITY_HIGH + RADIATION_MID,NO2_LOW + PM10_LOW,0.009749122578967893,0.23510971786833856,1.4892540630392166
HUMIDITY_MID + RADIATION_HIGH + TEMP_HIGH,PM25_MID,0.008644222020018199,0.20182094081942337,1.488598751413062
HUMIDITY_HIGH + RADIATION_MID + RAIN_HIGH,NO2_LOW,0.011568958793708567,0.49171270718232046,1.487805646550085
HUMIDITY_LOW + TEMP_HIGH + WIND_LOW,NO2_MID,0.006759391654751073,0.48826291079812206,1.4861351425400406
RAIN_HIGH + TEMP_MID + WIND_LOW,NO2_MID,0.01065904068633823,0.4880952380952381,1.485624793933399
HUMIDITY_LOW + RAIN_LOW + TEMP_HIGH + WIND_LOW,NO2_MID,0.006629403353698167,0.4880382775119617,1.4854514219187027
HUMIDITY_LOW + RAIN_LOW + WIND_HIGH,NO2_LOW,0.04452099311062004,0.4906876790830946,1.484704155432152
HUMIDITY_HIGH + RADIATION_MID + RAIN_LOW,NO2_HIGH,0.0076043156115949565,0.4895397489539749,1.4841494733804645
HUMIDITY_HIGH,NO2_HIGH + PM10_HIGH,0.0732484076433121,0.26455399061032864,1.479617484380413
RAIN_LOW + WIND_HIGH,PM25_LOW,0.028272455479006888,0.21848317428427927,1.4795695948670426
RADIATION_LOW + RAIN_LOW + TEMP_MID,NO2_HIGH,0.006564409203171715,0.48792270531400966,1.4792470431450941
HUMIDITY_LOW + RAIN_LOW + WIND_HIGH,NO2_LOW + PM10_LOW,0.021188093071623552,0.2335243553008596,1.4792119105224477
HUMIDITY_LOW + RADIATION_HIGH + RAIN_LOW + TEMP_MID + WIND_HIGH,O3_MID,0.0056544910958013775,0.4027777777777778,1.4786778546621067
RADIATION_MID + RAIN_LOW + WIND_HIGH,PM25_MID,0.005589496945274925,0.20046620046620048,1.4786064047809013
HUMIDITY_MID + RAIN_LOW + TEMP_MID + WIND_HIGH,NO2_LOW,0.005329520343169115,0.4880952380952381,1.4768600458865944
RAIN_LOW + WIND_HIGH,O3_HIGH,0.05225529702326791,0.4038171772978403,1.4765045365742802
TEMP_MID + WIND_MID,NO2_MID,0.03295203431691148,0.4847036328871894,1.4753017004158844
RADIATION_HIGH + WIND_MID,NO2_LOW + PM10_LOW,0.015468607825295723,0.23287671232876714,1.4751095495637756
HUMIDITY_HIGH + RADIATION_MID,PM10_LOW,0.016638502534771872,0.4012539184952978,1.474490754709494
RADIATION_MID + TEMP_MID,PM10_LOW,0.03074223319901209,0.4011874469889737,1.474246491371471
HUMIDITY_HIGH + TEMP_MID,O3_MID,0.040296373326400625,0.40129449838187703,1.4732324390607396
RADIATION_LOW + TEMP_MID + WIND_LOW,NO2_MID,0.007864292213700767,0.484,1.4731600395647872
HUMIDITY_MID + RAIN_HIGH + WIND_MID,PM10_LOW,0.007864292213700767,0.40066225165562913,1.472316552179009
RADIATION_MID + TEMP_MID,NO2_LOW + PM10_LOW,0.017808397244248018,0.23240033927056827,1.4720920625841758
HUMIDITY_HIGH + TEMP_MID + WIND_LOW,NO2_MID,0.01514363707266346,0.4834024896265561,1.471341385834657
HUMIDITY_MID + RAIN_LOW + WIND_HIGH,NO2_LOW + O3_HIGH,0.008059274665280124,0.2520325203252033,1.4694097604106016
RADIATION_MID + RAIN_HIGH + WIND_MID,NO2_LOW,0.0076043156115949565,0.48547717842323657,1.4689384202989022
RADIATION_LOW + RAIN_HIGH + TEMP_MID,O3_MID,0.012348888600025998,0.4,1.4684800763540922
RAIN_LOW + TEMP_MID + WIND_HIGH,NO2_LOW + PM10_LOW,0.01117899389054985,0.23180592991913745,1.4683268990266978
HUMIDITY_LOW + WIND_HIGH,PM10_LOW,0.041466268035876774,0.3994990607388854,1.4680421658773564
HUMIDITY_LOW + TEMP_MID + WIND_MID,PM10_LOW,0.007994280514753671,0.3993506493506493,1.467496797446642
HUMIDITY_HIGH + RAIN_HIGH + TEMP_MID,NO2_MID,0.03405693487586117,0.48161764705882354,1.465908826438587
HUMIDITY_LOW + RAIN_LOW + TEMP_MID,NO2_MID,0.03360197582217601,0.4813780260707635,1.4651794874628619
TEMP_HIGH,NO2_LOW + PM10_LOW,0.07123358897699207,0.23127242034184428,1.464947492539982
RAIN_LOW + WIND_MID,O3_HIGH,0.06063954244118029,0.40060111635895235,1.4647454316299529
RADIATION_MID + TEMP_LOW + WIND_MID,O3_LOW,0.006629403353698167,0.40157480314960625,1.4644773456411098
RAIN_HIGH,PM25_LOW,0.06356427921487066,0.21618037135278514,1.4639749971980425
HUMIDITY_HIGH + TEMP_HIGH,NO2_LOW,0.013518783309502146,0.48372093023255813,1.4636244311815416
HUMIDITY_LOW + RADIATION_HIGH + RAIN_LOW + TEMP_HIGH + WIND_HIGH,PM10_MID,0.0076043156115949565,0.3667711598746082,1.4630907611694897
RADIATION_HIGH + TEMP_HIGH + WIND_LOW,NO2_MID,0.008059274665280124,0.4806201550387597,1.4628727409349864
RADIATION_MID + RAIN_LOW + TEMP_LOW,O3_MID,0.01689847913687768,0.3981623277182236,1.4617336135224501
HUMIDITY_HIGH + RAIN_HIGH + WIND_MID,O3_LOW,0.014688678018978291,0.40070921985815605,1.4613207055552475
HUMIDITY_HIGH + RADIATION_LOW + RAIN_HIGH + TEMP_LOW,PM10_HIGH,0.012283894449499545,0.36416184971098264,1.4610154418913113
HUMIDITY_HIGH + RAIN_LOW + TEMP_MID,NO2_HIGH + PM10_HIGH,0.005329520343169115,0.2611464968152866,1.460559796437659
HUMIDITY_HIGH + RADIATION_LOW + RAIN_HIGH + WIND_HIGH,NO2_MID,0.008514233718965293,0.47985347985347987,1.4605391970377133
HUMIDITY_HIGH + RADIATION_LOW + WIND_HIGH,O3_MID,0.00844923956843884,0.39755351681957185,1.459498546835107
RADIATION_LOW + RAIN_HIGH + WIND_MID,PM10_LOW,0.007279344858962694,0.3971631205673759,1.4594582691783249
HUMIDITY_MID + RAIN_LOW + TEMP_HIGH + WIND_MID,PM10_MID,0.009749122578967893,0.36585365853658536,1.4594307467575582
RAIN_HIGH + TEMP_LOW + WIND_HIGH,NO2_MID,0.005849473547380735,0.4787234042553192,1.4570995643664373
HUMIDITY_HIGH + RADIATION_LOW + RAIN_HIGH + WIND_HIGH,O3_LOW,0.007084362407383336,0.3992673992673993,1.4560626226897857
RADIATION_MID + TEMP_MID + WIND_LOW,NO2_HIGH + PM10_HIGH,0.005784479396854283,0.260233918128655,1.4554558576254037
HUMIDITY_MID + RADIATION_MID + RAIN_HIGH,O3_HIGH,0.007214350708436241,0.3978494623655914,1.454684369761642
RADIATION_MID + TEMP_MID + WIND_MID,NO2_MID,0.011958923696867282,0.4779220779220779,1.454660552108623
TEMP_MID + WIND_MID,PM10_LOW,0.026907578317951385,0.39579349904397704,1.4544253107930811
TEMP_LOW + WIND_HIGH,O3_MID,0.01858832705056545,0.3961218836565097,1.4542427348935953
HUMIDITY_HIGH + RAIN_HIGH + WIND_MID,PM25_LOW,0.007864292213700767,0.21453900709219859,1.452859666866447
RADIATION_LOW + RAIN_HIGH + WIND_HIGH,O3_LOW,0.008514233718965293,0.3981762917933131,1.4520835329537605
RADIATION_MID + WIND_HIGH,NO2_LOW,0.023202911737943584,0.4798387096774194,1.4518777555745868
HUMIDITY_HIGH + TEMP_MID + WIND_MID,NO2_LOW + PM10_LOW,0.0052645261926426625,0.2288135593220339,1.449372344062912
HUMIDITY_MID + RAIN_HIGH + TEMP_MID + WIND_HIGH,O3_MID,0.005589496945274925,0.3944954128440367,1.4482716349363753
HUMIDITY_LOW + RADIATION_HIGH + RAIN_LOW,PM25_LOW,0.019953204211620956,0.2137883008356546,1.4477758788104673
HUMIDITY_LOW + TEMP_LOW,NO2_HIGH + O3_LOW,0.01735343819056285,0.28678839957035446,1.4462557573875692
HUMIDITY_LOW + RADIATION_HIGH + TEMP_HIGH,NO2_LOW + PM10_LOW,0.016183543481086703,0.22823098075160406,1.44568212014993
HUMIDITY_MID + WIND_LOW,NO2_HIGH + O3_LOW,0.01936825685688288,0.2865384615384615,1.4449953357033
HUMIDITY_LOW + RADIATION_HIGH + TEMP_HIGH + WIND_HIGH,PM10_MID,0.009034186923176915,0.3619791666666667,1.4439749697519662
HUMIDITY_LOW + RADIATION_HIGH + TEMP_MID + WIND_HIGH,NO2_MID,0.007799298063174314,0.47430830039525695,1.4436612284631896
RADIATION_LOW + RAIN_HIGH + TEMP_MID + WIND_HIGH,NO2_MID,0.0053945144936955675,0.4742857142857143,1.4435924826904054
HUMIDITY_MID + RADIATION_MID + RAIN_LOW,NO2_HIGH,0.0285324320811127,0.4761388286334056,1.4435215797741041
HUMIDITY_MID + TEMP_MID + WIND_LOW,NO2_HIGH,0.010334069933705966,0.47604790419161674,1.4432459219492049
RADIATION_HIGH + RAIN_LOW + TEMP_MID + WIND_HIGH,NO2_MID,0.0077343039126478615,0.4741035856573706,1.4430381343074785
RADIATION_MID + RAIN_LOW + TEMP_HIGH,O3_MID,0.009554140127388535,0.393048128342246,1.4429583637971362
RADIATION_LOW + TEMP_MID,O3_MID,0.018003379695827375,0.39290780141843973,1.4424431955676722
HUMIDITY_HIGH + RAIN_HIGH,PM25_LOW,0.03126218640322371,0.2129260734838424,1.4419368691119716
HUMIDITY_HIGH + RAIN_HIGH,PM10_LOW,0.05758481736643702,0.3922089420097388,1.4412531124341632
RAIN_LOW + TEMP_MID + WIND_LOW,NO2_HIGH,0.017223449889509943,0.47491039426523296,1.4397973056482511
RADIATION_HIGH + TEMP_MID,NO2_LOW,0.020083192512673858,0.4753846153846154,1.4384007261175402
TEMP_MID + WIND_LOW,NO2_MID,0.0285324320811127,0.47255113024757806,1.4383128961403038
RADIATION_HIGH,PM10_MID,0.06031457168854803,0.3599689681923972,1.4359560654934467
HUMIDITY_HIGH + TEMP_MID,NO2_MID,0.047315741583257506,0.47119741100323626,1.4341925550337868
HUMIDITY_LOW + RADIATION_HIGH + RAIN_LOW + TEMP_MID,NO2_LOW + O3_HIGH,0.005849473547380735,0.2459016393442623,1.4336652606861764
HUMIDITY_MID + RADIATION_MID + TEMP_LOW,O3_MID,0.007994280514753671,0.3904761904761904,1.4335162650123279
HUMIDITY_LOW + RADIATION_HIGH + TEMP_MID,NO2_LOW + O3_HIGH,0.00669439750422462,0.2458233890214797,1.4332090426239055
HUMIDITY_LOW + RAIN_LOW + WIND_HIGH,PM10_LOW,0.035356817886390224,0.38968481375358166,1.4319776795826624
HUMIDITY_LOW + RAIN_LOW + WIND_LOW,NO2_HIGH + PM10_HIGH,0.008969192772650462,0.2560296846011132,1.431942103697829
HUMIDITY_HIGH + RAIN_HIGH + TEMP_MID + WIND_LOW,PM10_LOW,0.007344339009489146,0.3896551724137931,1.431868756331173
RADIATION_LOW + TEMP_MID + WIND_HIGH,NO2_MID,0.0077343039126478615,0.4703557312252965,1.4316307182259964
HUMIDITY_HIGH + RAIN_HIGH + TEMP_HIGH,PM10_MID,0.007084362407383336,0.35855263157894735,1.4303061419428789
RADIATION_HIGH + TEMP_MID + WIND_HIGH,O3_MID,0.009164175224229819,0.38950276243093923,1.4299426157867887
HUMIDITY_LOW + RAIN_LOW + TEMP_LOW,NO2_HIGH + O3_LOW,0.01566359027687508,0.28352941176470586,1.4298208880405652
HUMIDITY_LOW + RADIATION_MID,PM10_HIGH,0.01514363707266346,0.3562691131498471,1.4293498239696343
HUMIDITY_LOW + RADIATION_MID + WIND_HIGH,PM10_LOW,0.006564409203171715,0.38846153846153847,1.4274825007808052
HUMIDITY_LOW + TEMP_MID,NO2_MID,0.0385415312621864,0.46877470355731227,1.426818514131119
RADIATION_LOW + WIND_MID,NO2_HIGH + PM10_HIGH,0.008969192772650462,0.25508317929759705,1.4266484175473748
RADIATION_HIGH + RAIN_LOW,PM25_LOW,0.026517613414792668,0.21063500258131132,1.4264217208257288
RAIN_LOW + TEMP_MID + WIND_MID,PM25_LOW,0.008319251267385936,0.21052631578947367,1.4256856931060045
RADIATION_LOW + RAIN_HIGH + WIND_HIGH,NO2_MID,0.010009099181073703,0.46808510638297873,1.424719574047183
HUMIDITY_LOW + RAIN_LOW + WIND_LOW,NO2_HIGH,0.01644352008319251,0.4693877551020408,1.423054187192118
RAIN_HIGH + TEMP_MID + WIND_LOW,PM10_LOW,0.00844923956843884,0.3869047619047619,1.4217618024042673
RAIN_HIGH + TEMP_MID + WIND_MID,NO2_MID,0.012283894449499545,0.4666666666666667,1.4204022420046158
HUMIDITY_LOW + WIND_LOW,NO2_HIGH + PM10_HIGH,0.009099181073703366,0.2536231884057971,1.4184828705240258
HUMIDITY_LOW + RAIN_LOW + WIND_MID,PM10_MID,0.026972572468477837,0.3553082191780822,1.4173638216940556
HUMIDITY_LOW + WIND_LOW,NO2_HIGH,0.016768490835824774,0.4673913043478261,1.417001499250375
HUMIDITY_MID + RADIATION_MID + RAIN_LOW + TEMP_LOW,O3_MID,0.0074743273105420515,0.3859060402684564,1.4167383286973205
HUMIDITY_MID + RADIATION_HIGH + RAIN_LOW,NO2_LOW + PM10_LOW,0.006759391654751073,0.22365591397849463,1.4167023023767469
RAIN_LOW + WIND_HIGH,NO2_LOW,0.06057454829065384,0.4681064791562029,1.4163788177575884
RADIATION_LOW + WIND_HIGH,O3_LOW,0.01514363707266346,0.3883333333333333,1.4161878802243817
HUMIDITY_HIGH + RAIN_LOW + TEMP_MID + WIND_LOW,NO2_HIGH,0.005069543741063305,0.46706586826347307,1.416014866818088
RADIATION_MID + RAIN_LOW,NO2_HIGH,0.05375016248537631,0.46696781479390176,1.4157175957475807
HUMIDITY_LOW + RADIATION_MID + RAIN_LOW + WIND_MID,NO2_HIGH,0.006369426751592357,0.4666666666666667,1.4148045977011494
TEMP_MID,NO2_LOW + PM10_LOW,0.06837384635382815,0.22335456475583865,1.4147934678194043
TEMP_HIGH,PM10_MID,0.10912517873391395,0.3542941548849968,1.4133186069641073
HUMIDITY_HIGH + RADIATION_MID + TEMP_MID,NO2_MID,0.010529052385285325,0.46418338108882523,1.4128438182853935
RADIATION_HIGH + RAIN_LOW,NO2_LOW + PM10_LOW,0.02807747302742753,0.22302529685080022,1.4127077881212071
HUMIDITY_HIGH + RADIATION_LOW + RAIN_HIGH + WIND_LOW,PM10_HIGH,0.010334069933705966,0.35176991150442477,1.4112990504320937
RADIATION_LOW + RAIN_HIGH + WIND_LOW,PM10_HIGH,0.010789028987391135,0.3516949152542373,1.4109981658674564
RADIATION_HIGH + TEMP_HIGH + WIND_MID,NO2_LOW + PM10_LOW,0.01163395294423502,0.22263681592039802,1.4102470357147978
HUMIDITY_MID + RAIN_LOW,PM10_HIGH,0.060964513193812554,0.3507853403141361,1.4073489559513164
RAIN_LOW + TEMP_HIGH + WIND_LOW,PM10_MID,0.011503964643182114,0.35258964143426297,1.4065191141061888
HUMIDITY_HIGH,NO2_HIGH,0.12836344728974391,0.4636150234741783,1.4055528573741296
HUMIDITY_MID + RAIN_LOW + WIND_MID,O3_MID,0.022227999480046796,0.3825503355704698,1.4044188649695177
TEMP_LOW + WIND_HIGH,O3_LOW,0.01806837384635383,0.3850415512465374,1.4041832916518664
RADIATION_MID + TEMP_LOW,O3_MID,0.018003379695827375,0.3820689655172414,1.4026516591382192
RADIATION_HIGH + TEMP_MID + WIND_MID,NO2_MID,0.00571948524632783,0.4607329842931937,1.402341779690421
HUMIDITY_MID + RAIN_LOW + WIND_HIGH,NO2_LOW,0.014818666320031197,0.46341463414634154,1.4021824112046433
RAIN_LOW + TEMP_MID,NO2_MID,0.07415832575068244,0.46063786838918047,1.4020522735976122
HUMIDITY_MID + TEMP_MID,NO2_LOW + PM10_LOW,0.020213180813726764,0.22119487908961594,1.4011133839739938
HUMIDITY_MID + TEMP_HIGH + WIND_HIGH,PM10_LOW,0.01312881840634343,0.38113207547169814,1.4005488686906014
RADIATION_LOW + RAIN_HIGH + TEMP_MID + WIND_HIGH,NO2_LOW,0.0052645261926426625,0.46285714285714286,1.400495575221239
HUMIDITY_LOW + RADIATION_HIGH + TEMP_MID + WIND_HIGH,NO2_LOW,0.0076043156115949565,0.46245059288537554,1.3992654517471756
HUMIDITY_LOW + RADIATION_HIGH + RAIN_LOW,NO2_LOW + PM10_LOW,0.02060314571688548,0.22075208913649025,1.3983086222536183
RADIATION_HIGH + TEMP_HIGH + WIND_HIGH,PM10_MID,0.01566359027687508,0.35029069767441856,1.3973483729371543
HUMIDITY_LOW + WIND_MID,PM10_MID,0.028857402833744963,0.3501577287066246,1.3968179450039218
HUMIDITY_HIGH + RAIN_HIGH + WIND_HIGH,NO2_LOW,0.017938385545300924,0.46153846153846156,1.3965055593374178
HUMIDITY_HIGH + RADIATION_LOW + WIND_HIGH,NO2_MID,0.009749122578967893,0.45871559633027525,1.3962014174357298
HUMIDITY_HIGH + RAIN_HIGH + TEMP_LOW,PM10_HIGH,0.019173274405303524,0.34787735849056606,1.3956821480406387
HUMIDITY_MID + RAIN_LOW + TEMP_HIGH,PM10_MID,0.022747952684258416,0.34965034965034963,1.3947939537776197
HUMIDITY_HIGH + TEMP_MID,NO2_LOW + PM10_LOW,0.02209801117899389,0.22006472491909385,1.3939546552512054
HUMIDITY_MID + RAIN_LOW + TEMP_HIGH,NO2_LOW,0.029962303392694657,0.46053946053946054,1.3934828200314926
HUMIDITY_MID + TEMP_HIGH + WIND_MID,NO2_LOW + PM10_LOW,0.008774210321071103,0.21986970684039087,1.3927193534155018
HUMIDITY_MID + RADIATION_HIGH + WIND_MID,PM10_MID,0.007669309762121409,0.34911242603550297,1.3926481169256544
RADIATION_MID + RAIN_LOW + TEMP_LOW + WIND_MID,O3_LOW,0.0056544910958013775,0.3815789473684211,1.3915557440650692
WIND_HIGH,O3_HIGH,0.08501234888860003,0.3802325581395349,1.390270470421788
TEMP_HIGH + WIND_LOW,PM10_MID,0.01390874821266086,0.34796747967479674,1.3880807991383
HUMIDITY_LOW + RADIATION_HIGH + TEMP_HIGH + WIND_HIGH,PM10_LOW,0.00942415182633563,0.3776041666666667,1.3875848360003185
HUMIDITY_MID + WIND_HIGH,PM10_LOW,0.0272975432211101,0.37735849056603776,1.3866820482085163
RAIN_LOW + TEMP_MID + WIND_LOW,NO2_MID,0.016508514233718966,0.45519713261648753,1.385492202262567
HUMIDITY_MID + RAIN_LOW,NO2_HIGH + PM10_HIGH,0.04302612764851163,0.2475691847419596,1.3846235828570668
HUMIDITY_LOW + RAIN_LOW + WIND_LOW,PM10_HIGH,0.012088911997920187,0.3450834879406308,1.3844731539646795
RADIATION_HIGH,PM10_LOW,0.06310932016118549,0.37664856477889835,1.384073278645362
HUMIDITY_MID + RADIATION_HIGH + RAIN_LOW,PM25_LOW,0.006174444300012999,0.20430107526881722,1.383528320460397
HUMIDITY_LOW + RADIATION_MID + RAIN_LOW + WIND_HIGH,PM10_LOW,0.00571948524632783,0.37606837606837606,1.3819412548813075
RADIATION_LOW + RAIN_HIGH + TEMP_LOW,PM10_HIGH,0.012998830105290524,0.3442340791738382,1.3810653304220795
HUMIDITY_LOW + RAIN_LOW + TEMP_MID + WIND_HIGH,NO2_MID,0.01592356687898089,0.45286506469500926,1.378394042610764
HUMIDITY_HIGH + RAIN_HIGH + TEMP_HIGH,PM10_LOW,0.007409333160015599,0.375,1.3780152854072127
HUMIDITY_MID + RADIATION_HIGH + TEMP_HIGH,PM10_LOW,0.016053555180033798,0.37481031866464337,1.3773182619952717
HUMIDITY_MID + RAIN_LOW + WIND_HIGH,O3_HIGH,0.012023917847393735,0.37601626016260165,1.3748541299576496
RADIATION_HIGH + RAIN_LOW + TEMP_MID + WIND_HIGH,NO2_LOW,0.007409333160015599,0.45418326693227096,1.374250490662718
HUMIDITY_HIGH + TEMP_LOW + WIND_HIGH,NO2_MID,0.006044455998960093,0.45145631067961167,1.3741061911209702
HUMIDITY_LOW + TEMP_MID,NO2_LOW + PM10_LOW,0.017808397244248018,0.216600790513834,1.3720130765112597
RADIATION_MID,NO2_HIGH + PM10_HIGH,0.04081632653061224,0.2453125,1.3720022264631044
RADIATION_HIGH + RAIN_LOW + TEMP_HIGH + WIND_HIGH,PM10_LOW,0.010334069933705966,0.3732394366197183,1.3715457300766625
RADIATION_MID,PM10_HIGH,0.05686988171064604,0.341796875,1.3712872799869622
HUMIDITY_MID + TEMP_HIGH + WIND_MID,PM10_MID,0.013713765761081503,0.34364820846905536,1.3708507481215675
HUMIDITY_LOW + RADIATION_HIGH + RAIN_LOW + TEMP_HIGH + WIND_HIGH,PM10_LOW,0.0077343039126478615,0.3730407523510972,1.370815623518983
RADIATION_MID + RAIN_LOW + TEMP_MID + WIND_HIGH,NO2_LOW,0.006239438450539451,0.4528301886792453,1.3701563978404854
RAIN_HIGH + TEMP_LOW,PM10_HIGH,0.024242818146366828,0.3412625800548948,1.3691436914536144
HUMIDITY_LOW + WIND_LOW,PM10_HIGH,0.012218900298973092,0.34057971014492755,1.366404020936077
HUMIDITY_HIGH + RADIATION_MID + WIND_LOW,NO2_MID,0.007019368256856883,0.4481327800829876,1.3639902975977938
RADIATION_MID + TEMP_MID + WIND_LOW,NO2_MID,0.00994410503054725,0.4473684210526316,1.3616638034254775
HUMIDITY_LOW + RAIN_LOW + TEMP_LOW + WIND_HIGH,NO2_MID,0.009099181073703366,0.4472843450479233,1.3614078996849353
RADIATION_LOW + RAIN_LOW + WIND_HIGH,PM10_LOW,0.005849473547380735,0.37037037037037035,1.3610027510194693
HUMIDITY_LOW + RADIATION_MID + WIND_MID,NO2_HIGH,0.006564409203171715,0.4488888888888889,1.3609072796934867
HUMIDITY_HIGH + RADIATION_LOW + RAIN_HIGH + TEMP_MID,O3_MID,0.01020408163265306,0.37028301886792453,1.3593830895494838
HUMIDITY_LOW + RAIN_LOW + TEMP_LOW,PM10_HIGH,0.018718315351618355,0.3388235294117647,1.3593582329933276
HUMIDITY_MID + RAIN_LOW + TEMP_HIGH + WIND_LOW,PM10_HIGH,0.0053945144936955675,0.33877551020408164,1.3591655801825293
HUMIDITY_MID + RADIATION_HIGH + WIND_MID,PM10_LOW,0.008124268815806577,0.3698224852071006,1.3589894333404466
RADIATION_HIGH + TEMP_MID,NO2_MID,0.01884830365267126,0.4461538461538462,1.3579669786197976
RADIATION_MID + RAIN_LOW + TEMP_MID,NO2_MID,0.02105810477057065,0.44566712517193946,1.3564855366756596
HUMIDITY_LOW + RADIATION_MID + RAIN_LOW,NO2_HIGH,0.01761341479266866,0.4471947194719472,1.3557710253784
HUMIDITY_HIGH + TEMP_HIGH,NO2_MID,0.012413882750552451,0.4441860465116279,1.3519775492834631
HUMIDITY_HIGH + RAIN_LOW + TEMP_MID,NO2_HIGH + O3_LOW,0.00545950864422202,0.267515923566879,1.3490658800393314
HUMIDITY_MID + RAIN_LOW + TEMP_MID,NO2_MID,0.023657870791628753,0.44282238442822386,1.3478269449678837
HUMIDITY_LOW + RADIATION_HIGH + RAIN_LOW + TEMP_HIGH,NO2_LOW + PM10_LOW,0.01364877161055505,0.2127659574468085,1.3477221166227236
RADIATION_MID + RAIN_LOW + WIND_MID,NO2_HIGH,0.017093461588457037,0.44425675675675674,1.3468639328984156
HUMIDITY_LOW + RADIATION_LOW + TEMP_LOW,PM10_LOW,0.0055245027947484725,0.36637931034482757,1.346336773099001
RADIATION_LOW + TEMP_MID + WIND_LOW,NO2_HIGH,0.007214350708436241,0.444,1.3460855172413793
HUMIDITY_LOW + RADIATION_HIGH + RAIN_LOW + TEMP_MID + WIND_HIGH,NO2_LOW,0.006239438450539451,0.4444444444444444,1.3447831312138097
RADIATION_HIGH + RAIN_LOW + TEMP_MID,NO2_LOW + O3_HIGH,0.007149356557909788,0.23060796645702306,1.344499496744129
RAIN_HIGH + TEMP_MID,NO2_LOW,0.05290523852853243,0.4443231441048035,1.3444161052500505
HUMIDITY_LOW + RAIN_LOW + WIND_LOW,O3_HIGH,0.012868841804237618,0.3673469387755102,1.3431558935361219
HUMIDITY_LOW + TEMP_MID + WIND_HIGH,NO2_MID,0.017678408943195112,0.44084278768233387,1.341801608561897
HUMIDITY_HIGH + TEMP_HIGH,NO2_LOW + PM10_LOW,0.005914467697907188,0.2116279069767442,1.3405133704175323
HUMIDITY_MID + RADIATION_MID + WIND_MID,PM10_HIGH,0.009359157675809178,0.33410672853828305,1.3404344524876202
RADIATION_HIGH + RAIN_LOW + TEMP_HIGH,NO2_LOW + PM10_LOW,0.018718315351618355,0.21160911094783247,1.340394310845348
HUMIDITY_HIGH + RADIATION_MID + WIND_MID,NO2_MID,0.005979461848433641,0.44019138755980863,1.339818929573732
RADIATION_LOW + WIND_HIGH,NO2_MID,0.017158455738983492,0.44,1.339236399604352
HUMIDITY_MID + RADIATION_HIGH + TEMP_HIGH + WIND_HIGH,PM10_MID,0.006109450149486546,0.3357142857142857,1.3392014519056261
TEMP_MID,NO2_MID,0.13460288574028337,0.4397027600849257,1.3383316848005276
HUMIDITY_MID + RADIATION_MID + TEMP_MID + WIND_MID,NO2_MID,0.005134537891589757,0.4388888888888889,1.335854489504341
RADIATION_MID + TEMP_HIGH + WIND_MID,NO2_LOW,0.006369426751592357,0.44144144144144143,1.3356967587056081
TEMP_LOW + WIND_HIGH,NO2_HIGH + O3_LOW,0.012413882750552451,0.26454293628808867,1.334073293257467
HUMIDITY_LOW + RAIN_LOW + TEMP_MID + WIND_MID,PM10_LOW,0.006369426751592357,0.362962962962963,1.3337826959990802
RADIATION_MID + RAIN_LOW + TEMP_MID + WIND_LOW,NO2_MID,0.0076043156115949565,0.43820224719101125,1.333764545060514
HUMIDITY_HIGH + RAIN_LOW + TEMP_MID,NO2_HIGH,0.008969192772650462,0.4394904458598726,1.3324137931034483
HUMIDITY_LOW + WIND_LOW,O3_HIGH,0.013063824255816977,0.3641304347826087,1.331395168622913
HUMIDITY_LOW + TEMP_LOW + WIND_HIGH,NO2_MID,0.009489145976862082,0.437125748502994,1.3304879854534255
HUMIDITY_MID + WIND_MID,O3_MID,0.029442350188483037,0.3624,1.3304429491768075
HUMIDITY_MID + TEMP_MID + WIND_MID,NO2_MID,0.010789028987391135,0.4368421052631579,1.329624655109584
HUMIDITY_HIGH + RADIATION_LOW + RAIN_HIGH + TEMP_MID,NO2_LOW + PM10_LOW,0.005784479396854283,0.2099056603773585,1.3296041542058616
RAIN_LOW + TEMP_HIGH + WIND_HIGH,PM10_MID,0.016053555180033798,0.3328840970350404,1.3279115159401431
HUMIDITY_LOW + TEMP_HIGH,NO2_LOW + PM10_LOW,0.027752502274795268,0.20880195599022006,1.3226129661858894
HUMIDITY_MID + RADIATION_MID + RAIN_LOW + WIND_MID,NO2_MID,0.008774210321071103,0.4340836012861736,1.3212285438949687
HUMIDITY_HIGH + RADIATION_LOW + RAIN_HIGH,NO2_HIGH,0.028727414532692057,0.43546798029556644,1.3202187871581448
RAIN_MID,NO2_HIGH,0.017678408943195112,0.4352,1.3194063448275861
RADIATION_MID + RAIN_HIGH + WIND_HIGH,O3_HIGH,0.006824385805277525,0.36082474226804123,1.3193083375798675
HUMIDITY_LOW + RAIN_LOW + TEMP_HIGH + WIND_HIGH,PM10_MID,0.011568958793708567,0.3302411873840445,1.3173686567515968
RAIN_LOW + WIND_HIGH,NO2_LOW + PM10_LOW,0.026907578317951385,0.20793571069814162,1.3171259138746838
RADIATION_LOW + TEMP_LOW + WIND_HIGH,PM10_LOW,0.007214350708436241,0.3580645161290323,1.315782337033984
HUMIDITY_LOW + RADIATION_MID + RAIN_LOW + TEMP_MID,NO2_MID,0.006824385805277525,0.43209876543209874,1.315187261115385
HUMIDITY_HIGH + RADIATION_MID + WIND_LOW,PM10_HIGH,0.005134537891589757,0.32780082987551873,1.3151352199386521
RADIATION_HIGH + TEMP_MID + WIND_MID,NO2_LOW,0.0053945144936955675,0.43455497382198954,1.314859946356958
HUMIDITY_MID + RAIN_LOW + WIND_HIGH,O3_MID,0.01143897049265566,0.3577235772357724,1.313274865032115
HUMIDITY_HIGH + RAIN_HIGH + WIND_HIGH,NO2_MID,0.016768490835824774,0.431438127090301,1.3131764635828627
HUMIDITY_LOW + WIND_MID,NO2_LOW,0.03574678278954894,0.43375394321766564,1.3124362183573262
HUMIDITY_MID + TEMP_MID + WIND_LOW,NO2_MID,0.009359157675809178,0.4311377245508982,1.312262122638995
HUMIDITY_MID + RADIATION_MID + RAIN_LOW + TEMP_MID,NO2_MID,0.010529052385285325,0.4308510638297872,1.3113896079297933
RAIN_HIGH + TEMP_MID + WIND_LOW,O3_MID,0.007799298063174314,0.35714285714285715,1.3111429253161537
HUMIDITY_MID + RADIATION_MID + WIND_MID,NO2_HIGH + PM10_HIGH,0.006564409203171715,0.23433874709976799,1.3106273947208398
HUMIDITY_HIGH + RADIATION_LOW + RAIN_HIGH + WIND_MID,NO2_HIGH,0.006824385805277525,0.43209876543209874,1.3100042571306938
HUMIDITY_HIGH + RAIN_HIGH + WIND_LOW,NO2_HIGH + PM10_HIGH,0.011568958793708567,0.23421052631578948,1.3099102718628635
RAIN_HIGH + WIND_HIGH,O3_HIGH,0.03145716885480307,0.3582531458179127,1.3099056324986704
HUMIDITY_MID + RADIATION_HIGH,PM10_MID,0.018458338749512544,0.3283236994219653,1.3097195849899814
HUMIDITY_HIGH,PM10_HIGH,0.09034186923176914,0.32629107981220656,1.3090781105581775
RADIATION_LOW + TEMP_MID + WIND_LOW,PM10_MID,0.005329520343169115,0.328,1.3084283121597098
RADIATION_MID + TEMP_HIGH + WIND_MID,PM10_LOW,0.005134537891589757,0.35585585585585583,1.3076661567227605
HUMIDITY_MID + RAIN_LOW + TEMP_MID + WIND_LOW,NO2_MID,0.00792928636422722,0.42957746478873243,1.3075131302155167
HUMIDITY_HIGH + RAIN_HIGH + TEMP_MID + WIND_HIGH,NO2_MID,0.009879110880020798,0.4293785310734463,1.3069076318686537
RAIN_LOW + WIND_MID,NO2_LOW + O3_HIGH,0.03392694657480827,0.22413052812365822,1.3067344849225484
RADIATION_LOW + TEMP_LOW + WIND_HIGH,NO2_MID,0.008644222020018199,0.4290322580645161,1.3058536741010176
HUMIDITY_LOW,NO2_LOW,0.11965423111919928,0.4311475409836066,1.3045498654029049
HUMIDITY_LOW + TEMP_HIGH + WIND_HIGH,PM10_MID,0.01364877161055505,0.3265940902021773,1.3028199823310085
RADIATION_LOW + TEMP_LOW + WIND_HIGH,O3_MID,0.007149356557909788,0.3548387096774194,1.3026839387012108
RADIATION_MID + RAIN_LOW + TEMP_MID,PM10_HIGH,0.015338619524242819,0.3246217331499312,1.3023807004549783
HUMIDITY_MID + WIND_MID,NO2_LOW + O3_HIGH,0.01813336799688028,0.2232,1.3013092838196285
RADIATION_MID + TEMP_HIGH + WIND_MID,O3_HIGH,0.005134537891589757,0.35585585585585583,1.3011402562258076
HUMIDITY_LOW + TEMP_MID + WIND_HIGH,NO2_LOW,0.017223449889509943,0.42949756888168555,1.299557442441222
HUMIDITY_HIGH + RADIATION_MID + RAIN_LOW,NO2_MID,0.006629403353698167,0.42677824267782427,1.2989930844393678
TEMP_HIGH + WIND_HIGH,PM10_LOW,0.029637332640062394,0.35348837209302325,1.298966346554396
RADIATION_LOW + RAIN_HIGH,NO2_HIGH,0.03158715715585597,0.42744063324538256,1.295882085342553
HUMIDITY_MID + WIND_MID,O3_HIGH,0.02879240868321851,0.3544,1.2958171102661598
RADIATION_HIGH + RAIN_LOW + WIND_HIGH,PM10_MID,0.01566359027687508,0.32479784366576814,1.295654556038763
RADIATION_LOW + RAIN_HIGH + WIND_MID,NO2_MID,0.007799298063174314,0.425531914893617,1.2951996127701664
RAIN_HIGH + WIND_MID,NO2_LOW,0.026452619264266217,0.42797055730809674,1.2949370687792283
HUMIDITY_MID + RAIN_LOW,O3_MID,0.06128948394644482,0.3526551982049364,1.2946678309666313
RADIATION_LOW + RAIN_HIGH + TEMP_MID,NO2_LOW + PM10_LOW,0.006304432601065904,0.20421052631578948,1.293529500985894
HUMIDITY_HIGH + RADIATION_MID + RAIN_HIGH + TEMP_MID,NO2_MID,0.006434420902118809,0.4248927038626609,1.2932540339527003
HUMIDITY_HIGH + RADIATION_MID,NO2_MID,0.01761341479266866,0.42476489028213166,1.292865005317681
RADIATION_MID + RAIN_LOW + WIND_LOW,NO2_HIGH + O3_LOW,0.011243988041076304,0.2562962962962963,1.2924860094443837
HUMIDITY_MID + WIND_LOW,O3_MID,0.02378785909268166,0.35192307692307695,1.2919800671769177
RAIN_HIGH,NO2_LOW,0.12543871051605354,0.42661361626878863,1.2908312880848736
RADIATION_LOW + RAIN_LOW + WIND_HIGH,NO2_MID,0.00669439750422462,0.42386831275720166,1.2901360751893778
HUMIDITY_HIGH + RAIN_LOW + TEMP_MID,NO2_MID,0.008644222020018199,0.42356687898089174,1.2892185954500495
HUMIDITY_LOW + TEMP_LOW,PM10_HIGH,0.019433251007409332,0.32116004296455425,1.288492417484389
WIND_MID,O3_HIGH,0.07825295723384895,0.35225277940315974,1.2879660798234354
HUMIDITY_MID + RADIATION_MID + TEMP_MID + WIND_LOW,NO2_MID,0.005329520343169115,0.422680412371134,1.2865204401072734
HUMIDITY_HIGH + RADIATION_MID + RAIN_HIGH,NO2_MID,0.00994410503054725,0.42265193370165743,1.2864337590373296
HUMIDITY_LOW + RADIATION_MID + TEMP_MID,NO2_MID,0.007279344858962694,0.4226415094339623,1.2864020304947463
RADIATION_LOW + RAIN_HIGH,PM10_LOW,0.025867671909528142,0.3500439753737907,1.2863091963461055
HUMIDITY_MID + RAIN_LOW + TEMP_HIGH + WIND_MID,NO2_MID,0.011243988041076304,0.4219512195121951,1.2843009818822222
HUMIDITY_LOW + RADIATION_MID,NO2_HIGH,0.018003379695827375,0.4235474006116208,1.2840788779921966
RAIN_LOW + TEMP_MID + WIND_HIGH,NO2_MID,0.02034316911477967,0.42183288409703507,1.2839408021200753
HUMIDITY_HIGH + WIND_HIGH,NO2_MID,0.019563239308462238,0.4215686274509804,1.2831364791218167
RAIN_HIGH + WIND_HIGH,O3_MID,0.030677239048485638,0.3493708364174685,1.2826102813455431
HUMIDITY_LOW + RAIN_LOW + WIND_MID,NO2_LOW,0.032172104510594046,0.4238013698630137,1.2823220996484421
HUMIDITY_MID + RADIATION_MID + WIND_HIGH,PM10_LOW,0.007409333160015599,0.3486238532110092,1.2810906628862162
HUMIDITY_HIGH + TEMP_HIGH,PM10_MID,0.008969192772650462,0.3209302325581395,1.2802262271557
RADIATION_LOW + RAIN_HIGH + WIND_MID,NO2_HIGH,0.0077343039126478615,0.4219858156028369,1.279344583027635
HUMIDITY_HIGH + RADIATION_LOW + TEMP_MID + WIND_LOW,NO2_HIGH,0.005914467697907188,0.4212962962962963,1.2772541507024264
HUMIDITY_MID + RADIATION_MID + RAIN_LOW + WIND_MID,NO2_HIGH,0.008514233718965293,0.4212218649517685,1.277028495398603
HUMIDITY_HIGH + TEMP_MID + WIND_HIGH,NO2_MID,0.01065904068633823,0.4194373401534527,1.276649439288036
HUMIDITY_LOW + RADIATION_MID + RAIN_LOW + TEMP_LOW,O3_LOW,0.005914467697907188,0.35,1.276392510073477
RAIN_HIGH + TEMP_MID,NO2_MID,0.04991550760431561,0.4192139737991266,1.275969574851308
HUMIDITY_LOW + RAIN_LOW + WIND_HIGH,O3_MID,0.03152216300532952,0.34742120343839544,1.275452788380614
HUMIDITY_HIGH + RADIATION_LOW + WIND_MID,PM10_HIGH,0.0075393214610685036,0.3178082191780822,1.2750449179332395
HUMIDITY_LOW + RAIN_LOW,PM10_MID,0.07591316781489665,0.31947483588621445,1.2744204887076214
HUMIDITY_LOW + RADIATION_MID + TEMP_LOW,O3_LOW,0.006109450149486546,0.34944237918215615,1.274358958543886
RADIATION_LOW + RAIN_LOW + WIND_HIGH,NO2_HIGH,0.006629403353698167,0.41975308641975306,1.2725755640698169
RADIATION_MID + WIND_MID,PM10_HIGH,0.017938385545300924,0.3168771526980482,1.27130948407097
WIND_HIGH,O3_MID,0.07734303912647862,0.34593023255813954,1.269979135800414
HUMIDITY_HIGH + TEMP_MID,O3_LOW,0.03496685298323151,0.3482200647249191,1.2699013784919662
HUMIDITY_HIGH + RAIN_HIGH + WIND_MID,NO2_MID,0.015273625373716366,0.4166666666666667,1.2682162875041212
HUMIDITY_MID + RAIN_LOW + TEMP_HIGH,NO2_MID,0.027102560769530742,0.4165834165834166,1.267962897636488
RADIATION_MID + TEMP_MID + WIND_LOW,NO2_HIGH,0.009294163525282725,0.41812865497076024,1.267650736035491
RADIATION_HIGH + TEMP_HIGH + WIND_LOW,NO2_LOW,0.007019368256856883,0.4186046511627907,1.2665980654455649
HUMIDITY_HIGH + RADIATION_LOW + RAIN_HIGH + WIND_MID,NO2_MID,0.006564409203171715,0.4156378600823045,1.2650848892633704
HUMIDITY_HIGH + RADIATION_LOW + RAIN_HIGH + WIND_LOW,PM10_MID,0.009294163525282725,0.3163716814159292,1.2620416619822366
HUMIDITY_HIGH + RAIN_HIGH + TEMP_HIGH,NO2_MID,0.00818926296633303,0.4144736842105263,1.26154146493831
RADIATION_LOW + RAIN_LOW + WIND_HIGH,O3_LOW,0.00545950864422202,0.345679012345679,1.2606345778503476
TEMP_LOW + WIND_HIGH,NO2_MID,0.019433251007409332,0.41412742382271467,1.2604875455858136
RAIN_LOW + TEMP_MID + WIND_HIGH,NO2_LOW,0.020083192512673858,0.4164420485175202,1.260054544442589
HUMIDITY_HIGH + RADIATION_MID + RAIN_LOW,O3_MID,0.005329520343169115,0.34309623430962344,1.2595749608894933
RAIN_LOW + TEMP_MID,PM10_LOW,0.055180033796958274,0.34275333064190555,1.2595182099967421
HUMIDITY_HIGH + RAIN_HIGH,NO2_HIGH + O3_LOW,0.036656700896919275,0.249667994687915,1.2590599037260768
RADIATION_MID + WIND_MID,NO2_HIGH + PM10_HIGH,0.012738853503184714,0.22502870264064295,1.258557476855301
HUMIDITY_MID + RAIN_LOW + WIND_LOW,O3_LOW,0.02040816326530612,0.34505494505494505,1.2583587069484201
HUMIDITY_MID + TEMP_MID + WIND_HIGH,O3_HIGH,0.008969192772650462,0.34413965087281795,1.2583014896219529
RAIN_LOW + WIND_HIGH,O3_MID,0.04432601065904069,0.3425414364640884,1.2575381869330624
HUMIDITY_HIGH + RADIATION_LOW + RAIN_HIGH,PM10_LOW,0.02255297023267906,0.34187192118226595,1.256279288108513
RAIN_LOW + TEMP_LOW + WIND_HIGH,NO2_HIGH,0.013323800857922787,0.41414141414141414,1.2555625217694184
RADIATION_MID + TEMP_MID,NO2_MID,0.03158715715585597,0.4122137404580153,1.2546628309964436
HUMIDITY_LOW + RADIATION_HIGH + RAIN_LOW + WIND_HIGH,PM10_MID,0.012088911997920187,0.3141891891891892,1.2533354588708492
RADIATION_MID + TEMP_HIGH,PM10_MID,0.012868841804237618,0.31378763866877973,1.2517336293901595
RAIN_HIGH + TEMP_MID + WIND_MID,NO2_LOW,0.010854023137917588,0.4123456790123457,1.24765990507059
HUMIDITY_LOW + RADIATION_HIGH + WIND_HIGH,PM10_MID,0.014103730664240218,0.3126801152737752,1.2473155959560034
HUMIDITY_LOW + RAIN_LOW,NO2_LOW,0.09794618484336409,0.412199124726477,1.2472164666748426
RADIATION_MID + TEMP_HIGH,NO2_LOW,0.01689847913687768,0.4120443740095087,1.2467482278289677
HUMIDITY_LOW + WIND_HIGH,O3_MID,0.03522682958533732,0.3393863494051346,1.2459552307199717
RAIN_LOW + WIND_HIGH,PM10_LOW,0.043806057454829066,0.33852335509794074,1.2439742874461228
HUMIDITY_HIGH + RAIN_HIGH + WIND_MID,O3_MID,0.012413882750552451,0.33865248226950356,1.2432610575515586
HUMIDITY_MID + RADIATION_MID + TEMP_HIGH,NO2_LOW + O3_HIGH,0.005069543741063305,0.21311475409836064,1.242509892594686
RADIATION_LOW + RAIN_HIGH + WIND_LOW,PM10_MID,0.009554140127388535,0.3114406779661017,1.2423713433203114
RADIATION_HIGH + RAIN_HIGH + TEMP_HIGH,PM10_MID,0.008319251267385936,0.31143552311435524,1.2423507800460125
RADIATION_LOW + TEMP_LOW + WIND_HIGH,NO2_HIGH,0.008254257116859483,0.40967741935483876,1.2420289210233595
HUMIDITY_MID + RADIATION_MID + WIND_HIGH,O3_HIGH,0.007214350708436241,0.3394495412844037,1.2411527191544287
HUMIDITY_MID + TEMP_HIGH,PM10_MID,0.03574678278954894,0.3109101187111362,1.240254883715204
TEMP_HIGH + WIND_HIGH,PM10_MID,0.0260626543611075,0.31085271317829455,1.2400258866894582
RADIATION_MID + RAIN_LOW + WIND_MID,NO2_MID,0.01566359027687508,0.40709459459459457,1.239081589007405
HUMIDITY_MID + RAIN_LOW + WIND_LOW,O3_MID,0.019953204211620956,0.3373626373626374,1.238525778683259
HUMIDITY_MID + TEMP_MID,PM10_LOW,0.03074223319901209,0.3364153627311522,1.2362280322382393
HUMIDITY_LOW + RAIN_LOW + TEMP_MID + WIND_HIGH,NO2_LOW,0.014363707266346028,0.40850277264325324,1.2360321848356135
HUMIDITY_HIGH + WIND_HIGH,NO2_LOW,0.018913297803197712,0.40756302521008403,1.2331887327202267
HUMIDITY_LOW + RADIATION_HIGH,PM10_LOW,0.03477187053165215,0.335423197492163,1.2325821152649676
HUMIDITY_MID + RAIN_LOW + WIND_HIGH,PM10_MID,0.009879110880020798,0.3089430894308943,1.2324081861508271
HUMIDITY_MID + RADIATION_MID + TEMP_HIGH,PM10_MID,0.007344339009489146,0.3087431693989071,1.2316106830105225
WIND_MID,NO2_LOW + O3_HIGH,0.04692577668009879,0.211234640140433,1.231548379386397
RAIN_LOW + TEMP_LOW + WIND_HIGH,NO2_MID,0.012998830105290524,0.40404040404040403,1.2297854909130872
HUMIDITY_LOW,PM10_MID,0.08553230209281165,0.3081967213114754,1.2294308410936896
HUMIDITY_MID,NO2_LOW + O3_HIGH,0.05810477057064864,0.21079933977835416,1.2290104743576191
RADIATION_MID + WIND_MID,NO2_MID,0.02281294683478487,0.40298507462686567,1.2265733646308516
RAIN_LOW,PM10_HIGH,0.18900298973092422,0.30562270099842354,1.2261566825454353
HUMIDITY_MID + RAIN_LOW + TEMP_MID,PM10_HIGH,0.016313531782139606,0.30535279805352794,1.2250738333380915
HUMIDITY_MID + RAIN_LOW,NO2_HIGH,0.07012868841804237,0.4035153328347046,1.2233471745802493
RAIN_HIGH + WIND_LOW,NO2_HIGH + PM10_HIGH,0.012413882750552451,0.21853546910755148,1.222241631293634
TEMP_LOW + WIND_HIGH,NO2_HIGH,0.018913297803197712,0.40304709141274236,1.2219275957589073
HUMIDITY_MID + RADIATION_MID + WIND_MID,NO2_MID,0.011243988041076304,0.4013921113689095,1.2217248319529261
HUMIDITY_HIGH + TEMP_LOW + WIND_HIGH,NO2_HIGH,0.0053945144936955675,0.4029126213592233,1.2215199196518245
RAIN_HIGH + TEMP_HIGH,PM10_MID,0.024372806447419734,0.30612244897959184,1.2211563391236713
RADIATION_LOW + RAIN_LOW + TEMP_MID,NO2_MID,0.0053945144936955675,0.40096618357487923,1.2204284273952704
HUMIDITY_HIGH + RADIATION_LOW + RAIN_HIGH + WIND_HIGH,NO2_LOW,0.007149356557909788,0.40293040293040294,1.2191715200564759
HUMIDITY_MID + RAIN_HIGH + TEMP_MID,O3_HIGH,0.009359157675809178,0.3333333333333333,1.2187896070975919
HUMIDITY_HIGH + RAIN_LOW + TEMP_MID,O3_MID,0.006759391654751073,0.33121019108280253,1.2159389167263184
HUMIDITY_MID + RADIATION_MID + TEMP_MID,PM10_HIGH,0.011049005589496945,0.30303030303030304,1.2157559954170125
HUMIDITY_HIGH + WIND_HIGH,O3_LOW,0.015468607825295723,0.3333333333333333,1.2156119143556925
RADIATION_MID + RAIN_LOW + TEMP_MID,NO2_HIGH + PM10_HIGH,0.010269075783179513,0.2173314993122421,1.215507978341751
RAIN_LOW + TEMP_HIGH + WIND_LOW,PM10_HIGH,0.009879110880020798,0.30278884462151395,1.2147872655401861
RADIATION_MID + RAIN_HIGH + TEMP_HIGH,NO2_MID,0.005784479396854283,0.3991031390134529,1.2147578430981179
RAIN_LOW + WIND_MID,PM10_MID,0.046080852723254906,0.3044224989265779,1.2143750501644615
HUMIDITY_LOW + WIND_LOW,PM10_MID,0.01091901728844404,0.30434782608695654,1.2140771719403458
RAIN_HIGH + TEMP_HIGH + WIND_MID,PM10_MID,0.006369426751592357,0.30434782608695654,1.2140771719403458
HUMIDITY_HIGH + RAIN_HIGH + TEMP_MID + WIND_MID,NO2_LOW,0.00695437410633043,0.40074906367041196,1.2125713065158226
RADIATION_MID + RAIN_HIGH,NO2_LOW + O3_HIGH,0.009164175224229819,0.2079646017699115,1.212483275040492
HUMIDITY_LOW + RADIATION_MID + WIND_HIGH,NO2_LOW,0.006759391654751073,0.4,1.2103048180924287
HUMIDITY_MID + RADIATION_MID + RAIN_LOW + TEMP_MID,NO2_HIGH,0.009749122578967893,0.39893617021276595,1.2094644167278064
RADIATION_HIGH + WIND_HIGH,PM10_MID,0.02203301702846744,0.30294906166219837,1.2084973457958477
HUMIDITY_LOW + TEMP_LOW,O3_LOW,0.020018198362147407,0.3308270676691729,1.2064719751500106
HUMIDITY_LOW + TEMP_HIGH + WIND_HIGH,PM10_LOW,0.013713765761081503,0.328149300155521,1.2058526706933
RAIN_LOW,NO2_HIGH + PM10_HIGH,0.13330300272975432,0.21555438780872307,1.205568815276268
HUMIDITY_HIGH + RADIATION_MID + TEMP_MID,NO2_LOW,0.009034186923176915,0.3982808022922636,1.2051029349201117
RAIN_HIGH + WIND_MID,O3_MID,0.02027817496425322,0.3280757097791798,1.2044316083661324
RAIN_LOW + TEMP_LOW + WIND_HIGH,NO2_HIGH + O3_LOW,0.007669309762121409,0.2383838383838384,1.2021546172971935
HUMIDITY_HIGH + RAIN_HIGH,NO2_MID,0.057909788119069286,0.3944223107569721,1.2005107167768094
HUMIDITY_LOW + RADIATION_LOW,PM10_MID,0.006239438450539451,0.30094043887147337,1.2004847271134274
