antecedent,consequent,support,confidence,lift
RADIATION_MID + RAIN_LOW + TEMP_MID + WIND_LOW,O3_MID + PM10_HIGH,0.006434420902118809,0.3707865168539326,7.37069941642714
RAIN_LOW + TEMP_HIGH + WIND_LOW,O3_HIGH + PM10_HIGH,0.0075393214610685036,0.2310756972111554,6.903554713186091
HUMIDITY_MID + RADIATION_MID + RAIN_LOW + WIND_LOW,NO2_HIGH + O3_MID + PM10_HIGH,0.0056544910958013775,0.2169576059850374,6.812468827930175
HUMIDITY_MID + RAIN_LOW + TEMP_MID + WIND_LOW,O3_MID + PM10_HIGH,0.006239438450539451,0.3380281690140845,6.719510863631401
HUMIDITY_MID + RADIATION_MID + WIND_LOW,NO2_HIGH + O3_MID + PM10_HIGH,0.005914467697907188,0.2054176072234763,6.450112866817156
HUMIDITY_MID + RADIATION_MID + RAIN_LOW + TEMP_MID,NO2_HIGH + O3_MID + PM10_HIGH,0.005004549590536852,0.2047872340425532,6.43031914893617
HUMIDITY_HIGH + RADIATION_LOW + RAIN_HIGH + TEMP_MID,O3_LOW + PM10_LOW,0.006499415052645262,0.2358490566037736,6.299954140461216
HUMIDITY_MID + RADIATION_HIGH + RAIN_HIGH + WIND_HIGH,NO2_LOW + O3_HIGH + PM10_LOW,0.00695437410633043,0.4672489082969432,6.2513840896145805
HUMIDITY_MID + TEMP_MID + WIND_LOW,O3_MID + PM10_HIGH,0.006824385805277525,0.3143712574850299,6.249245694657197
RADIATION_MID + TEMP_MID + WIND_LOW,O3_MID + PM10_HIGH,0.006889379955803978,0.30994152046783624,6.161188932710759
HUMIDITY_MID + RADIATION_HIGH + RAIN_HIGH + TEMP_HIGH + WIND_HIGH,NO2_LOW + O3_HIGH + PM10_LOW,0.005004549590536852,0.4583333333333333,6.132101449275361
HUMIDITY_MID + RADIATION_MID + RAIN_LOW + TEMP_MID,O3_MID + PM10_HIGH,0.0074743273105420515,0.3058510638297872,6.079876573753367
HUMIDITY_MID + RADIATION_MID + RAIN_LOW + WIND_LOW,O3_MID + PM10_HIGH,0.00792928636422722,0.3042394014962594,6.04783905868404
RADIATION_LOW + RAIN_HIGH + TEMP_MID,O3_LOW + PM10_LOW,0.006889379955803978,0.2231578947368421,5.96095029239766
HUMIDITY_MID + RADIATION_MID + WIND_LOW,O3_MID + PM10_HIGH,0.008514233718965293,0.29571106094808125,5.878307989337439
HUMIDITY_MID + RADIATION_HIGH + RAIN_HIGH,NO2_LOW + O3_HIGH + PM10_LOW,0.010009099181073703,0.42896935933147634,5.739237011020951
HUMIDITY_HIGH + RADIATION_LOW + TEMP_MID,O3_LOW + PM10_LOW,0.007344339009489146,0.21320754716981133,5.695158542976939
HUMIDITY_MID + RADIATION_HIGH + RAIN_HIGH + TEMP_HIGH,NO2_LOW + O3_HIGH + PM10_LOW,0.0075393214610685036,0.4249084249084249,5.684905239687848
RADIATION_HIGH + RAIN_HIGH + TEMP_HIGH + WIND_HIGH,NO2_LOW + O3_HIGH + PM10_LOW,0.00669439750422462,0.4204081632653061,5.624695652173912
RADIATION_HIGH + RAIN_HIGH + WIND_HIGH,NO2_LOW + O3_HIGH + PM10_LOW,0.009554140127388535,0.41761363636363635,5.587307312252964
RAIN_HIGH + TEMP_LOW + WIND_LOW,NO2_HIGH + O3_LOW + PM10_MID,0.0055245027947484725,0.20047169811320756,5.498141795311606
HUMIDITY_HIGH + RADIATION_LOW + RAIN_MID + TEMP_LOW,O3_LOW + PM10_HIGH,0.00571948524632783,0.721311475409836,5.475134859721626
HUMIDITY_MID + RADIATION_HIGH + RAIN_HIGH + WIND_HIGH,O3_HIGH + PM10_LOW,0.007084362407383336,0.4759825327510917,5.253563306246985
HUMIDITY_HIGH + RADIATION_LOW + RAIN_LOW + TEMP_LOW + WIND_LOW,NO2_HIGH + O3_LOW + PM10_HIGH + PM25_HIGH,0.010074093331600156,0.34675615212527966,5.230578584901522
RADIATION_MID + RAIN_LOW + TEMP_LOW + WIND_LOW,NO2_HIGH + PM10_HIGH + PM25_HIGH,0.0074743273105420515,0.452755905511811,5.221965788759163
HUMIDITY_HIGH + RAIN_LOW + TEMP_LOW + WIND_LOW,NO2_HIGH + O3_LOW + PM10_HIGH + PM25_HIGH,0.015793578577927986,0.3456614509246088,5.214065768554932
RADIATION_MID + RAIN_LOW + WIND_LOW,O3_MID + PM10_HIGH,0.011503964643182114,0.26222222222222225,5.212598334768877
HUMIDITY_MID + RADIATION_HIGH + RAIN_HIGH,NO2_LOW + O3_HIGH + PM25_LOW,0.0056544910958013775,0.24233983286908078,5.207598699055414
HUMIDITY_MID + RADIATION_HIGH + RAIN_HIGH + TEMP_HIGH + WIND_HIGH,O3_HIGH + PM10_LOW,0.005134537891589757,0.47023809523809523,5.190160210425633
RADIATION_HIGH + RAIN_HIGH + TEMP_HIGH,NO2_LOW + O3_HIGH + PM10_LOW,0.010334069933705966,0.38686131386861317,5.175867978419549
HUMIDITY_HIGH + RAIN_LOW + TEMP_LOW + WIND_LOW,O3_LOW + PM10_HIGH + PM25_HIGH,0.017483426491615755,0.38264580369843526,5.155331292210267
RAIN_LOW + TEMP_MID + WIND_LOW,O3_MID + PM10_HIGH,0.009294163525282725,0.25627240143369173,5.094324507052688
RADIATION_HIGH + RAIN_HIGH,NO2_LOW + O3_HIGH + PM10_LOW,0.014103730664240218,0.38003502626970226,5.084538186248381
HUMIDITY_HIGH + RADIATION_LOW + RAIN_LOW + TEMP_LOW + WIND_LOW,NO2_HIGH + O3_LOW + PM10_HIGH,0.017223449889509943,0.5928411633109619,5.081590049416413
HUMIDITY_HIGH + RAIN_HIGH + TEMP_MID + WIND_HIGH,NO2_LOW + O3_MID + PM10_LOW,0.006564409203171715,0.2853107344632768,5.069042679505747
HUMIDITY_MID + RADIATION_HIGH + TEMP_HIGH + WIND_HIGH,NO2_LOW + O3_HIGH + PM10_LOW,0.006889379955803978,0.37857142857142856,5.06495652173913
HUMIDITY_HIGH + RADIATION_LOW + RAIN_LOW + TEMP_LOW + WIND_LOW,O3_LOW + PM10_HIGH + PM25_HIGH,0.01091901728844404,0.37583892617449666,5.063623220771283
HUMIDITY_MID + RADIATION_LOW + RAIN_LOW + TEMP_LOW + WIND_LOW,NO2_HIGH + O3_LOW + PM10_HIGH,0.005784479396854283,0.5894039735099338,5.052127875445037
RADIATION_MID + RAIN_LOW + TEMP_LOW + WIND_LOW,NO2_HIGH + O3_LOW + PM10_HIGH + PM25_HIGH,0.0055245027947484725,0.33464566929133854,5.047900262467191
HUMIDITY_MID + RADIATION_HIGH + RAIN_HIGH,O3_HIGH + PM10_LOW + PM25_LOW,0.005004549590536852,0.21448467966573817,5.045965261983253
RADIATION_MID + TEMP_LOW + WIND_LOW,NO2_HIGH + PM10_HIGH + PM25_HIGH,0.00792928636422722,0.4372759856630825,5.0434245242969915
HUMIDITY_MID + RADIATION_HIGH + WIND_HIGH,NO2_LOW + O3_HIGH + PM10_LOW,0.009229169374756272,0.37566137566137564,5.026022544283413
HUMIDITY_MID + RADIATION_HIGH + RAIN_HIGH,O3_HIGH + PM10_LOW,0.010594046535811776,0.45403899721448465,5.011365861651407
HUMIDITY_HIGH + RADIATION_LOW + RAIN_LOW + WIND_LOW,NO2_HIGH + O3_LOW + PM10_HIGH + PM25_HIGH,0.01091901728844404,0.3300589390962672,4.978712585230556
HUMIDITY_MID + RADIATION_HIGH + RAIN_HIGH + TEMP_HIGH,O3_HIGH + PM10_LOW,0.007994280514753671,0.4505494505494505,4.972850678733031
HUMIDITY_HIGH + RADIATION_LOW + RAIN_LOW + TEMP_LOW + WIND_LOW,NO2_HIGH + O3_LOW + PM25_HIGH,0.011308982191602755,0.38926174496644295,4.966153572183824
HUMIDITY_MID + RADIATION_LOW + TEMP_LOW + WIND_LOW,NO2_HIGH + O3_LOW + PM10_HIGH,0.006239438450539451,0.5748502994011976,4.927379780828315
RADIATION_MID + TEMP_LOW + WIND_LOW,NO2_HIGH + O3_LOW + PM10_HIGH + PM25_HIGH,0.005914467697907188,0.32616487455197135,4.9199732939770895
RADIATION_HIGH + RAIN_HIGH + TEMP_HIGH + WIND_HIGH,O3_HIGH + PM10_LOW,0.007084362407383336,0.4448979591836735,4.910473457675753
HUMIDITY_MID + RADIATION_MID + RAIN_LOW,O3_MID + PM10_HIGH,0.014688678018978291,0.24511930585683298,4.872617105831049
HUMIDITY_HIGH + RADIATION_LOW + RAIN_HIGH + TEMP_LOW,O3_LOW + PM10_MID,0.009099181073703366,0.2697495183044316,4.871321700272283
RADIATION_LOW + RAIN_LOW + TEMP_LOW + WIND_LOW,NO2_HIGH + O3_LOW + PM10_HIGH,0.024177823995840373,0.5679389312977099,4.868138382700036
HUMIDITY_HIGH + RADIATION_LOW + RAIN_MID,O3_LOW + PM10_HIGH,0.005914467697907188,0.6408450704225352,4.864352369768686
HUMIDITY_MID + RADIATION_MID + TEMP_LOW,O3_MID + PM10_HIGH,0.005004549590536852,0.24444444444444444,4.8592018374964105
HUMIDITY_HIGH + RAIN_LOW + TEMP_LOW + WIND_LOW,NO2_HIGH + O3_LOW + PM25_HIGH,0.01735343819056285,0.37980085348506404,4.8454526797024835
HUMIDITY_HIGH + RADIATION_LOW + RAIN_LOW + TEMP_LOW,O3_LOW + PM10_HIGH + PM25_HIGH,0.01338879500844924,0.35951134380453753,4.8436440768621845
RADIATION_MID + RAIN_LOW + TEMP_MID,O3_MID + PM10_HIGH,0.011503964643182114,0.24346629986244842,4.839757738609342
RADIATION_LOW + RAIN_MID + TEMP_LOW,O3_LOW + PM10_HIGH,0.006499415052645262,0.6369426751592356,4.834731129748397
HUMIDITY_HIGH + RAIN_LOW + TEMP_LOW,O3_LOW + PM10_HIGH + PM25_HIGH,0.024697777200051996,0.3588290840415486,4.834452090248044
HUMIDITY_HIGH + RADIATION_LOW + RAIN_LOW + WIND_LOW,NO2_HIGH + O3_LOW + PM10_HIGH,0.0186533212010919,0.5638506876227898,4.833095643322698
RADIATION_HIGH + RAIN_HIGH + WIND_HIGH,O3_HIGH + PM10_LOW,0.010009099181073703,0.4375,4.82881994261119
HUMIDITY_HIGH + RADIATION_LOW + TEMP_LOW + WIND_LOW,NO2_HIGH + O3_LOW + PM25_HIGH,0.019693227609515144,0.3782771535580524,4.82601350302172
RADIATION_LOW + RAIN_HIGH + TEMP_LOW,O3_LOW + PM10_MID,0.010074093331600156,0.2667814113597246,4.817721590587703
HUMIDITY_HIGH + RADIATION_LOW + RAIN_LOW + WIND_LOW,O3_LOW + PM10_HIGH + PM25_HIGH,0.011828935395814377,0.3575638506876228,4.817405785183682
RADIATION_LOW + RAIN_HIGH + TEMP_LOW + WIND_LOW,O3_LOW + PM10_MID,0.005004549590536852,0.2655172413793103,4.794892342561113
HUMIDITY_HIGH + RADIATION_LOW + RAIN_LOW + TEMP_LOW + WIND_LOW,O3_LOW + PM10_HIGH,0.018328350448459638,0.6308724832214765,4.7886551686460965
HUMIDITY_HIGH + RADIATION_LOW + RAIN_LOW + WIND_LOW,NO2_HIGH + O3_LOW + PM25_HIGH,0.012413882750552451,0.37524557956778,4.78733705408778
HUMIDITY_HIGH + RADIATION_LOW + RAIN_LOW + TEMP_LOW,O3_LOW + PM25_HIGH,0.01592356687898089,0.42757417102966844,4.767142170624985
RADIATION_LOW + RAIN_LOW + TEMP_LOW + WIND_LOW,NO2_HIGH + O3_LOW + PM10_HIGH + PM25_HIGH,0.013453789158975693,0.31603053435114503,4.767103726986978
RADIATION_HIGH + RAIN_HIGH + WIND_HIGH,NO2_LOW + O3_HIGH + PM25_LOW,0.005069543741063305,0.2215909090909091,4.761728669375317
RADIATION_MID + RAIN_LOW + TEMP_LOW + WIND_LOW,NO2_HIGH + PM25_HIGH,0.00792928636422722,0.48031496062992124,4.7494382932210595
HUMIDITY_HIGH + TEMP_MID + WIND_HIGH,NO2_LOW + O3_MID + PM10_LOW,0.006759391654751073,0.2659846547314578,4.725681175171143
HUMIDITY_HIGH + RAIN_LOW + TEMP_LOW,NO2_HIGH + O3_LOW + PM10_HIGH + PM25_HIGH,0.021513063824255815,0.3125590179414542,4.714738284360014
HUMIDITY_HIGH + RADIATION_LOW + RAIN_LOW + TEMP_LOW + WIND_LOW,O3_LOW + PM25_HIGH,0.012283894449499545,0.4228187919463087,4.714123139772396
HUMIDITY_HIGH + RAIN_LOW + TEMP_LOW + WIND_LOW,O3_LOW + PM25_HIGH,0.019303262706356426,0.422475106685633,4.710291298163152
RADIATION_HIGH + RAIN_LOW + TEMP_HIGH + WIND_LOW,O3_HIGH + PM10_MID,0.007084362407383336,0.4658119658119658,4.702744688965161
RADIATION_MID + RAIN_HIGH + WIND_HIGH,NO2_LOW + O3_MID + PM10_LOW,0.005004549590536852,0.2646048109965636,4.701165845257653
RAIN_HIGH + TEMP_MID + WIND_HIGH,NO2_LOW + O3_MID + PM10_LOW,0.01091901728844404,0.26456692913385826,4.700492807914022
HUMIDITY_HIGH + RADIATION_LOW + RAIN_LOW + TEMP_LOW,NO2_HIGH + O3_LOW + PM25_HIGH,0.013713765761081503,0.3682373472949389,4.697926886799279
HUMIDITY_MID + RADIATION_LOW + RAIN_LOW + WIND_LOW,NO2_HIGH + O3_LOW + PM10_HIGH,0.006044455998960093,0.5470588235294118,4.689162706865477
HUMIDITY_HIGH + RADIATION_LOW + TEMP_LOW + WIND_LOW,NO2_HIGH + O3_LOW + PM10_HIGH + PM25_HIGH,0.016183543481086703,0.3108614232209738,4.6891312330175525
HUMIDITY_HIGH + RADIATION_LOW + RAIN_LOW + TEMP_LOW,NO2_HIGH + O3_LOW + PM10_HIGH + PM25_HIGH,0.011568958793708567,0.3106457242582897,4.685877562194162
RADIATION_MID + TEMP_LOW + WIND_LOW,NO2_HIGH + PM25_HIGH,0.008579227869491746,0.4731182795698925,4.678276252867844
HUMIDITY_HIGH + RADIATION_LOW + TEMP_LOW + WIND_LOW,O3_LOW + PM25_HIGH,0.02183803457688808,0.41947565543071164,4.676849590186181
RADIATION_MID + RAIN_LOW + TEMP_HIGH,NO2_MID + PM10_HIGH,0.006109450149486546,0.25133689839572193,4.676021183454145
HUMIDITY_MID + RADIATION_HIGH + WIND_HIGH,NO2_LOW + O3_HIGH + PM25_LOW,0.005329520343169115,0.21693121693121692,4.661597351541485
RADIATION_HIGH + RAIN_HIGH + TEMP_HIGH,NO2_LOW + O3_HIGH + PM25_LOW,0.005784479396854283,0.21654501216545013,4.653298264214547
RAIN_LOW + TEMP_LOW + WIND_LOW,NO2_HIGH + O3_LOW + PM10_HIGH + PM25_HIGH,0.02554270115689588,0.307752545027408,4.642235939011471
RADIATION_MID + RAIN_HIGH + TEMP_MID,NO2_LOW + O3_MID + PM10_LOW,0.00695437410633043,0.26097560975609757,4.636686757167802
HUMIDITY_HIGH + RADIATION_LOW + RAIN_HIGH + WIND_LOW,O3_LOW + PM10_MID,0.0075393214610685036,0.25663716814159293,4.6345298932236485
RADIATION_MID + WIND_LOW,O3_MID + PM10_HIGH,0.012478876901078902,0.23300970873786409,4.631895838037179
HUMIDITY_HIGH + RADIATION_LOW + RAIN_LOW + TEMP_LOW,NO2_HIGH + O3_LOW + PM10_HIGH,0.020083192512673858,0.5392670157068062,4.622374542431711
RADIATION_HIGH + RAIN_HIGH + TEMP_HIGH,O3_HIGH + PM10_LOW,0.01117899389054985,0.41849148418491483,4.619017199188737
RADIATION_LOW + TEMP_LOW + WIND_LOW,NO2_HIGH + O3_LOW + PM25_HIGH,0.024177823995840373,0.36186770428015563,4.616663762897574
RADIATION_LOW + RAIN_LOW + WIND_LOW,NO2_HIGH + O3_LOW + PM10_HIGH,0.026192642662160405,0.5373333333333333,4.605799814298979
HUMIDITY_LOW + RADIATION_HIGH + RAIN_LOW + TEMP_HIGH,O3_HIGH + PM25_MID,0.018783309502144806,0.292806484295846,4.597061803444782
RADIATION_LOW + RAIN_LOW + TEMP_LOW + WIND_LOW,NO2_HIGH + O3_LOW + PM25_HIGH,0.015338619524242819,0.3603053435114504,4.596731355942932
HUMIDITY_HIGH + RADIATION_LOW + TEMP_LOW + WIND_LOW,O3_LOW + PM10_HIGH + PM25_HIGH,0.017743403093721567,0.3408239700374532,4.59187180647658
HUMIDITY_HIGH + RAIN_LOW + TEMP_LOW,O3_LOW + PM25_HIGH,0.028337449629533343,0.4117091595845137,4.590258789396614
RADIATION_LOW + RAIN_MID + TEMP_LOW,NO2_HIGH + O3_LOW + PM10_HIGH,0.00545950864422202,0.535031847133758,4.5860724233983285
HUMIDITY_HIGH + RADIATION_LOW + TEMP_LOW + WIND_LOW,NO2_HIGH + O3_LOW + PM10_HIGH,0.02781749642532172,0.5343320848938826,4.580074349959486
HUMIDITY_HIGH + TEMP_LOW + WIND_LOW,NO2_HIGH + O3_LOW + PM25_HIGH,0.028142467177953986,0.3587406793703397,4.5767695628458105
HUMIDITY_MID + RADIATION_LOW + RAIN_LOW + TEMP_LOW + WIND_LOW,O3_LOW + PM10_HIGH,0.005914467697907188,0.6026490066225165,4.5744240828288305
HUMIDITY_HIGH + RADIATION_LOW + RAIN_LOW,O3_LOW + PM10_HIGH + PM25_HIGH,0.014753672169504744,0.3393124065769806,4.571506731693015
HUMIDITY_MID + RADIATION_MID + TEMP_MID,O3_MID + PM10_HIGH,0.008384245417912387,0.22994652406417113,4.571004159239453
RADIATION_MID + RAIN_LOW + TEMP_LOW + WIND_LOW,NO2_HIGH + O3_LOW + PM25_HIGH,0.005914467697907188,0.35826771653543305,4.570735561039944
RADIATION_LOW + RAIN_LOW + TEMP_LOW + WIND_LOW,O3_LOW + PM10_HIGH + PM25_HIGH,0.014428701416872481,0.33893129770992364,4.566372107324768
HUMIDITY_HIGH + RADIATION_LOW + RAIN_LOW + WIND_LOW,O3_LOW + PM10_HIGH,0.0198882100610945,0.6011787819253438,4.563264301284331
HUMIDITY_HIGH + RAIN_HIGH + TEMP_MID + WIND_HIGH,O3_MID + PM10_LOW + PM25_LOW,0.0056544910958013775,0.2457627118644068,4.5612847825642495
HUMIDITY_HIGH + RADIATION_LOW + RAIN_LOW + WIND_LOW,O3_LOW + PM25_HIGH,0.013518783309502146,0.4086444007858546,4.556088949631275
RADIATION_LOW + RAIN_HIGH + WIND_LOW,O3_LOW + PM10_MID,0.0077343039126478615,0.2521186440677966,4.55293128829474
HUMIDITY_HIGH + RADIATION_LOW + RAIN_LOW,O3_LOW + PM25_HIGH,0.017743403093721567,0.4080717488789238,4.549704295834146
HUMIDITY_HIGH + TEMP_LOW + WIND_LOW,NO2_HIGH + O3_LOW + PM10_HIGH + PM25_HIGH,0.023657870791628753,0.3015741507870754,4.549039101970531
HUMIDITY_HIGH + RADIATION_LOW + RAIN_LOW + TEMP_LOW,O3_LOW + PM10_HIGH,0.022292993630573247,0.5986038394415357,4.543719128587799
HUMIDITY_HIGH + TEMP_LOW + WIND_LOW,O3_LOW + PM10_HIGH + PM25_HIGH,0.026452619264266217,0.3371996685998343,4.543042120032443
HUMIDITY_HIGH + RAIN_LOW + TEMP_LOW,NO2_HIGH + O3_LOW + PM25_HIGH,0.024502794748472636,0.3559962228517469,4.541756123380579
HUMIDITY_MID + RADIATION_HIGH + RAIN_HIGH,O3_HIGH + PM25_LOW,0.006174444300012999,0.2646239554317549,4.539023610114805
RADIATION_LOW + TEMP_LOW + WIND_LOW,NO2_HIGH + O3_LOW + PM10_HIGH,0.035356817886390224,0.5291828793774319,4.535937483064718
HUMIDITY_MID + RADIATION_HIGH + TEMP_HIGH + WIND_HIGH,O3_HIGH + PM10_LOW,0.0074743273105420515,0.4107142857142857,4.533177905308465
RADIATION_LOW + RAIN_LOW + TEMP_LOW + WIND_LOW,O3_LOW + PM10_HIGH,0.025412712855842973,0.5969465648854961,4.531139539875799
RADIATION_MID + TEMP_LOW + WIND_LOW,NO2_HIGH + O3_LOW + PM25_HIGH,0.006434420902118809,0.3548387096774194,4.5269887123522174
HUMIDITY_HIGH + RADIATION_LOW + RAIN_HIGH + TEMP_LOW + WIND_LOW,NO2_HIGH + O3_LOW + PM25_HIGH,0.006434420902118809,0.3548387096774194,4.5269887123522174
RADIATION_HIGH + RAIN_HIGH,O3_HIGH + PM10_LOW,0.015208631223189913,0.4098073555166375,4.523167842165699
RADIATION_MID + RAIN_LOW + TEMP_LOW + WIND_LOW,O3_LOW + PM10_HIGH + PM25_HIGH,0.0055245027947484725,0.33464566929133854,4.5086324585959145
HUMIDITY_HIGH + TEMP_LOW + WIND_LOW,O3_LOW + PM25_HIGH,0.03171714545690888,0.4043082021541011,4.507743477060145
HUMIDITY_HIGH + RAIN_LOW + TEMP_LOW + WIND_LOW,NO2_HIGH + O3_LOW + PM10_HIGH,0.023982841544261016,0.5248933143669986,4.499169100195343
RADIATION_LOW + TEMP_LOW + WIND_LOW,NO2_HIGH + O3_LOW + PM10_HIGH + PM25_HIGH,0.0198882100610945,0.29766536964980544,4.490077821011673
HUMIDITY_HIGH + RAIN_MID + TEMP_LOW,O3_LOW + PM10_HIGH,0.007994280514753671,0.5913461538461537,4.488629463777465
RADIATION_LOW + RAIN_HIGH + TEMP_LOW + WIND_LOW,NO2_HIGH + O3_LOW + PM25_HIGH,0.006629403353698167,0.35172413793103446,4.487253388231258
HUMIDITY_LOW + RADIATION_HIGH + RAIN_LOW + TEMP_HIGH + WIND_HIGH,O3_HIGH + PM25_MID,0.005914467697907188,0.2852664576802508,4.478683385579937
RAIN_HIGH + TEMP_LOW + WIND_LOW,O3_LOW + PM10_MID,0.006824385805277525,0.24764150943396226,4.472080122242891
HUMIDITY_MID + RADIATION_LOW + WIND_LOW,NO2_HIGH + O3_LOW + PM10_HIGH,0.006499415052645262,0.5208333333333334,4.464368616527391
HUMIDITY_HIGH + RADIATION_LOW + RAIN_LOW,NO2_HIGH + O3_LOW + PM25_HIGH,0.015208631223189913,0.34977578475336324,4.462396537491913
HUMIDITY_MID + RADIATION_LOW + TEMP_LOW + WIND_LOW,O3_LOW + PM10_HIGH,0.006369426751592357,0.5868263473053892,4.454321746246038
HUMIDITY_LOW + RADIATION_HIGH + TEMP_HIGH,O3_HIGH + PM25_MID,0.020083192512673858,0.2832263978001833,4.446654445462879
HUMIDITY_LOW + RADIATION_HIGH + RAIN_LOW + WIND_LOW,O3_HIGH + PM10_MID,0.0055245027947484725,0.44041450777202074,4.446337018753485
RADIATION_LOW + RAIN_LOW + WIND_LOW,NO2_HIGH + O3_LOW + PM10_HIGH + PM25_HIGH,0.014363707266346028,0.2946666666666667,4.444844444444445
RAIN_LOW + TEMP_LOW + WIND_LOW,O3_LOW + PM10_HIGH + PM25_HIGH,0.027362537371636554,0.32967893500391543,4.441716369501088
HUMIDITY_MID + RADIATION_HIGH + WIND_HIGH,O3_HIGH + PM10_LOW,0.009879110880020798,0.4021164021164021,4.438280461235984
RADIATION_MID + RAIN_LOW + WIND_MID,O3_MID + PM10_HIGH,0.008579227869491746,0.22297297297297297,4.432380054473078
HUMIDITY_HIGH + RADIATION_LOW + RAIN_LOW,NO2_HIGH + O3_LOW + PM10_HIGH + PM25_HIGH,0.012738853503184714,0.2929745889387145,4.419320613148099
RADIATION_LOW + TEMP_LOW + WIND_LOW,O3_LOW + PM25_HIGH,0.026452619264266217,0.3959143968871595,4.414158630801331
HUMIDITY_HIGH + RAIN_HIGH + TEMP_LOW + WIND_LOW,O3_LOW + PM10_MID,0.006369426751592357,0.24438902743142144,4.4133445728402
HUMIDITY_HIGH + RAIN_MID + TEMP_LOW,NO2_HIGH + O3_LOW + PM10_HIGH,0.00695437410633043,0.5144230769230769,4.409422541247054
RADIATION_HIGH + TEMP_HIGH + WIND_HIGH,NO2_LOW + O3_HIGH + PM25_LOW,0.009164175224229819,0.20494186046511628,4.403960146810445
RADIATION_HIGH + RAIN_HIGH,NO2_LOW + O3_HIGH + PM25_LOW,0.0076043156115949565,0.20490367775831875,4.40313964523672
HUMIDITY_HIGH + RADIATION_LOW + TEMP_LOW + WIND_LOW,O3_LOW + PM10_HIGH,0.030157285844274014,0.5792759051186017,4.39700990436843
RADIATION_MID + TEMP_LOW + WIND_LOW,O3_LOW + PM10_HIGH + PM25_HIGH,0.005914467697907188,0.32616487455197135,4.394371943832426
HUMIDITY_MID + RAIN_HIGH + TEMP_HIGH + WIND_HIGH,NO2_LOW + O3_HIGH + PM10_LOW,0.006889379955803978,0.3281733746130031,4.390674384170143
RADIATION_MID + RAIN_LOW + TEMP_LOW + WIND_LOW,NO2_HIGH + O3_LOW + PM10_HIGH,0.00844923956843884,0.5118110236220472,4.387033097185971
RADIATION_HIGH + TEMP_HIGH + WIND_LOW,O3_HIGH + PM10_MID,0.007279344858962694,0.43410852713178294,4.382673096095546
HUMIDITY_LOW + RADIATION_HIGH + WIND_LOW,O3_HIGH + PM10_MID,0.0055245027947484725,0.4336734693877551,4.378280839895013
HUMIDITY_HIGH + RADIATION_LOW + RAIN_LOW,NO2_HIGH + O3_LOW + PM10_HIGH,0.022163005329520345,0.5097159940209267,4.36907536713425
HUMIDITY_HIGH + RADIATION_MID + RAIN_HIGH,NO2_LOW + O3_MID + PM10_LOW,0.005784479396854283,0.24585635359116023,4.368066808722392
HUMIDITY_HIGH + RADIATION_LOW + RAIN_HIGH + TEMP_LOW + WIND_LOW,O3_LOW + PM25_HIGH,0.007084362407383336,0.3906810035842294,4.355810087787648
HUMIDITY_HIGH + RAIN_LOW + TEMP_LOW + WIND_LOW,O3_LOW + PM10_HIGH,0.026192642662160405,0.5732574679943101,4.3513267896203525
RADIATION_LOW + TEMP_LOW + WIND_LOW,O3_LOW + PM10_HIGH + PM25_HIGH,0.02157805797478227,0.3229571984435798,4.35115538988872
RAIN_LOW + TEMP_LOW + WIND_LOW,NO2_HIGH + O3_LOW + PM25_HIGH,0.028207461328480437,0.3398590446358653,4.33587998405259
HUMIDITY_MID + RADIATION_MID + RAIN_LOW + TEMP_LOW + WIND_LOW,NO2_HIGH + PM10_HIGH,0.006044455998960093,0.775,4.334478371501272
RADIATION_HIGH + RAIN_LOW + WIND_LOW,O3_HIGH + PM10_MID,0.007864292213700767,0.42907801418439717,4.33188604084064
RADIATION_MID + TEMP_LOW + WIND_LOW,NO2_HIGH + O3_LOW + PM10_HIGH,0.009164175224229819,0.5053763440860215,4.331877676940127
HUMIDITY_LOW + RADIATION_HIGH + RAIN_LOW + TEMP_HIGH + WIND_MID,O3_HIGH + PM25_MID,0.008319251267385936,0.27586206896551724,4.3310344827586205
HUMIDITY_HIGH + RADIATION_MID + RAIN_HIGH + TEMP_MID,O3_MID + PM10_LOW,0.007084362407383336,0.4678111587982833,4.330771654193975
HUMIDITY_HIGH + RADIATION_LOW + TEMP_LOW,O3_LOW + PM25_HIGH,0.030612244897959183,0.38797364085667213,4.325624955232433
TEMP_LOW + WIND_LOW,NO2_HIGH + O3_LOW + PM10_HIGH + PM25_HIGH,0.03386195242428181,0.28657865786578657,4.322842382277443
RADIATION_LOW + RAIN_LOW + WIND_LOW,NO2_HIGH + O3_LOW + PM25_HIGH,0.016508514233718966,0.3386666666666667,4.3206677722498625
RADIATION_LOW + RAIN_MID,O3_LOW + PM10_HIGH,0.00669439750422462,0.569060773480663,4.319471662937089
HUMIDITY_HIGH + RADIATION_LOW + RAIN_LOW,O3_LOW + PM10_HIGH,0.024697777200051996,0.5680119581464873,4.31151060090866
RADIATION_LOW + RAIN_LOW + TEMP_LOW + WIND_LOW,O3_LOW + PM25_HIGH,0.01644352008319251,0.3862595419847328,4.306513994910941
RADIATION_LOW + RAIN_HIGH + TEMP_LOW + WIND_LOW,O3_LOW + PM25_HIGH,0.007279344858962694,0.38620689655172413,4.3059270364817595
RADIATION_LOW + TEMP_LOW + WIND_LOW,O3_LOW + PM10_HIGH,0.037826595606395425,0.566147859922179,4.2973611113777235
HUMIDITY_LOW + RADIATION_HIGH + RAIN_LOW + TEMP_HIGH + WIND_MID,NO2_LOW + O3_HIGH + PM10_MID,0.007214350708436241,0.23922413793103448,4.294868828712831
TEMP_LOW + WIND_LOW,NO2_HIGH + O3_LOW + PM25_HIGH,0.039776420122189,0.33663366336633666,4.294730965633877
RADIATION_LOW + RAIN_LOW + WIND_LOW,O3_LOW + PM10_HIGH,0.02755751982321591,0.5653333333333334,4.291178424601217
RADIATION_HIGH + RAIN_LOW + TEMP_HIGH + WIND_MID,NO2_LOW + O3_HIGH + PM10_MID,0.010074093331600156,0.23846153846153847,4.281177632169464
RADIATION_MID + TEMP_MID + WIND_HIGH,NO2_LOW + O3_MID + PM10_LOW,0.006434420902118809,0.24087591240875914,4.2795805869759445
HUMIDITY_HIGH + TEMP_MID + WIND_HIGH,O3_MID + PM10_LOW + PM25_LOW,0.005849473547380735,0.23017902813299232,4.272056124070229
HUMIDITY_LOW + RAIN_LOW + TEMP_HIGH + WIND_MID,O3_HIGH + PM25_MID,0.012218900298973092,0.2712842712842713,4.259163059163059
RADIATION_LOW + RAIN_LOW + WIND_LOW,O3_LOW + PM10_HIGH + PM25_HIGH,0.01540361367476927,0.316,4.257422066549912
HUMIDITY_MID + RAIN_LOW + TEMP_MID,O3_MID + PM10_HIGH,0.01143897049265566,0.2141119221411192,4.256235186128243
RAIN_HIGH + TEMP_LOW,O3_LOW + PM10_MID,0.016703496685298323,0.23513266239707228,4.246186788311449
HUMIDITY_HIGH + RAIN_LOW + WIND_LOW,NO2_HIGH + O3_LOW + PM10_HIGH + PM25_HIGH,0.01683348498635123,0.28121606948968514,4.241951416831663
HUMIDITY_MID + RADIATION_LOW + RAIN_LOW + WIND_LOW,O3_LOW + PM10_HIGH,0.006174444300012999,0.5588235294117647,4.241765576482196
HUMIDITY_MID + RAIN_LOW + TEMP_LOW + WIND_LOW,NO2_HIGH + O3_LOW + PM10_HIGH + PM25_HIGH,0.006824385805277525,0.2807486631016043,4.234900912236553
HUMIDITY_HIGH + RAIN_MID + TEMP_LOW,O3_LOW + PM25_HIGH,0.005134537891589757,0.3798076923076923,4.234580546265329
HUMIDITY_HIGH + RAIN_HIGH + TEMP_LOW + WIND_LOW,NO2_HIGH + O3_LOW + PM25_HIGH,0.008644222020018199,0.3316708229426434,4.231415656546859
RADIATION_HIGH + TEMP_HIGH + WIND_HIGH,NO2_LOW + O3_HIGH + PM10_LOW,0.014103730664240218,0.31540697674418605,4.2198710819009095
HUMIDITY_LOW + RADIATION_HIGH + TEMP_HIGH + WIND_HIGH,O3_HIGH + PM25_MID,0.00669439750422462,0.2682291666666667,4.211197916666667
RADIATION_HIGH + RAIN_LOW + TEMP_HIGH,O3_HIGH + PM25_MID,0.023722864942155204,0.26818515797207937,4.210506980161646
HUMIDITY_LOW + RADIATION_HIGH + TEMP_HIGH + WIND_MID,O3_HIGH + PM25_MID,0.008644222020018199,0.26814516129032256,4.209879032258065
HUMIDITY_MID + RADIATION_MID + TEMP_LOW + WIND_LOW,NO2_HIGH + PM10_HIGH,0.006109450149486546,0.752,4.205842239185751
HUMIDITY_LOW + RADIATION_HIGH + TEMP_HIGH + WIND_MID,NO2_LOW + O3_HIGH + PM10_MID,0.0075393214610685036,0.23387096774193547,4.198761621560582
RADIATION_LOW + TEMP_LOW + WIND_MID,O3_LOW + PM10_MID,0.0053945144936955675,0.23249299719887956,4.198517904814508
HUMIDITY_HIGH + RAIN_HIGH + TEMP_LOW,O3_LOW + PM10_MID,0.012803847653711165,0.23231132075471697,4.195237067056426
HUMIDITY_LOW + TEMP_HIGH + WIND_MID,O3_HIGH + PM25_MID,0.012868841804237618,0.26720647773279355,4.195141700404859
TEMP_LOW + WIND_LOW,O3_LOW + PM10_HIGH + PM25_HIGH,0.036786689197972185,0.31133113311331134,4.194519101647468
HUMIDITY_HIGH + RAIN_LOW + WIND_LOW,O3_LOW + PM10_HIGH + PM25_HIGH,0.01858832705056545,0.31053203040173727,4.1837529069712165
RAIN_HIGH + TEMP_LOW + WIND_LOW,NO2_HIGH + O3_LOW + PM25_HIGH,0.009034186923176915,0.3278301886792453,4.182417315936044
HUMIDITY_MID + RADIATION_HIGH + WIND_HIGH,O3_HIGH + PM25_LOW,0.005979461848433641,0.24338624338624337,4.1747388414055076
HUMIDITY_HIGH + RADIATION_LOW + TEMP_LOW,NO2_HIGH + O3_LOW + PM25_HIGH,0.02580267775900169,0.3270181219110379,4.1720570677638715
HUMIDITY_HIGH + RAIN_HIGH + TEMP_LOW + WIND_LOW,O3_LOW + PM25_HIGH,0.009749122578967893,0.3740648379052369,4.170551881166649
RAIN_LOW + TEMP_LOW + WIND_LOW,NO2_HIGH + O3_LOW + PM10_HIGH,0.040166385025347716,0.4839467501957713,4.148192032597291
HUMIDITY_MID + RAIN_HIGH + TEMP_HIGH + WIND_HIGH,O3_HIGH + PM25_LOW,0.005069543741063305,0.24148606811145512,4.142145645443533
RADIATION_HIGH + RAIN_HIGH + WIND_HIGH,O3_HIGH + PM25_LOW,0.0055245027947484725,0.24147727272727273,4.141994780581737
RADIATION_MID + RAIN_LOW + TEMP_LOW + WIND_LOW,PM10_HIGH + PM25_HIGH,0.0075393214610685036,0.45669291338582674,4.133339509031959
RADIATION_MID + RAIN_LOW,O3_MID + PM10_HIGH,0.023917847393734565,0.2077922077922078,4.130608409678177
RADIATION_HIGH + RAIN_LOW + TEMP_HIGH + WIND_HIGH,O3_HIGH + PM25_MID,0.007279344858962694,0.26291079812206575,4.127699530516432
RADIATION_MID + RAIN_LOW + TEMP_LOW + WIND_LOW,NO2_HIGH + PM10_HIGH,0.01215390614844664,0.7362204724409448,4.117589308969967
TEMP_LOW + WIND_LOW,O3_LOW + PM25_HIGH,0.0434810867021968,0.367986798679868,4.102786148180035
HUMIDITY_MID + RAIN_LOW + TEMP_LOW + WIND_LOW,NO2_HIGH + O3_LOW + PM10_HIGH,0.01163395294423502,0.4786096256684492,4.102444401412122
RAIN_HIGH + TEMP_LOW + WIND_LOW,O3_LOW + PM25_HIGH,0.01013908748212661,0.36792452830188677,4.1020918785890075
HUMIDITY_HIGH + RAIN_LOW + TEMP_LOW,NO2_HIGH + O3_LOW + PM10_HIGH,0.03288704016638502,0.47780925401321994,4.095583945541728
HUMIDITY_HIGH + RAIN_LOW + TEMP_LOW,O3_LOW + PM10_HIGH,0.03711165995060445,0.5391879131255902,4.092720883744613
HUMIDITY_HIGH + RAIN_HIGH + TEMP_MID + WIND_HIGH,O3_MID + PM25_LOW,0.006239438450539451,0.2711864406779661,4.090661349285477
RADIATION_HIGH + RAIN_HIGH + TEMP_HIGH,O3_HIGH + PM25_LOW,0.006369426751592357,0.2384428223844282,4.089945669126881
HUMIDITY_MID + TEMP_LOW + WIND_LOW,NO2_HIGH + O3_LOW + PM10_HIGH + PM25_HIGH,0.007149356557909788,0.270935960591133,4.086883029073698
RADIATION_HIGH + RAIN_LOW + TEMP_HIGH + WIND_MID,O3_HIGH + PM25_MID,0.010984011438970492,0.26,4.082
RADIATION_LOW + RAIN_MID,NO2_HIGH + O3_LOW + PM10_HIGH,0.005589496945274925,0.47513812154696133,4.072688099232059
HUMIDITY_HIGH + TEMP_LOW + WIND_LOW,NO2_HIGH + O3_LOW + PM10_HIGH,0.03724164825165735,0.4747307373653687,4.06919616997413
RAIN_LOW + TEMP_LOW + WIND_LOW,O3_LOW + PM25_HIGH,0.03028727414532692,0.36491777603758807,4.068568769648065
HUMIDITY_LOW + RADIATION_HIGH + TEMP_HIGH + WIND_HIGH,NO2_LOW + O3_HIGH + PM10_MID,0.0056544910958013775,0.2265625,4.067550320886815
HUMIDITY_MID + RAIN_HIGH + TEMP_HIGH + WIND_HIGH,O3_HIGH + PM10_LOW,0.0077343039126478615,0.3684210526315789,4.066374688514687
HUMIDITY_MID + RAIN_LOW + TEMP_LOW + WIND_LOW,NO2_HIGH + O3_LOW + PM25_HIGH,0.0077343039126478615,0.3181818181818182,4.059324589175335
RADIATION_LOW + RAIN_LOW + WIND_LOW,O3_LOW + PM25_HIGH,0.017743403093721567,0.364,4.058336231884058
HUMIDITY_MID + TEMP_LOW + WIND_LOW,NO2_HIGH + O3_LOW + PM25_HIGH,0.008384245417912387,0.31773399014778325,4.053611254074456
RADIATION_HIGH + TEMP_HIGH + WIND_MID,NO2_LOW + O3_HIGH + PM10_MID,0.011763941245287924,0.22512437810945274,4.0417312503991125
HUMIDITY_MID + RADIATION_LOW + WIND_LOW,O3_LOW + PM10_HIGH,0.006629403353698167,0.53125,4.032467932905772
HUMIDITY_MID + RAIN_HIGH + TEMP_HIGH,NO2_LOW + O3_HIGH + PM10_LOW,0.012413882750552451,0.30126182965299686,4.0306213139487035
RADIATION_MID + RAIN_HIGH + TEMP_MID,O3_MID + PM10_LOW + PM25_LOW,0.005784479396854283,0.21707317073170732,4.028815204919239
RAIN_MID + TEMP_LOW,O3_LOW + PM10_HIGH,0.01091901728844404,0.5299684542586751,4.022740324234817
RADIATION_MID + TEMP_LOW + WIND_LOW,PM10_HIGH + PM25_HIGH,0.008059274665280124,0.4444444444444444,4.022483660130719
HUMIDITY_HIGH + RAIN_LOW + TEMP_LOW + WIND_LOW,NO2_HIGH + PM10_HIGH + PM25_HIGH,0.01592356687898089,0.3485064011379801,4.019579826018711
HUMIDITY_MID + RADIATION_LOW + RAIN_LOW + TEMP_LOW,NO2_HIGH + O3_LOW + PM10_HIGH,0.0077343039126478615,0.46850393700787396,4.015822604347158
HUMIDITY_LOW + RAIN_LOW + TEMP_HIGH,O3_HIGH + PM25_MID,0.028272455479006888,0.2554315913094539,4.010275983558427
RADIATION_MID + TEMP_LOW + WIND_LOW,NO2_HIGH + PM10_HIGH,0.012998830105290524,0.7168458781362007,4.009229618685418
HUMIDITY_HIGH + RADIATION_LOW + WIND_LOW,NO2_HIGH + O3_LOW + PM25_HIGH,0.021383075523202913,0.3139312977099237,4.00509697061765
HUMIDITY_LOW + RADIATION_HIGH + RAIN_LOW + TEMP_HIGH + WIND_MID,O3_HIGH + PM10_MID,0.011958923696867282,0.39655172413793105,4.003507104715359
RAIN_MID + TEMP_LOW,NO2_HIGH + O3_LOW + PM10_HIGH,0.009619134277914988,0.4668769716088328,4.00187692767326
HUMIDITY_HIGH + RADIATION_LOW + RAIN_LOW + TEMP_LOW + WIND_LOW,NO2_HIGH + PM10_HIGH + PM25_HIGH,0.010074093331600156,0.34675615212527966,3.9993929209891697
RAIN_MID + TEMP_LOW,O3_LOW + PM10_HIGH + PM25_HIGH,0.006109450149486546,0.29652996845425866,3.9951051616788296
RADIATION_MID + RAIN_LOW + TEMP_LOW + WIND_LOW,O3_LOW + PM25_HIGH,0.005914467697907188,0.35826771653543305,3.994425425082734
HUMIDITY_HIGH + RAIN_LOW + WIND_LOW,NO2_HIGH + O3_LOW + PM25_HIGH,0.018718315351618355,0.3127035830618892,3.9894339378028425
RADIATION_MID + RAIN_LOW + TEMP_LOW,O3_MID + PM10_HIGH,0.008514233718965293,0.2006125574272588,3.987887349581142
HUMIDITY_HIGH + RADIATION_LOW + TEMP_LOW,O3_LOW + PM10_HIGH + PM25_HIGH,0.02333290003899649,0.2957166392092257,3.984147294985242
HUMIDITY_LOW + TEMP_HIGH + WIND_LOW,O3_HIGH + PM10_MID,0.00545950864422202,0.39436619718309857,3.981442460537503
HUMIDITY_HIGH + TEMP_LOW + WIND_LOW,O3_LOW + PM10_HIGH,0.04107630313271805,0.5236122618061309,3.974493468253147
RADIATION_HIGH + WIND_LOW,O3_HIGH + PM10_MID,0.008059274665280124,0.39365079365079364,3.974219889180519
HUMIDITY_LOW + TEMP_HIGH + WIND_MID,NO2_LOW + O3_HIGH + PM10_MID,0.01065904068633823,0.2213225371120108,3.973475561266509
HUMIDITY_MID + TEMP_LOW + WIND_LOW,NO2_HIGH + O3_LOW + PM10_HIGH,0.012218900298973092,0.4630541871921182,3.9691095956200173
HUMIDITY_LOW + RAIN_LOW + TEMP_HIGH + WIND_MID,NO2_LOW + O3_HIGH + PM10_MID,0.00994410503054725,0.22077922077922077,3.9637212262649832
RADIATION_MID + TEMP_LOW + WIND_LOW,O3_LOW + PM25_HIGH,0.006434420902118809,0.3548387096774194,3.95619448340346
HUMIDITY_LOW + RADIATION_HIGH + TEMP_HIGH + WIND_MID,O3_HIGH + PM10_MID,0.012608865202131808,0.3911290322580645,3.948760689188045
HUMIDITY_HIGH + RADIATION_LOW + WIND_LOW,O3_LOW + PM25_HIGH,0.024112829845313922,0.35400763358778625,3.946928587233101
RADIATION_MID + RAIN_LOW + TEMP_LOW + WIND_LOW,O3_LOW + PM10_HIGH,0.008579227869491746,0.5196850393700787,3.9446837768860536
RADIATION_HIGH + TEMP_HIGH + WIND_HIGH,O3_HIGH + PM25_LOW,0.010269075783179513,0.22965116279069767,3.939144694200306
RADIATION_HIGH + RAIN_HIGH,O3_HIGH + PM25_LOW,0.008514233718965293,0.22942206654991243,3.9352150679341724
HUMIDITY_LOW + RADIATION_HIGH + RAIN_LOW + TEMP_HIGH,NO2_LOW + O3_HIGH + PM10_MID,0.014038736513713766,0.2188449848024316,3.928995258074927
TEMP_LOW + WIND_LOW,NO2_HIGH + O3_LOW + PM10_HIGH,0.054140127388535034,0.4581958195819582,3.927465671358222
RAIN_LOW + TEMP_LOW + WIND_LOW,O3_LOW + PM10_HIGH,0.04289613934745873,0.5168363351605325,3.9230606081795525
HUMIDITY_LOW + RAIN_LOW + TEMP_HIGH + WIND_LOW,O3_HIGH + PM10_MID,0.0052645261926426625,0.3875598086124402,3.912726519232943
RADIATION_MID + RAIN_HIGH + TEMP_MID + WIND_HIGH,O3_MID + PM10_LOW,0.005134537891589757,0.42245989304812837,3.910931356461193
RADIATION_HIGH + WIND_HIGH,NO2_LOW + O3_HIGH + PM10_LOW,0.021253087222150007,0.29222520107238603,3.909719081478027
HUMIDITY_MID + RADIATION_MID + RAIN_LOW + TEMP_LOW,NO2_HIGH + PM10_HIGH + PM25_HIGH,0.006564409203171715,0.3389261744966443,3.9090840485797367
HUMIDITY_LOW + RADIATION_HIGH + RAIN_LOW + TEMP_HIGH,O3_HIGH + PM10_MID,0.024827765501104902,0.38703140830800403,3.9073918951620406
HUMIDITY_MID + RAIN_HIGH + TEMP_HIGH,O3_HIGH + PM10_LOW,0.014558689717925387,0.35331230283911674,3.8996148432443687
RADIATION_MID + TEMP_LOW + WIND_LOW,O3_LOW + PM10_HIGH,0.009294163525282725,0.5125448028673835,3.8904856126875
RAIN_LOW + TEMP_LOW + WIND_LOW,NO2_HIGH + PM10_HIGH + PM25_HIGH,0.027947484726374625,0.33672670321064996,3.8837159337324287
HUMIDITY_LOW + RADIATION_HIGH + TEMP_HIGH,NO2_LOW + O3_HIGH + PM10_MID,0.015338619524242819,0.21631530705774518,3.8835791299772078
RADIATION_HIGH + RAIN_LOW + TEMP_HIGH,NO2_LOW + O3_HIGH + PM10_MID,0.01910828025477707,0.216017634092579,3.8782349103248777
RADIATION_HIGH + RAIN_LOW + TEMP_HIGH + WIND_HIGH,NO2_LOW + O3_HIGH + PM10_MID,0.005979461848433641,0.215962441314554,3.8772440164127513
HUMIDITY_HIGH + RADIATION_MID + RAIN_HIGH,O3_MID + PM25_LOW,0.006044455998960093,0.2569060773480663,3.8752518687032826
HUMIDITY_HIGH + RAIN_LOW + WIND_LOW,O3_LOW + PM25_HIGH,0.02079812816846484,0.3474484256243214,3.8737981714897165
HUMIDITY_MID + RADIATION_HIGH + RAIN_LOW + TEMP_HIGH,NO2_LOW + O3_HIGH + PM10_MID,0.005004549590536852,0.21568627450980393,3.872285903859794
HUMIDITY_HIGH + RADIATION_LOW + WIND_LOW,NO2_HIGH + O3_LOW + PM10_HIGH + PM25_HIGH,0.017483426491615755,0.2566793893129771,3.8718324352641824
RADIATION_LOW + WIND_LOW,NO2_HIGH + O3_LOW + PM25_HIGH,0.025932666060054597,0.30296127562642367,3.865142775114556
RADIATION_LOW + WIND_LOW,NO2_HIGH + O3_LOW + PM10_HIGH,0.0385415312621864,0.45026575550493547,3.8594924313086003
HUMIDITY_MID + RAIN_LOW + TEMP_LOW + WIND_LOW,NO2_HIGH + PM10_HIGH + PM25_HIGH,0.008124268815806577,0.3342245989304813,3.854857330692942
HUMIDITY_MID + RAIN_LOW + TEMP_LOW + WIND_LOW,O3_LOW + PM10_HIGH + PM25_HIGH,0.00695437410633043,0.28609625668449196,3.854533279638873
RADIATION_HIGH + RAIN_HIGH + TEMP_MID,NO2_LOW + PM10_LOW,0.006044455998960093,0.6078431372549019,3.8502571057241335
HUMIDITY_HIGH + RADIATION_LOW + RAIN_LOW + TEMP_LOW + WIND_LOW,NO2_HIGH + PM25_HIGH,0.011308982191602755,0.38926174496644295,3.849088179983092
HUMIDITY_MID + RADIATION_MID + TEMP_LOW,NO2_HIGH + PM10_HIGH + PM25_HIGH,0.006824385805277525,0.3333333333333333,3.8445777111444275
HUMIDITY_HIGH + RADIATION_LOW + TEMP_LOW,NO2_HIGH + O3_LOW + PM10_HIGH + PM25_HIGH,0.020083192512673858,0.2545304777594728,3.8394175792227925
HUMIDITY_MID + RAIN_HIGH + WIND_HIGH,NO2_LOW + O3_HIGH + PM10_LOW,0.010854023137917588,0.2869415807560137,3.8390288360974147
RADIATION_HIGH + RAIN_LOW + TEMP_HIGH + WIND_MID,O3_HIGH + PM10_MID,0.016053555180033798,0.38,3.8364041994750657
RADIATION_LOW + RAIN_LOW + TEMP_LOW,NO2_HIGH + O3_LOW + PM10_HIGH,0.030092291693747563,0.4473429951690821,3.834439734635932
HUMIDITY_HIGH + RADIATION_LOW + WIND_LOW,O3_LOW + PM10_HIGH + PM25_HIGH,0.01936825685688288,0.28435114503816794,3.831021644095667
HUMIDITY_HIGH + RADIATION_LOW + RAIN_LOW + WIND_LOW,NO2_HIGH + PM10_HIGH + PM25_HIGH,0.010984011438970492,0.3320235756385069,3.8294713154228384
HUMIDITY_HIGH + RADIATION_LOW + WIND_LOW,NO2_HIGH + O3_LOW + PM10_HIGH,0.030417262446379826,0.44656488549618323,3.827770099300432
HUMIDITY_HIGH + RAIN_LOW,O3_LOW + PM10_HIGH + PM25_HIGH,0.027102560769530742,0.2840599455040872,3.8270983551014757
HUMIDITY_HIGH + RADIATION_LOW + TEMP_LOW,NO2_HIGH + O3_LOW + PM10_HIGH,0.03522682958533732,0.4464579901153213,3.826853836163974
HUMIDITY_LOW + RADIATION_HIGH + TEMP_HIGH,O3_HIGH + PM10_MID,0.02684258416742493,0.3785517873510541,3.821783333453621
HUMIDITY_HIGH + TEMP_MID + WIND_HIGH,O3_MID + PM25_LOW,0.006434420902118809,0.2531969309462916,3.81930194072514
HUMIDITY_HIGH + RAIN_HIGH + TEMP_MID + WIND_HIGH,O3_MID + PM10_LOW,0.009489145976862082,0.4124293785310734,3.818073657087302
HUMIDITY_MID + RAIN_HIGH + TEMP_HIGH,O3_HIGH + PM25_LOW,0.009164175224229819,0.222397476340694,3.814724159395672
HUMIDITY_HIGH + RADIATION_LOW + TEMP_LOW,O3_LOW + PM10_HIGH,0.0396464318211361,0.5024711696869851,3.8140214192422066
RADIATION_HIGH + RAIN_LOW + TEMP_HIGH,O3_HIGH + PM10_MID,0.03340699337059665,0.3776634827332844,3.81281518722724
HUMIDITY_HIGH + TEMP_LOW,O3_LOW + PM25_HIGH,0.05011049005589497,0.34145261293179807,3.806949204759888
RADIATION_HIGH + TEMP_HIGH + WIND_HIGH,O3_HIGH + PM10_LOW,0.01540361367476927,0.3444767441860465,3.8020941076373824
HUMIDITY_LOW + RAIN_LOW + TEMP_HIGH + WIND_MID,O3_HIGH + PM10_MID,0.01689847913687768,0.37518037518037517,3.7877462286911103
HUMIDITY_HIGH + RAIN_LOW + TEMP_LOW + WIND_LOW,NO2_HIGH + PM25_HIGH,0.017483426491615755,0.38264580369843526,3.7836685962108776
HUMIDITY_MID + TEMP_LOW + WIND_LOW,NO2_HIGH + PM10_HIGH + PM25_HIGH,0.008644222020018199,0.3275862068965517,3.778291888538489
HUMIDITY_MID + RADIATION_HIGH + TEMP_HIGH,NO2_LOW + O3_HIGH + PM10_LOW,0.012088911997920187,0.2822458270106222,3.776203734248202
HUMIDITY_MID + RAIN_LOW + TEMP_LOW + WIND_LOW,O3_LOW + PM10_HIGH,0.012088911997920187,0.49732620320855614,3.7749684077784136
HUMIDITY_HIGH + RAIN_HIGH + WIND_HIGH,NO2_LOW + O3_MID + PM10_LOW,0.008254257116859483,0.21237458193979936,3.773204754879622
HUMIDITY_LOW + TEMP_HIGH + WIND_MID,O3_HIGH + PM10_MID,0.017938385545300924,0.3724696356275304,3.7603791428905398
TEMP_LOW + WIND_LOW,O3_LOW + PM10_HIGH,0.05849473547380736,0.49504950495049505,3.7576870661905852
HUMIDITY_MID + TEMP_HIGH + WIND_HIGH,O3_HIGH + PM25_LOW,0.0075393214610685036,0.2188679245283019,3.7541827054542396
HUMIDITY_HIGH + RADIATION_LOW + TEMP_LOW + WIND_LOW,NO2_HIGH + PM25_HIGH,0.019758221760041595,0.37952559300873906,3.7528154074758735
RADIATION_MID + RAIN_HIGH + TEMP_MID,O3_MID + PM25_LOW,0.006629403353698167,0.24878048780487805,3.7526829268292685
HUMIDITY_MID + TEMP_LOW + WIND_LOW,NO2_HIGH + PM25_HIGH,0.010009099181073703,0.3793103448275862,3.7506869958337026
HUMIDITY_HIGH + RAIN_LOW,NO2_HIGH + O3_LOW + PM10_HIGH + PM25_HIGH,0.023722864942155204,0.24863760217983652,3.750527595234279
RADIATION_LOW + WIND_LOW,O3_LOW + PM25_HIGH,0.02879240868321851,0.3363705391040243,3.7502877642424046
RADIATION_LOW + WIND_LOW,NO2_HIGH + O3_LOW + PM10_HIGH + PM25_HIGH,0.021253087222150007,0.24829157175398633,3.74530796373219
RADIATION_HIGH + RAIN_LOW + TEMP_HIGH + WIND_HIGH,O3_HIGH + PM25_LOW,0.006044455998960093,0.21830985915492956,3.7446103600420804
RADIATION_HIGH + TEMP_HIGH,O3_HIGH + PM25_MID,0.028207461328480437,0.23846153846153847,3.743846153846154
RAIN_HIGH + TEMP_MID + WIND_HIGH,O3_MID + PM10_LOW + PM25_LOW,0.008319251267385936,0.2015748031496063,3.741169989456987
RADIATION_LOW + TEMP_MID + WIND_HIGH,O3_MID + PM10_LOW,0.006629403353698167,0.40316205533596844,3.732281217448382
HUMIDITY_HIGH + RAIN_HIGH + WIND_LOW,O3_LOW + PM10_MID,0.01020408163265306,0.20657894736842106,3.730544230294045
HUMIDITY_HIGH + RADIATION_LOW + WIND_LOW,O3_LOW + PM10_HIGH,0.0334719875211231,0.491412213740458,3.730078105876017
HUMIDITY_HIGH + RADIATION_LOW + RAIN_LOW + WIND_LOW,NO2_HIGH + PM25_HIGH,0.012478876901078902,0.37721021611001965,3.7299205559567885
HUMIDITY_LOW + RADIATION_HIGH + RAIN_LOW + WIND_MID,O3_HIGH + PM25_MID,0.008969192772650462,0.23711340206185566,3.7226804123711337
HUMIDITY_MID + TEMP_LOW + WIND_LOW,O3_LOW + PM10_HIGH + PM25_HIGH,0.007279344858962694,0.27586206896551724,3.7166495561326163
HUMIDITY_MID + RADIATION_MID + RAIN_LOW + TEMP_LOW,NO2_HIGH + PM25_HIGH,0.007279344858962694,0.37583892617449666,3.7163610013629857
RAIN_MID + TEMP_LOW,NO2_HIGH + O3_LOW + PM10_HIGH + PM25_HIGH,0.005069543741063305,0.24605678233438485,3.711597699016515
RADIATION_HIGH + TEMP_HIGH,NO2_LOW + O3_HIGH + PM10_MID,0.024437800597946185,0.20659340659340658,3.7090386859348348
RADIATION_LOW + WIND_LOW,O3_LOW + PM10_HIGH,0.04179123878850904,0.4882308276385725,3.7059297059926375
RADIATION_HIGH + TEMP_HIGH + WIND_HIGH,NO2_LOW + O3_HIGH + PM10_MID,0.009229169374756272,0.2063953488372093,3.705482890559279
HUMIDITY_MID + RADIATION_MID + TEMP_LOW,NO2_HIGH + PM25_HIGH,0.007669309762121409,0.3746031746031746,3.704141673807484
HUMIDITY_MID + RAIN_LOW + TEMP_LOW + WIND_LOW,NO2_HIGH + PM25_HIGH,0.009099181073703366,0.37433155080213903,3.7014558101810486
RADIATION_MID + RAIN_LOW + TEMP_LOW,NO2_HIGH + PM10_HIGH + PM25_HIGH,0.013583777460028597,0.32006125574272587,3.691501110088141
HUMIDITY_HIGH + TEMP_LOW,NO2_HIGH + O3_LOW + PM25_HIGH,0.042376186143247105,0.2887511071744907,3.6838511898728976
HUMIDITY_HIGH + RAIN_LOW + WIND_LOW,NO2_HIGH + O3_LOW + PM10_HIGH,0.025672689457948785,0.42888165038002174,3.6761966979092002
HUMIDITY_MID + RADIATION_LOW + RAIN_LOW + TEMP_LOW,O3_LOW + PM10_HIGH,0.007994280514753671,0.4842519685039369,3.6757280648256407
RADIATION_LOW + RAIN_LOW + TEMP_LOW,O3_LOW + PM10_HIGH,0.03256206941375276,0.4840579710144927,3.6742555214745853
RADIATION_MID + RAIN_HIGH,NO2_LOW + O3_MID + PM10_LOW,0.009099181073703366,0.20648967551622419,3.6686491310538396
RADIATION_HIGH + TEMP_HIGH + WIND_MID,O3_HIGH + PM10_MID,0.018978291953724163,0.36318407960199006,3.666634021493582
HUMIDITY_MID + RADIATION_HIGH,NO2_LOW + O3_HIGH + PM10_LOW,0.01540361367476927,0.27398843930635836,3.6657270671022864
HUMIDITY_HIGH + TEMP_LOW,O3_LOW + PM10_HIGH + PM25_HIGH,0.03990640842324191,0.27192205491585475,3.663566319558092
RADIATION_LOW + RAIN_LOW + TEMP_LOW + WIND_LOW,NO2_HIGH + PM10_HIGH + PM25_HIGH,0.013518783309502146,0.31755725190839695,3.6626205980978974
RADIATION_LOW + WIND_LOW,O3_LOW + PM10_HIGH + PM25_HIGH,0.02326790588847004,0.2718299164768413,3.662324951762417
HUMIDITY_HIGH + RAIN_LOW,O3_LOW + PM25_HIGH,0.03132718055375016,0.3283378746594005,3.6607293764561857
RADIATION_HIGH + TEMP_MID + WIND_HIGH,NO2_LOW + O3_HIGH + PM10_LOW,0.006434420902118809,0.27348066298342544,3.6589334614460727
RAIN_LOW + TEMP_LOW + WIND_LOW,NO2_HIGH + PM25_HIGH,0.030677239048485638,0.36961628817541115,3.6548304690661158
HUMIDITY_MID + RADIATION_HIGH + RAIN_LOW + TEMP_HIGH,O3_HIGH + PM10_MID,0.008384245417912387,0.36134453781512604,3.6480623745561216
HUMIDITY_LOW + TEMP_HIGH,O3_HIGH + PM25_MID,0.030872221500064995,0.23227383863080683,3.6466992665036675
HUMIDITY_MID + TEMP_LOW + WIND_LOW,O3_LOW + PM10_HIGH,0.012673859352658261,0.4802955665024631,3.645696885153871
HUMIDITY_HIGH + RADIATION_LOW + RAIN_LOW + TEMP_LOW,NO2_HIGH + PM25_HIGH,0.013713765761081503,0.3682373472949389,3.6411952605912146
HUMIDITY_MID + RADIATION_MID + RAIN_LOW + TEMP_LOW,NO2_HIGH + PM10_HIGH,0.012608865202131808,0.6510067114093959,3.6409993681370287
HUMIDITY_HIGH + RAIN_LOW + TEMP_LOW,NO2_HIGH + PM10_HIGH + PM25_HIGH,0.021708046275835176,0.3153918791312559,3.637645766351951
RADIATION_LOW + RAIN_LOW + TEMP_LOW,NO2_HIGH + O3_LOW + PM25_HIGH,0.019173274405303524,0.28502415458937197,3.6363031861625847
HUMIDITY_MID + TEMP_HIGH + WIND_HIGH,NO2_LOW + O3_HIGH + PM10_LOW,0.009359157675809178,0.27169811320754716,3.6350844954881047
HUMIDITY_HIGH + RAIN_LOW,NO2_HIGH + O3_LOW + PM25_HIGH,0.027167554920057194,0.2847411444141689,3.632692577078278
RADIATION_HIGH + TEMP_HIGH + WIND_MID,O3_HIGH + PM25_MID,0.012088911997920187,0.23134328358208955,3.632089552238806
HUMIDITY_HIGH + RADIATION_LOW + RAIN_HIGH + TEMP_LOW,O3_LOW + PM25_HIGH,0.010984011438970492,0.325626204238921,3.630496216246405
RADIATION_HIGH + WIND_HIGH,O3_HIGH + PM10_LOW,0.023917847393734565,0.3288650580875782,3.629783202105795
RADIATION_HIGH + TEMP_MID + WIND_HIGH,O3_HIGH + PM10_LOW,0.0077343039126478615,0.3287292817679558,3.6282845977631046
HUMIDITY_LOW + TEMP_HIGH + WIND_HIGH,O3_HIGH + PM25_LOW,0.008839204471597556,0.2115085536547434,3.6279493941269583
RADIATION_MID + TEMP_LOW,NO2_HIGH + PM10_HIGH + PM25_HIGH,0.014818666320031197,0.31448275862068964,3.6271602129969494
HUMIDITY_LOW + RADIATION_HIGH + TEMP_HIGH + WIND_HIGH,NO2_LOW + O3_HIGH + PM10_LOW,0.006759391654751073,0.2708333333333333,3.6235144927536225
RADIATION_MID + RAIN_LOW + TEMP_LOW + WIND_LOW,PM25_HIGH,0.007994280514753671,0.4842519685039369,3.618601645168321
RADIATION_LOW + TEMP_LOW,O3_LOW + PM25_HIGH,0.03743663070323671,0.3245070422535211,3.618018371096142
RAIN_HIGH + TEMP_HIGH + WIND_HIGH,NO2_LOW + O3_HIGH + PM10_LOW,0.009164175224229819,0.27011494252873564,3.6139030484757617
HUMIDITY_MID + RADIATION_HIGH + RAIN_HIGH,NO2_LOW + PM10_LOW + PM25_LOW,0.005914467697907188,0.25348189415041783,3.6111781698132677
HUMIDITY_MID + RAIN_LOW + TEMP_LOW + WIND_LOW,O3_LOW + PM25_HIGH,0.007864292213700767,0.3235294117647059,3.6071184995737426
RADIATION_LOW + TEMP_LOW + WIND_LOW,NO2_HIGH + PM25_HIGH,0.024372806447419734,0.3647859922178988,3.607067658267732
HUMIDITY_LOW + RAIN_LOW + TEMP_HIGH,NO2_LOW + O3_HIGH + PM10_MID,0.022227999480046796,0.2008220786846741,3.60542415710898
HUMIDITY_LOW + RAIN_LOW + TEMP_HIGH,O3_HIGH + PM10_MID,0.03951644352008319,0.357017028772754,3.6043727064944835
HUMIDITY_HIGH + RADIATION_LOW + TEMP_LOW + WIND_LOW,NO2_HIGH + PM10_HIGH + PM25_HIGH,0.016248537631613155,0.3121098626716604,3.5997918643674414
RADIATION_LOW + RAIN_LOW + TEMP_LOW,O3_LOW + PM25_HIGH,0.021708046275835176,0.32270531400966185,3.597930406777288
HUMIDITY_MID + TEMP_LOW + WIND_LOW,O3_LOW + PM25_HIGH,0.008514233718965293,0.3226600985221675,3.597426286856572
HUMIDITY_LOW + RAIN_LOW + TEMP_HIGH + WIND_HIGH,O3_HIGH + PM25_LOW,0.007344339009489146,0.20964749536178107,3.5960271612445522
HUMIDITY_MID + RADIATION_HIGH + RAIN_HIGH + WIND_HIGH,NO2_LOW + PM10_LOW,0.00844923956843884,0.5676855895196506,3.5958873941331184
RADIATION_LOW + RAIN_LOW + TEMP_LOW,O3_LOW + PM10_HIGH + PM25_HIGH,0.017938385545300924,0.26666666666666666,3.5927612375948628
RADIATION_MID + RAIN_HIGH + TEMP_MID + WIND_HIGH,NO2_LOW + PM10_LOW,0.006889379955803978,0.5668449197860963,3.5905623449274917
RADIATION_MID + TEMP_LOW + WIND_LOW,PM25_HIGH,0.008709216170544652,0.48028673835125446,3.5889712269414282
RAIN_MID + TEMP_LOW,O3_LOW + PM25_HIGH,0.006629403353698167,0.3217665615141956,3.5874639967082707
HUMIDITY_HIGH + RADIATION_LOW + RAIN_LOW + TEMP_LOW,NO2_HIGH + PM10_HIGH + PM25_HIGH,0.011568958793708567,0.3106457242582897,3.582904882637215
RAIN_HIGH + TEMP_LOW + WIND_LOW,NO2_HIGH + PM10_MID,0.006044455998960093,0.21933962264150944,3.582547169811321
HUMIDITY_LOW + RADIATION_HIGH + WIND_MID,O3_HIGH + PM25_MID,0.009294163525282725,0.22807017543859648,3.5807017543859647
HUMIDITY_HIGH + TEMP_LOW + WIND_LOW,NO2_HIGH + PM25_HIGH,0.028402443780059794,0.3620546810273405,3.580059975762636
RADIATION_LOW + RAIN_LOW + TEMP_LOW + WIND_LOW,NO2_HIGH + PM25_HIGH,0.01540361367476927,0.3618320610687023,3.5778586706960502
HUMIDITY_HIGH + TEMP_MID + WIND_HIGH,O3_MID + PM10_LOW,0.009814116729494346,0.38618925831202044,3.575155191569643
HUMIDITY_LOW + RADIATION_MID + RAIN_LOW + WIND_LOW,NO2_HIGH + PM10_HIGH,0.0055245027947484725,0.6390977443609023,3.5743940002678456
HUMIDITY_LOW + RADIATION_HIGH + TEMP_HIGH + WIND_HIGH,O3_HIGH + PM25_LOW,0.00519953204211621,0.20833333333333334,3.5734856930509107
RAIN_LOW + TEMP_HIGH + WIND_MID,O3_HIGH + PM25_MID,0.016638502534771872,0.22755555555555557,3.5726222222222224
TEMP_LOW + WIND_LOW,NO2_HIGH + PM10_HIGH + PM25_HIGH,0.036591706746392824,0.3096809680968097,3.571777642531869
RADIATION_LOW + TEMP_LOW + WIND_MID,NO2_HIGH + PM10_MID,0.005069543741063305,0.2184873949579832,3.5686274509803924
HUMIDITY_HIGH + RAIN_LOW + WIND_LOW,O3_LOW + PM10_HIGH,0.028142467177953986,0.47014115092290987,3.5686195106560885
TEMP_LOW + WIND_LOW,NO2_HIGH + PM25_HIGH,0.04263616274535292,0.36083608360836084,3.5680102714641646
RADIATION_LOW + TEMP_LOW,NO2_HIGH + O3_LOW + PM25_HIGH,0.0322370986611205,0.27943661971830985,3.5650181019783713
RADIATION_MID + RAIN_LOW + TEMP_LOW,NO2_HIGH + PM25_HIGH,0.015273625373716366,0.35987748851454826,3.5585315156072235
HUMIDITY_HIGH + RAIN_LOW + TEMP_LOW,NO2_HIGH + PM25_HIGH,0.024762771350578448,0.3597733711048159,3.557501984459317
RADIATION_LOW + RAIN_LOW + TEMP_LOW,NO2_HIGH + O3_LOW + PM10_HIGH + PM25_HIGH,0.01585857272845444,0.23574879227053142,3.5561087430141143
HUMIDITY_HIGH + RADIATION_LOW + RAIN_LOW + TEMP_LOW + WIND_LOW,NO2_HIGH + PM10_HIGH,0.018458338749512544,0.6353467561521253,3.5534151908966196
HUMIDITY_MID + RADIATION_MID + TEMP_LOW,NO2_HIGH + PM10_HIGH,0.012998830105290524,0.6349206349206349,3.5510319479785126
HUMIDITY_HIGH + RAIN_MID,O3_LOW + PM10_HIGH + PM25_HIGH,0.005069543741063305,0.2635135135135135,3.5502792635016798
HUMIDITY_HIGH + TEMP_LOW,NO2_HIGH + O3_LOW + PM10_HIGH + PM25_HIGH,0.03451189392954634,0.23516386182462357,3.547285468660449
RADIATION_LOW + RAIN_HIGH + TEMP_LOW + WIND_LOW,NO2_HIGH + PM25_HIGH,0.006759391654751073,0.3586206896551724,3.546104068788228
HUMIDITY_HIGH + RADIATION_LOW + RAIN_HIGH + TEMP_LOW + WIND_LOW,NO2_HIGH + PM25_HIGH,0.006499415052645262,0.35842293906810035,3.5441486764150336
HUMIDITY_HIGH + RADIATION_LOW + RAIN_HIGH + TEMP_LOW + WIND_LOW,NO2_HIGH + O3_LOW + PM10_HIGH,0.0074743273105420515,0.4121863799283154,3.5330917223270535
RADIATION_MID + TEMP_LOW,NO2_HIGH + PM25_HIGH,0.01683348498635123,0.35724137931034483,3.5324652069851967
HUMIDITY_HIGH + RADIATION_LOW + RAIN_MID + TEMP_LOW,NO2_HIGH + PM10_HIGH,0.005004549590536852,0.6311475409836065,3.5299295040253615
RADIATION_HIGH + TEMP_HIGH,O3_HIGH + PM10_MID,0.041336279734823865,0.34945054945054943,3.5279830405814656
HUMIDITY_LOW + RADIATION_HIGH + RAIN_LOW + TEMP_HIGH + WIND_HIGH,NO2_LOW + O3_HIGH + PM10_LOW,0.00545950864422202,0.26332288401253917,3.5230312116668934
HUMIDITY_LOW + RADIATION_MID + WIND_LOW,NO2_HIGH + PM10_HIGH,0.0055245027947484725,0.6296296296296297,3.521440015078692
HUMIDITY_LOW + RADIATION_HIGH + RAIN_LOW + WIND_MID,O3_HIGH + PM10_MID,0.013193812556869881,0.3487972508591065,3.521387468319037
HUMIDITY_MID + RADIATION_LOW + RAIN_LOW + TEMP_LOW + WIND_LOW,NO2_HIGH + PM10_HIGH,0.006174444300012999,0.6291390728476821,3.5186963921608276
HUMIDITY_MID + RADIATION_LOW + TEMP_LOW,NO2_HIGH + O3_LOW + PM10_HIGH,0.008774210321071103,0.41033434650455924,3.517216855331002
HUMIDITY_HIGH + TEMP_LOW + WIND_LOW,NO2_HIGH + PM10_HIGH + PM25_HIGH,0.023917847393734565,0.30488815244407624,3.5164985858354996
HUMIDITY_MID + RADIATION_HIGH + TEMP_HIGH,O3_HIGH + PM25_LOW,0.008774210321071103,0.20485584218512898,3.513837221694977
RADIATION_HIGH + WIND_HIGH,O3_HIGH + PM25_LOW,0.01488366047055765,0.20464700625558535,3.510255115104165
HUMIDITY_MID + RADIATION_HIGH + RAIN_HIGH,NO2_LOW + PM25_LOW,0.007019368256856883,0.3008356545961003,3.5039041495954573
HUMIDITY_HIGH + RADIATION_MID + RAIN_HIGH,O3_MID + PM10_LOW,0.008904198622124009,0.3784530386740331,3.503536975354196
HUMIDITY_HIGH + RAIN_HIGH + TEMP_LOW + WIND_LOW,NO2_HIGH + PM10_MID,0.005589496945274925,0.2144638403990025,3.502909393183707
RADIATION_MID + RAIN_HIGH + TEMP_MID,O3_MID + PM10_LOW,0.010074093331600156,0.3780487804878049,3.499794546681929
HUMIDITY_LOW + RADIATION_HIGH + RAIN_LOW,O3_HIGH + PM25_MID,0.02079812816846484,0.22284122562674094,3.498607242339833
HUMIDITY_HIGH + RAIN_LOW + WIND_LOW,NO2_HIGH + PM10_HIGH + PM25_HIGH,0.01813336799688028,0.30293159609120524,3.493932187000962
RADIATION_HIGH + RAIN_LOW + WIND_MID,O3_HIGH + PM25_MID,0.011958923696867282,0.22249093107617895,3.4931076178960097
RADIATION_HIGH + TEMP_HIGH + WIND_HIGH,O3_HIGH + PM25_MID,0.00994410503054725,0.22238372093023256,3.4914244186046512
HUMIDITY_HIGH + RADIATION_LOW + RAIN_HIGH + TEMP_LOW,NO2_HIGH + O3_LOW + PM25_HIGH,0.009229169374756272,0.27360308285163776,3.490594554523465
HUMIDITY_HIGH + RAIN_LOW + TEMP_LOW + WIND_LOW,PM10_HIGH + PM25_HIGH,0.01761341479266866,0.38549075391180654,3.488918082168856
HUMIDITY_HIGH + RADIATION_LOW + RAIN_LOW,NO2_HIGH + PM25_HIGH,0.015338619524242819,0.35276532137518685,3.488205163675209
RADIATION_LOW + RAIN_HIGH + TEMP_LOW + WIND_LOW,NO2_HIGH + O3_LOW + PM10_HIGH,0.007669309762121409,0.4068965517241379,3.4877494957256747
RADIATION_HIGH + RAIN_LOW + TEMP_HIGH + WIND_HIGH,NO2_LOW + O3_HIGH + PM10_LOW,0.007214350708436241,0.2605633802816901,3.486111451316595
HUMIDITY_MID + RADIATION_LOW + RAIN_LOW,NO2_HIGH + O3_LOW + PM10_HIGH,0.008059274665280124,0.4065573770491803,3.4848422302388236
HUMIDITY_MID + RADIATION_LOW + TEMP_LOW + WIND_LOW,NO2_HIGH + PM10_HIGH,0.006759391654751073,0.6227544910179641,3.482988222029224
RAIN_LOW + TEMP_HIGH + WIND_HIGH,O3_HIGH + PM25_LOW,0.009749122578967893,0.20215633423180593,3.467533287057487
RADIATION_LOW + TEMP_LOW + WIND_LOW,NO2_HIGH + PM10_HIGH + PM25_HIGH,0.020083192512673858,0.3005836575875486,3.4668516908860743
HUMIDITY_LOW + RAIN_LOW + TEMP_HIGH + WIND_HIGH,O3_HIGH + PM25_MID,0.0077343039126478615,0.22077922077922077,3.466233766233766
RADIATION_LOW + TEMP_LOW,NO2_HIGH + O3_LOW + PM10_HIGH,0.04660080592746653,0.40394366197183096,3.4624385421162067
HUMIDITY_MID + RAIN_HIGH + TEMP_MID + WIND_HIGH,NO2_LOW + PM10_LOW,0.0077343039126478615,0.5458715596330275,3.4577109166380238
RAIN_HIGH + TEMP_HIGH + WIND_HIGH,O3_HIGH + PM25_LOW,0.006824385805277525,0.20114942528735633,3.4502620484629483
RADIATION_LOW + RAIN_LOW + TEMP_LOW + WIND_LOW,NO2_HIGH + PM10_HIGH,0.02625763681268686,0.616793893129771,3.4496513412194316
RADIATION_LOW + RAIN_LOW,NO2_HIGH + O3_LOW + PM10_HIGH,0.03295203431691148,0.40238095238095245,3.4490436397400193
RADIATION_HIGH + RAIN_LOW + TEMP_HIGH + WIND_MID,NO2_LOW + PM10_MID,0.01189392954634083,0.2815384615384615,3.4488461538461537
RAIN_HIGH + TEMP_HIGH + WIND_HIGH,O3_HIGH + PM10_LOW,0.010594046535811776,0.31226053639846746,3.446514069603171
HUMIDITY_LOW + RADIATION_HIGH + TEMP_MID + WIND_HIGH,O3_HIGH + PM10_LOW,0.005134537891589757,0.3122529644268775,3.4464304954605
HUMIDITY_LOW + RADIATION_HIGH + WIND_MID,O3_HIGH + PM10_MID,0.01390874821266086,0.3413078149920255,3.4457756177606984
TEMP_HIGH + WIND_HIGH,O3_HIGH + PM25_LOW,0.01683348498635123,0.2007751937984496,3.443842956279761
RADIATION_HIGH + RAIN_HIGH + WIND_HIGH,NO2_LOW + PM10_LOW + PM25_LOW,0.0055245027947484725,0.24147727272727273,3.4401567760942764
HUMIDITY_MID + TEMP_HIGH + WIND_HIGH,O3_HIGH + PM10_LOW,0.010724034836864682,0.3113207547169811,3.4361414146882865
HUMIDITY_HIGH + RADIATION_LOW + RAIN_HIGH + TEMP_LOW,NO2_HIGH + PM10_MID,0.007084362407383336,0.21001926782273603,3.4303147077713554
RADIATION_LOW + RAIN_LOW + WIND_LOW,NO2_HIGH + PM10_HIGH + PM25_HIGH,0.014493695567398934,0.29733333333333334,3.429363318340829
RADIATION_LOW + RAIN_HIGH + TEMP_LOW,O3_LOW + PM25_HIGH,0.011568958793708567,0.306368330464716,3.415784878645015
HUMIDITY_MID + RAIN_HIGH + WIND_HIGH,O3_HIGH + PM10_LOW,0.01169894709476147,0.30927835051546393,3.413598781227351
HUMIDITY_HIGH + RADIATION_LOW + RAIN_LOW,NO2_HIGH + PM10_HIGH + PM25_HIGH,0.012868841804237618,0.29596412556053814,3.413571241285187
HUMIDITY_LOW + RADIATION_HIGH + RAIN_LOW + TEMP_HIGH + WIND_MID,NO2_LOW + PM10_MID,0.008384245417912387,0.27801724137931033,3.405711206896552
HUMIDITY_MID + RADIATION_HIGH + RAIN_HIGH,NO2_LOW + PM10_LOW,0.012543871051605355,0.5376044568245125,3.405344657349506
RADIATION_LOW + RAIN_HIGH + TEMP_LOW,NO2_HIGH + PM10_MID,0.007864292213700767,0.2082616179001721,3.4016064257028114
HUMIDITY_HIGH + RADIATION_LOW + RAIN_LOW + TEMP_LOW + WIND_LOW,PM10_HIGH + PM25_HIGH,0.01091901728844404,0.37583892617449666,3.401563363600474
HUMIDITY_HIGH + RADIATION_LOW + RAIN_HIGH + TEMP_LOW + WIND_LOW,O3_LOW + PM10_HIGH,0.008124268815806577,0.44802867383512546,3.400774136964598
HUMIDITY_MID + RADIATION_HIGH + TEMP_HIGH,O3_HIGH + PM10_LOW,0.013193812556869881,0.30804248861911987,3.3999581993499124
RADIATION_MID + RAIN_LOW + TEMP_LOW,NO2_HIGH + O3_LOW + PM10_HIGH + PM25_HIGH,0.009554140127388535,0.225114854517611,3.3957030898117284
HUMIDITY_LOW + RADIATION_HIGH + RAIN_LOW + TEMP_HIGH + WIND_HIGH,O3_HIGH + PM10_MID,0.00695437410633043,0.335423197492163,3.3863656933165482
RADIATION_LOW + TEMP_LOW,O3_LOW + PM10_HIGH,0.05134537891589757,0.4450704225352113,3.3783194480151755
RADIATION_LOW + RAIN_LOW + WIND_LOW,NO2_HIGH + PM25_HIGH,0.016638502534771872,0.3413333333333333,3.3751636675235646
HUMIDITY_HIGH + RADIATION_LOW + RAIN_LOW + WIND_LOW,NO2_HIGH + PM10_HIGH,0.019953204211620956,0.6031434184675835,3.3733059384013955
RAIN_HIGH + TEMP_MID + WIND_HIGH,O3_MID + PM25_LOW,0.009229169374756272,0.22362204724409449,3.3731851165663116
RADIATION_MID + TEMP_LOW,NO2_HIGH + O3_LOW + PM10_HIGH + PM25_HIGH,0.010529052385285325,0.22344827586206897,3.3705638945233267
HUMIDITY_HIGH + RAIN_HIGH + TEMP_LOW,O3_LOW + PM25_HIGH,0.016638502534771872,0.3018867924528302,3.365818977303801
RAIN_HIGH + TEMP_MID + WIND_HIGH,NO2_LOW + PM10_LOW + PM25_LOW,0.009749122578967893,0.23622047244094488,3.3652668416447944
HUMIDITY_HIGH + RAIN_MID + TEMP_LOW,NO2_HIGH + PM10_HIGH,0.008124268815806577,0.6009615384615384,3.3611029555686045
HUMIDITY_HIGH + RADIATION_LOW + RAIN_HIGH + WIND_LOW,NO2_HIGH + PM10_MID,0.006044455998960093,0.20575221238938052,3.3606194690265485
RADIATION_HIGH + RAIN_LOW + WIND_MID,O3_HIGH + PM10_MID,0.01787339139477447,0.33252720677146314,3.3571283486783017
HUMIDITY_LOW + RADIATION_HIGH,O3_HIGH + PM25_MID,0.022163005329520345,0.21379310344827587,3.356551724137931
RADIATION_LOW + RAIN_HIGH + TEMP_LOW + WIND_LOW,O3_LOW + PM10_HIGH,0.008319251267385936,0.4413793103448276,3.3503019580490956
RADIATION_HIGH + RAIN_LOW,O3_HIGH + PM25_MID,0.02684258416742493,0.21321631388745485,3.347496128033041
RADIATION_LOW + TEMP_LOW,O3_LOW + PM10_HIGH + PM25_HIGH,0.028662420382165606,0.24845070422535212,3.347340223477467
HUMIDITY_LOW + TEMP_HIGH + WIND_HIGH,O3_HIGH + PM25_MID,0.008904198622124009,0.2130637636080871,3.3451010886469676
RAIN_MID + TEMP_LOW,NO2_HIGH + O3_LOW + PM25_HIGH,0.0053945144936955675,0.2618296529968454,3.340390581268212
RAIN_HIGH + TEMP_LOW + WIND_LOW,NO2_HIGH + PM25_HIGH,0.009294163525282725,0.33726415094339623,3.3349268807294954
HUMIDITY_LOW + RADIATION_HIGH + TEMP_HIGH + WIND_MID,NO2_LOW + PM10_MID,0.008774210321071103,0.2721774193548387,3.334173387096774
HUMIDITY_HIGH + RAIN_MID,O3_LOW + PM10_HIGH,0.00844923956843884,0.4391891891891892,3.3336777823704318
RADIATION_HIGH + RAIN_HIGH + WIND_HIGH,NO2_LOW + PM10_LOW,0.012023917847393735,0.5255681818181818,3.329103353418915
HUMIDITY_HIGH + RAIN_LOW + WIND_LOW,NO2_HIGH + PM25_HIGH,0.020148186663200313,0.33659066232356133,3.3282673075259095
HUMIDITY_MID + RADIATION_HIGH + RAIN_HIGH + TEMP_HIGH,NO2_LOW + PM25_LOW,0.005069543741063305,0.2857142857142857,3.32778198334595
HUMIDITY_MID + RADIATION_LOW + RAIN_LOW + WIND_LOW,NO2_HIGH + PM10_HIGH,0.006564409203171715,0.5941176470588235,3.322825924262835
HUMIDITY_MID + RADIATION_HIGH,O3_HIGH + PM10_LOW,0.01689847913687768,0.30057803468208094,3.317570761562767
RADIATION_LOW + RAIN_HIGH + TEMP_LOW,NO2_HIGH + O3_LOW + PM25_HIGH,0.009814116729494346,0.25989672977624784,3.3157305840276527
HUMIDITY_HIGH + RAIN_MID,O3_LOW + PM25_HIGH,0.00571948524632783,0.2972972972972973,3.3146494320407367
RADIATION_LOW + RAIN_LOW,O3_LOW + PM10_HIGH,0.03574678278954894,0.4365079365079365,3.313325659156937
HUMIDITY_LOW + RADIATION_HIGH + TEMP_HIGH + WIND_HIGH,O3_HIGH + PM10_MID,0.00818926296633303,0.328125,3.3126845472440944
HUMIDITY_HIGH + RAIN_HIGH + TEMP_LOW + WIND_LOW,NO2_HIGH + O3_LOW + PM10_HIGH + PM25_HIGH,0.00571948524632783,0.2194513715710723,3.310273336267175
HUMIDITY_HIGH + RAIN_HIGH + TEMP_LOW + WIND_LOW,NO2_HIGH + PM25_HIGH,0.008709216170544652,0.3341645885286783,3.304277865746944
HUMIDITY_MID + RADIATION_HIGH + TEMP_HIGH + WIND_MID,O3_HIGH + PM10_MID,0.005784479396854283,0.3272058823529412,3.3034053188204417
RAIN_LOW + TEMP_HIGH + WIND_HIGH,O3_HIGH + PM25_MID,0.01013908748212661,0.21024258760107817,3.300808625336927
HUMIDITY_LOW + RADIATION_HIGH + WIND_HIGH,NO2_LOW + O3_HIGH + PM10_LOW,0.011113999740023398,0.24639769452449567,3.2965868938729477
RAIN_HIGH + TEMP_MID + WIND_HIGH,O3_MID + PM10_LOW,0.014688678018978291,0.35590551181102364,3.2948027705923044
RADIATION_HIGH + RAIN_LOW + TEMP_HIGH + WIND_HIGH,O3_HIGH + PM10_MID,0.009034186923176915,0.32629107981220656,3.294169654849482
HUMIDITY_HIGH + RAIN_HIGH + TEMP_LOW + WIND_LOW,O3_LOW + PM10_HIGH + PM25_HIGH,0.006369426751592357,0.24438902743142144,3.2926178424341943
HUMIDITY_MID + RAIN_LOW + TEMP_LOW + WIND_LOW,NO2_HIGH + PM10_HIGH,0.014298713115819576,0.5882352941176471,3.2899266576859754
RADIATION_MID + TEMP_MID + WIND_HIGH,O3_MID + PM10_LOW,0.009489145976862082,0.35523114355231145,3.2885597922357785
RADIATION_LOW + RAIN_HIGH + WIND_LOW,NO2_HIGH + PM10_MID,0.006174444300012999,0.20127118644067796,3.2874293785310735
HUMIDITY_HIGH + RAIN_LOW + TEMP_LOW,PM10_HIGH + PM25_HIGH,0.024957753802157805,0.3626062322946176,3.281799700049992
RADIATION_LOW + TEMP_LOW,NO2_HIGH + O3_LOW + PM10_HIGH + PM25_HIGH,0.02508774210321071,0.21746478873239436,3.280307097486882
HUMIDITY_MID + RADIATION_HIGH + RAIN_HIGH + TEMP_HIGH + WIND_HIGH,NO2_LOW + PM10_LOW,0.0056544910958013775,0.5178571428571429,3.2802593659942363
HUMIDITY_HIGH + RAIN_LOW,O3_LOW + PM10_HIGH,0.04120629143377096,0.4318801089918256,3.2781980054011983
HUMIDITY_LOW + TEMP_HIGH,O3_HIGH + PM10_MID,0.04315611594956454,0.32469437652811733,3.278049656995809
HUMIDITY_LOW + RADIATION_HIGH + TEMP_HIGH + WIND_HIGH,O3_HIGH + PM10_LOW,0.007409333160015599,0.296875,3.276699246771879
HUMIDITY_MID + RAIN_LOW + TEMP_LOW,NO2_HIGH + O3_LOW + PM10_HIGH + PM25_HIGH,0.011828935395814377,0.2169249106078665,3.2721634064829748
HUMIDITY_HIGH + RADIATION_LOW + RAIN_LOW + TEMP_LOW,NO2_HIGH + PM10_HIGH,0.021773040426361627,0.5846422338568935,3.2698311196372822
RAIN_LOW + TEMP_LOW + WIND_LOW,PM10_HIGH + PM25_HIGH,0.029962303392694657,0.3610023492560689,3.2672836150905153
RADIATION_LOW + RAIN_LOW + WIND_LOW,NO2_HIGH + PM10_HIGH,0.02846743793058625,0.584,3.266239185750636
HUMIDITY_HIGH + RAIN_LOW,NO2_HIGH + O3_LOW + PM10_HIGH,0.03633173014428701,0.3807901907356948,3.263976531843677
HUMIDITY_HIGH + WIND_LOW,NO2_HIGH + O3_LOW + PM25_HIGH,0.03022227999480047,0.25577557755775576,3.263153429770838
HUMIDITY_MID + RADIATION_LOW + WIND_LOW,NO2_HIGH + PM10_HIGH,0.007279344858962694,0.5833333333333334,3.2625106022052592
RADIATION_HIGH + TEMP_HIGH + WIND_MID,NO2_LOW + PM10_MID,0.01390874821266086,0.26616915422885573,3.2605721393034828
HUMIDITY_MID + RADIATION_LOW + TEMP_LOW,NO2_HIGH + O3_LOW + PM25_HIGH,0.00545950864422202,0.2553191489361702,3.2573303694294484
HUMIDITY_HIGH + RADIATION_LOW + RAIN_LOW + WIND_LOW,PM10_HIGH + PM25_HIGH,0.01189392954634083,0.35952848722986247,3.2539442967756846
HUMIDITY_HIGH + RADIATION_LOW + RAIN_LOW + TEMP_LOW,PM10_HIGH + PM25_HIGH,0.01338879500844924,0.35951134380453753,3.253789138692126
RADIATION_LOW + RAIN_LOW,NO2_HIGH + O3_LOW + PM25_HIGH,0.02086312231899129,0.25476190476190474,3.250221116639027
HUMIDITY_MID + RAIN_HIGH,NO2_LOW + O3_HIGH + PM10_LOW,0.018393344598986092,0.24250214224507283,3.244467791811035
HUMIDITY_HIGH + WIND_LOW,O3_LOW + PM25_HIGH,0.034381905628493435,0.290979097909791,3.2442060872753946
HUMIDITY_HIGH + RAIN_MID,NO2_HIGH + O3_LOW + PM10_HIGH,0.007279344858962694,0.3783783783783784,3.243303470601521
RADIATION_HIGH + RAIN_HIGH + WIND_HIGH,NO2_LOW + PM25_LOW,0.006369426751592357,0.2784090909090909,3.242696648544491
HUMIDITY_HIGH + RADIATION_LOW + TEMP_LOW,NO2_HIGH + PM25_HIGH,0.025867671909528142,0.32784184514003295,3.2417574738589634
RAIN_LOW + TEMP_HIGH + WIND_MID,O3_HIGH + PM10_MID,0.023462888340049396,0.3208888888888889,3.2396302128900554
RADIATION_HIGH + RAIN_LOW + TEMP_HIGH + WIND_HIGH,O3_HIGH + PM10_LOW,0.008124268815806577,0.2934272300469484,3.2386451660705506
HUMIDITY_MID + RAIN_LOW + TEMP_LOW,NO2_HIGH + O3_LOW + PM10_HIGH,0.02060314571688548,0.3778307508939213,3.2386094335676177
HUMIDITY_HIGH + WIND_LOW,O3_LOW + PM10_HIGH + PM25_HIGH,0.028402443780059794,0.2403740374037404,3.2385244654062606
RADIATION_LOW + TEMP_MID + WIND_HIGH,NO2_MID + PM10_LOW,0.005004549590536852,0.30434782608695654,3.238378735943232
RADIATION_MID + RAIN_LOW + TEMP_LOW,NO2_HIGH + PM10_HIGH,0.02456778889899909,0.5788667687595712,3.237529663444116
RAIN_HIGH + TEMP_HIGH,NO2_LOW + O3_HIGH + PM10_LOW,0.019238268555829975,0.2416326530612245,3.2328347826086956
HUMIDITY_MID + RADIATION_LOW + TEMP_LOW,O3_LOW + PM10_HIGH,0.009099181073703366,0.425531914893617,3.2300118611510564
RADIATION_LOW + RAIN_LOW,O3_LOW + PM25_HIGH,0.023722864942155204,0.2896825396825397,3.22975040257649
HUMIDITY_HIGH + WIND_LOW,NO2_HIGH + O3_LOW + PM10_HIGH + PM25_HIGH,0.025282724554790068,0.21397139713971397,3.2276116827369012
RAIN_LOW + TEMP_LOW,NO2_HIGH + O3_LOW + PM10_HIGH + PM25_HIGH,0.04296113349798518,0.21377749029754203,3.2246867310960607
RADIATION_HIGH + RAIN_HIGH,NO2_LOW + PM10_LOW + PM25_LOW,0.008384245417912387,0.22591943957968477,3.218515275345398
RADIATION_HIGH + WIND_MID,O3_HIGH + PM10_MID,0.0211230989210971,0.31800391389432486,3.210504080825513
HUMIDITY_HIGH + TEMP_LOW,O3_LOW + PM10_HIGH,0.06206941375276225,0.4229406554472985,3.210342834095774
HUMIDITY_MID + TEMP_LOW + WIND_LOW,NO2_HIGH + PM10_HIGH,0.01514363707266346,0.5738916256157636,3.209704308151268
HUMIDITY_MID + RADIATION_MID + RAIN_LOW + TEMP_LOW + WIND_LOW,PM10_HIGH,0.006239438450539451,0.8,3.209595827900913
RAIN_HIGH + TEMP_LOW + WIND_LOW,NO2_HIGH + O3_LOW + PM10_HIGH + PM25_HIGH,0.005849473547380735,0.21226415094339623,3.2018590455049947
HUMIDITY_HIGH + RADIATION_LOW,O3_LOW + PM25_HIGH,0.03405693487586117,0.28696604600219056,3.1994634665142785
RAIN_LOW + TEMP_LOW,NO2_HIGH + O3_LOW + PM10_HIGH,0.07500324970752632,0.37322121604139713,3.1990984011214127
RADIATION_LOW + RAIN_LOW,O3_LOW + PM10_HIGH + PM25_HIGH,0.019433251007409332,0.2373015873015873,3.1971297917882855
HUMIDITY_LOW + RADIATION_HIGH + WIND_HIGH,O3_HIGH + PM10_LOW,0.013063824255816977,0.2896253602305475,3.1966827779822125
HUMIDITY_HIGH + RADIATION_LOW + RAIN_LOW + TEMP_LOW,PM25_HIGH,0.01592356687898089,0.42757417102966844,3.1950734315019322
HUMIDITY_MID + RAIN_LOW + TEMP_LOW,NO2_HIGH + O3_LOW + PM25_HIGH,0.01364877161055505,0.25029797377830754,3.1932708329627197
RADIATION_MID + TEMP_MID + WIND_HIGH,O3_MID + PM25_LOW,0.0056544910958013775,0.2116788321167883,3.193029912695005
HUMIDITY_MID + RADIATION_MID + RAIN_LOW + TEMP_LOW,NO2_HIGH + O3_LOW + PM10_HIGH,0.007214350708436241,0.3724832214765101,3.1927726159540857
HUMIDITY_HIGH + TEMP_LOW,NO2_HIGH + O3_LOW + PM10_HIGH,0.05466008059274665,0.3724534986713906,3.1925178443220146
RAIN_HIGH + TEMP_HIGH,O3_HIGH + PM10_LOW,0.023007929286364227,0.2889795918367347,3.189555236728838
HUMIDITY_MID + RADIATION_MID + RAIN_LOW + TEMP_LOW,PM10_HIGH + PM25_HIGH,0.006824385805277525,0.3523489932885906,3.188965653375444
RADIATION_LOW + TEMP_LOW + WIND_LOW,NO2_HIGH + PM10_HIGH,0.038086572208501236,0.5700389105058365,3.1881565529054168
HUMIDITY_LOW + RADIATION_HIGH + RAIN_LOW + WIND_HIGH,NO2_LOW + O3_HIGH + PM10_LOW,0.009164175224229819,0.23817567567567569,3.1865834312573442
HUMIDITY_MID + RADIATION_LOW + RAIN_LOW,O3_LOW + PM10_HIGH,0.008319251267385936,0.419672131147541,3.185533009292583
RADIATION_HIGH + RAIN_HIGH,NO2_LOW + PM10_LOW,0.0186533212010919,0.5026269702276708,3.1837869756784447
HUMIDITY_HIGH + RAIN_LOW + TEMP_LOW + WIND_LOW,PM25_HIGH,0.019433251007409332,0.42532005689900426,3.1782294295522484
RAIN_HIGH + TEMP_LOW + WIND_LOW,O3_LOW + PM10_HIGH + PM25_HIGH,0.006499415052645262,0.2358490566037736,3.177560056835079
HUMIDITY_MID + RADIATION_MID + TEMP_LOW + WIND_LOW,PM10_HIGH,0.006434420902118809,0.792,3.177499869621904
HUMIDITY_HIGH + RADIATION_LOW + TEMP_LOW + WIND_LOW,NO2_HIGH + PM10_HIGH,0.029572338489535943,0.568039950062422,3.176976616379653
HUMIDITY_HIGH + RAIN_HIGH + TEMP_LOW,NO2_HIGH + O3_LOW + PM25_HIGH,0.013713765761081503,0.24882075471698112,3.1744246534622484
RADIATION_HIGH + RAIN_LOW + WIND_HIGH,NO2_LOW + O3_HIGH + PM10_LOW,0.01143897049265566,0.2371967654986523,3.173486464315012
RADIATION_MID + TEMP_LOW,NO2_HIGH + PM10_HIGH,0.026712595866372025,0.5668965517241379,3.170581732034746
RADIATION_LOW + RAIN_MID + TEMP_LOW,NO2_HIGH + PM10_HIGH,0.005784479396854283,0.5668789808917197,3.1704834605597965
HUMIDITY_MID + RADIATION_HIGH + RAIN_LOW,O3_HIGH + PM10_MID,0.009489145976862082,0.3139784946236559,3.1698642508396127
HUMIDITY_HIGH + RADIATION_LOW + TEMP_LOW + WIND_MID,NO2_HIGH + O3_LOW + PM10_HIGH,0.0055245027947484725,0.3695652173913043,3.1677606879011746
RADIATION_MID + TEMP_LOW,NO2_HIGH + O3_LOW + PM25_HIGH,0.01169894709476147,0.2482758620689655,3.1674729799279464
RADIATION_MID + RAIN_LOW + TEMP_LOW + WIND_MID,NO2_HIGH + PM10_HIGH,0.008384245417912387,0.5657894736842105,3.164389982590063
HUMIDITY_HIGH + RAIN_HIGH + TEMP_LOW + WIND_LOW,NO2_HIGH + O3_LOW + PM10_HIGH,0.009619134277914988,0.3690773067331671,3.163578518883849
HUMIDITY_LOW + TEMP_HIGH + WIND_HIGH,NO2_LOW + O3_HIGH + PM10_LOW,0.009879110880020798,0.2363919129082426,3.162718236527148
HUMIDITY_MID + RADIATION_MID + TEMP_LOW,PM10_HIGH + PM25_HIGH,0.007149356557909788,0.3492063492063492,3.1605228758169934
RADIATION_LOW + RAIN_LOW,NO2_HIGH + O3_LOW + PM10_HIGH + PM25_HIGH,0.017158455738983492,0.20952380952380953,3.1605228758169934
HUMIDITY_HIGH + RADIATION_LOW + RAIN_LOW + TEMP_LOW + WIND_LOW,PM25_HIGH,0.012283894449499545,0.4228187919463087,3.1595385783807215
HUMIDITY_MID + RADIATION_HIGH + RAIN_LOW + TEMP_HIGH,NO2_LOW + PM10_MID,0.005979461848433641,0.25770308123249297,3.156862745098039
TEMP_HIGH + WIND_HIGH,NO2_LOW + O3_HIGH + PM10_LOW,0.019758221760041595,0.23565891472868217,3.152911358274351
RAIN_LOW + TEMP_HIGH,O3_HIGH + PM10_MID,0.06362927336539712,0.3121811224489796,3.1517183398950133
HUMIDITY_HIGH + RADIATION_LOW + RAIN_MID,NO2_HIGH + PM10_HIGH,0.00519953204211621,0.5633802816901409,3.1509156721499485
RADIATION_MID + RAIN_HIGH + WIND_HIGH,O3_MID + PM10_LOW,0.006434420902118809,0.3402061855670103,3.1494659272767875
HUMIDITY_LOW + RADIATION_HIGH + RAIN_LOW + TEMP_HIGH + WIND_HIGH,O3_HIGH + PM10_LOW,0.005914467697907188,0.2852664576802508,3.148572250981591
HUMIDITY_HIGH + RAIN_HIGH + TEMP_MID + WIND_HIGH,PM10_LOW + PM25_LOW,0.008254257116859483,0.3587570621468927,3.146998949938478
RADIATION_MID + RAIN_LOW + TEMP_LOW,NO2_HIGH + O3_LOW + PM25_HIGH,0.010464058234758872,0.24655436447166923,3.145510324843369
HUMIDITY_HIGH + RADIATION_LOW + TEMP_LOW + WIND_LOW,PM25_HIGH,0.021903028727414533,0.4207240948813982,3.1438858299393844
HUMIDITY_MID + RAIN_LOW + TEMP_LOW,NO2_HIGH + PM10_HIGH + PM25_HIGH,0.014818666320031197,0.27175208581644816,3.134316036260773
HUMIDITY_MID + RADIATION_HIGH + RAIN_HIGH + TEMP_HIGH,NO2_LOW + PM10_LOW,0.008774210321071103,0.4945054945054945,3.132343161161605
HUMIDITY_MID + RADIATION_MID + TEMP_LOW,NO2_HIGH + O3_LOW + PM10_HIGH,0.0074743273105420515,0.36507936507936506,3.1293098112039615
RAIN_LOW + TEMP_LOW,O3_LOW + PM10_HIGH + PM25_HIGH,0.04666580007799298,0.23221216041397155,3.1285606831255395
HUMIDITY_MID + RADIATION_HIGH + WIND_HIGH,NO2_LOW + PM10_LOW + PM25_LOW,0.0053945144936955675,0.21957671957671956,3.1281550068587105
RAIN_LOW + TEMP_LOW + WIND_LOW,NO2_HIGH + PM10_HIGH,0.04640582347588717,0.5591229444009397,3.1271049155044923
HUMIDITY_MID + RADIATION_HIGH + TEMP_HIGH,O3_HIGH + PM10_MID,0.013258806707396334,0.3095599393019727,3.1252553977035116
RADIATION_HIGH + RAIN_LOW + WIND_HIGH,O3_HIGH + PM10_LOW,0.01364877161055505,0.2830188679245283,3.123764922443897
HUMIDITY_HIGH + RADIATION_LOW + WIND_LOW,NO2_HIGH + PM25_HIGH,0.021513063824255815,0.31583969465648853,3.123078111815381
HUMIDITY_MID + RAIN_LOW + TEMP_LOW + WIND_LOW,PM10_HIGH + PM25_HIGH,0.008384245417912387,0.3449197860962567,3.1217269581629443
HUMIDITY_LOW + RADIATION_MID + RAIN_LOW + TEMP_LOW,NO2_HIGH + PM25_HIGH,0.005329520343169115,0.3153846153846154,3.118578208423967
RADIATION_HIGH + RAIN_LOW,O3_HIGH + PM10_MID,0.038866502014818664,0.30872483221476515,3.1168243231341055
RADIATION_LOW + RAIN_HIGH + TEMP_MID,NO2_MID + PM10_LOW,0.009034186923176915,0.2926315789473684,3.1137133289655674
HUMIDITY_LOW + RADIATION_HIGH + RAIN_LOW + WIND_HIGH,O3_HIGH + PM10_LOW,0.010854023137917588,0.28209459459459457,3.1135634378998795
HUMIDITY_MID + RADIATION_HIGH + WIND_HIGH,NO2_LOW + PM25_LOW,0.006564409203171715,0.2671957671957672,3.1120924103513055
HUMIDITY_HIGH + RAIN_LOW + TEMP_LOW,PM25_HIGH,0.028662420382165606,0.4164305949008499,3.111802395893383
HUMIDITY_HIGH + RADIATION_LOW + RAIN_LOW,PM10_HIGH + PM25_HIGH,0.014948654621084103,0.34379671150971597,3.111562472522641
HUMIDITY_HIGH + TEMP_LOW + WIND_MID,O3_LOW + PM25_HIGH,0.007019368256856883,0.27906976744186046,3.1114256825075834
HUMIDITY_HIGH + RAIN_LOW + TEMP_LOW + WIND_LOW,NO2_HIGH + PM10_HIGH,0.025412712855842973,0.5561877667140825,3.1106888326655304
HUMIDITY_LOW + RADIATION_HIGH + RAIN_LOW + TEMP_HIGH + WIND_HIGH,NO2_LOW + PM10_MID,0.0052645261926426625,0.25391849529780564,3.1105015673981193
HUMIDITY_HIGH + RAIN_HIGH + TEMP_LOW + WIND_LOW,O3_LOW + PM10_HIGH,0.01065904068633823,0.4089775561097257,3.1043555393706166
HUMIDITY_HIGH + RADIATION_MID + TEMP_MID,O3_MID + PM10_LOW,0.0076043156115949565,0.335243553008596,3.103524251859361
HUMIDITY_LOW + RADIATION_HIGH + RAIN_LOW,O3_HIGH + PM10_MID,0.028662420382165606,0.3071030640668524,3.100451275415086
HUMIDITY_MID + RAIN_HIGH + TEMP_MID,NO2_LOW + PM10_LOW + PM25_LOW,0.006109450149486546,0.2175925925925926,3.0998885459533607
HUMIDITY_HIGH + RADIATION_LOW + TEMP_LOW + WIND_LOW,PM10_HIGH + PM25_HIGH,0.017808397244248018,0.34207240948813983,3.0959565249320704
HUMIDITY_HIGH + RAIN_LOW,NO2_HIGH + PM10_HIGH + PM25_HIGH,0.02560769530742233,0.2683923705722071,3.095565977229369
HUMIDITY_LOW + RADIATION_HIGH + TEMP_HIGH + WIND_HIGH,NO2_LOW + PM10_MID,0.006304432601065904,0.2526041666666667,3.094401041666667
HUMIDITY_HIGH + RADIATION_LOW + RAIN_LOW,NO2_HIGH + PM10_HIGH,0.02404783569478747,0.5530642750373692,3.0932195331606556
HUMIDITY_MID + RAIN_LOW + TEMP_LOW,NO2_HIGH + PM25_HIGH,0.017028467437930586,0.31227651966626935,3.087844814643458
HUMIDITY_HIGH + RADIATION_LOW + RAIN_HIGH + TEMP_MID,NO2_MID + PM10_LOW,0.007994280514753671,0.2900943396226415,3.0867161199404993
HUMIDITY_MID + RAIN_HIGH + WIND_HIGH,NO2_LOW + PM10_LOW + PM25_LOW,0.00818926296633303,0.21649484536082475,3.084249713631157
HUMIDITY_HIGH + RADIATION_LOW + RAIN_LOW,PM25_HIGH,0.017938385545300924,0.4125560538116592,3.0828496570889694
HUMIDITY_HIGH + TEMP_LOW + WIND_LOW,PM10_HIGH + PM25_HIGH,0.026712595866372025,0.34051367025683515,3.0818490179833327
RADIATION_LOW + RAIN_LOW + TEMP_LOW + WIND_LOW,PM10_HIGH + PM25_HIGH,0.014493695567398934,0.34045801526717556,3.0813453075886845
RADIATION_HIGH + RAIN_LOW + TEMP_HIGH,NO2_LOW + PM10_MID,0.022227999480046796,0.25128581925055105,3.0782512858192503
HUMIDITY_MID + TEMP_LOW + WIND_LOW,PM10_HIGH + PM25_HIGH,0.008969192772650462,0.3399014778325123,3.07630831643002
RAIN_LOW + TEMP_LOW,O3_LOW + PM10_HIGH,0.08143767060964513,0.4052393272962484,3.07598040936363
RADIATION_MID + TEMP_LOW + WIND_MID,NO2_HIGH + PM25_HIGH,0.005134537891589757,0.31102362204724404,3.0754559439710136
RADIATION_MID + RAIN_LOW + TEMP_LOW,O3_LOW + PM10_HIGH + PM25_HIGH,0.00968412842844144,0.22817764165390506,3.074204198324854
HUMIDITY_LOW + RADIATION_MID + TEMP_MID,O3_MID + PM10_LOW,0.00571948524632783,0.3320754716981132,3.0741956724110526
RAIN_HIGH + TEMP_LOW + WIND_LOW,NO2_HIGH + O3_LOW + PM10_HIGH,0.009879110880020798,0.3584905660377358,3.072833342092815
HUMIDITY_HIGH + RADIATION_LOW + RAIN_LOW + WIND_LOW,PM25_HIGH,0.013583777460028597,0.4106090373280943,3.0683004605779787
HUMIDITY_HIGH + RAIN_LOW + WIND_LOW,PM10_HIGH + PM25_HIGH,0.02027817496425322,0.33876221498371334,3.065997317493773
RAIN_LOW + TEMP_LOW,NO2_HIGH + O3_LOW + PM25_HIGH,0.048290653841154295,0.24029754204398449,3.065686552146555
RADIATION_MID + TEMP_LOW,NO2_HIGH + O3_LOW + PM10_HIGH,0.01683348498635123,0.35724137931034483,3.0621258284506774
RADIATION_MID + TEMP_LOW + WIND_MID,NO2_HIGH + PM10_HIGH,0.009034186923176915,0.5472440944881889,3.0606679890204562
RADIATION_HIGH + RAIN_HIGH,NO2_LOW + PM25_LOW,0.009749122578967893,0.2626970227670753,3.0596944680501292
HUMIDITY_HIGH + RADIATION_LOW + RAIN_HIGH + WIND_LOW,O3_LOW + PM25_HIGH,0.008059274665280124,0.2743362831858407,3.0586507631140183
HUMIDITY_LOW + TEMP_HIGH + WIND_MID,NO2_LOW + PM10_MID,0.012023917847393735,0.2496626180836707,3.0583670715249665
HUMIDITY_LOW + RAIN_LOW + TEMP_HIGH + WIND_MID,NO2_LOW + PM10_MID,0.011243988041076304,0.24963924963924963,3.0580808080808084
HUMIDITY_LOW + RADIATION_HIGH + RAIN_LOW + TEMP_HIGH,NO2_LOW + PM10_MID,0.015988561029507343,0.2492401215805471,3.0531914893617023
HUMIDITY_LOW + RAIN_LOW + TEMP_HIGH + WIND_HIGH,NO2_LOW + O3_HIGH + PM10_LOW,0.007994280514753671,0.2282003710575139,3.053122529644268
HUMIDITY_LOW + RAIN_LOW + TEMP_HIGH + WIND_HIGH,O3_HIGH + PM10_MID,0.010594046535811776,0.30241187384044527,3.053089954664758
RADIATION_HIGH + TEMP_HIGH + WIND_HIGH,O3_HIGH + PM10_MID,0.013518783309502146,0.3023255813953488,3.052218763352255
HUMIDITY_LOW + RADIATION_MID + TEMP_LOW,NO2_HIGH + PM25_HIGH,0.0053945144936955675,0.30855018587360594,3.050998174711633
HUMIDITY_MID + RADIATION_LOW + TEMP_LOW,O3_LOW + PM25_HIGH,0.005849473547380735,0.2735562310030395,3.04995374653099
HUMIDITY_HIGH + RADIATION_LOW + RAIN_HIGH + WIND_LOW,NO2_HIGH + O3_LOW + PM25_HIGH,0.007019368256856883,0.23893805309734514,3.0483423590014533
RADIATION_HIGH + RAIN_LOW + TEMP_HIGH + WIND_HIGH,NO2_LOW + PM10_MID,0.006889379955803978,0.24882629107981222,3.0481220657277
RADIATION_MID + RAIN_HIGH,O3_MID + PM25_LOW,0.008904198622124009,0.20206489675516223,3.048010295563653
HUMIDITY_LOW + RADIATION_MID + RAIN_LOW + TEMP_MID,O3_MID + PM10_LOW,0.00519953204211621,0.3292181069958848,3.0477435585070296
RADIATION_MID + TEMP_LOW,O3_LOW + PM10_HIGH + PM25_HIGH,0.01065904068633823,0.22620689655172413,3.0476526360287455
TEMP_LOW + WIND_LOW,PM10_HIGH + PM25_HIGH,0.039776420122189,0.33663366336633666,3.046732673267327
HUMIDITY_HIGH + TEMP_LOW + WIND_LOW,PM25_HIGH,0.031977122059014686,0.40762220381110187,3.04598116942089
RADIATION_MID + RAIN_LOW + TEMP_LOW,NO2_HIGH + O3_LOW + PM10_HIGH,0.015078642922137007,0.3552833078101072,3.045342046777888
HUMIDITY_HIGH + RAIN_LOW,NO2_HIGH + PM25_HIGH,0.02931236188743013,0.3072207084468665,3.03785206951381
HUMIDITY_HIGH + RADIATION_LOW + TEMP_LOW + WIND_MID,O3_LOW + PM10_HIGH,0.005979461848433641,0.4,3.036211149481993
HUMIDITY_MID + RAIN_HIGH,O3_HIGH + PM10_LOW,0.02086312231899129,0.2750642673521851,3.035967587862783
HUMIDITY_LOW + RADIATION_HIGH,O3_HIGH + PM10_MID,0.031132198102170806,0.30031347962382443,3.031904985231078
HUMIDITY_LOW + RADIATION_HIGH + TEMP_HIGH,NO2_LOW + PM10_MID,0.017548420642142206,0.24747937671860679,3.0316223648029332
HUMIDITY_HIGH + RAIN_HIGH + WIND_HIGH,O3_MID + PM25_LOW,0.007799298063174314,0.20066889632107024,3.0269525870548892
RADIATION_LOW + WIND_LOW,NO2_HIGH + PM25_HIGH,0.026192642662160405,0.30599848139711466,3.025766474791778
HUMIDITY_HIGH + RADIATION_LOW + RAIN_MID + TEMP_LOW,PM10_HIGH,0.005979461848433641,0.7540983606557377,3.0254386902344668
RADIATION_HIGH + RAIN_HIGH + TEMP_HIGH + WIND_HIGH,NO2_LOW + PM10_LOW,0.0076043156115949565,0.4775510204081633,3.024948538493207
RADIATION_MID + RAIN_LOW + TEMP_LOW,PM10_HIGH + PM25_HIGH,0.014168724814766671,0.333843797856049,3.021482749301865
RADIATION_MID + RAIN_LOW + TEMP_LOW + WIND_LOW,PM10_HIGH,0.012413882750552451,0.7519685039370078,3.016893716186389
HUMIDITY_HIGH + RADIATION_MID + RAIN_HIGH + TEMP_MID,PM10_LOW + PM25_LOW,0.00519953204211621,0.34334763948497854,3.0118282674548915
HUMIDITY_HIGH + RADIATION_LOW,NO2_HIGH + O3_LOW + PM25_HIGH,0.02801247887690108,0.23603504928806135,3.0113061926584677
RAIN_HIGH + TEMP_LOW + WIND_LOW,O3_LOW + PM10_HIGH,0.01091901728844404,0.39622641509433965,3.007567648071786
HUMIDITY_MID + RAIN_LOW + TEMP_LOW,O3_LOW + PM10_HIGH + PM25_HIGH,0.01215390614844664,0.22288438617401668,3.002888936666743
RADIATION_LOW + RAIN_HIGH + WIND_LOW,NO2_HIGH + O3_LOW + PM25_HIGH,0.007214350708436241,0.23516949152542374,3.0002635129437563
HUMIDITY_HIGH + TEMP_LOW + WIND_MID,NO2_HIGH + O3_LOW + PM25_HIGH,0.005914467697907188,0.2351421188630491,2.999914295876346
RADIATION_LOW + RAIN_HIGH + WIND_LOW,O3_LOW + PM25_HIGH,0.008254257116859483,0.2690677966101695,2.9999109555391796
HUMIDITY_HIGH + RADIATION_MID + RAIN_HIGH + TEMP_MID,NO2_LOW + PM10_LOW,0.007149356557909788,0.4721030042918455,2.990439202978318
HUMIDITY_MID + RAIN_LOW + TEMP_LOW,O3_LOW + PM10_HIGH,0.021448069673729364,0.3933253873659118,2.9855473162367634
RADIATION_MID + TEMP_LOW,PM10_HIGH + PM25_HIGH,0.015533601975822176,0.3296551724137931,2.98357322515213
HUMIDITY_LOW + TEMP_HIGH + WIND_HIGH,O3_HIGH + PM10_MID,0.012348888600025998,0.2954898911353033,2.9832069980365987
HUMIDITY_HIGH + RADIATION_LOW + WIND_LOW,NO2_HIGH + PM10_HIGH + PM25_HIGH,0.01761341479266866,0.258587786259542,2.982482518282843
RAIN_MID + TEMP_LOW,NO2_HIGH + PM10_HIGH,0.010984011438970492,0.5331230283911672,2.9816906269816426
RADIATION_LOW + TEMP_LOW + WIND_LOW,PM25_HIGH,0.026647601715845574,0.39883268482490275,2.98030096586496
HUMIDITY_MID + RADIATION_HIGH + TEMP_MID,NO2_LOW + PM10_LOW,0.006174444300012999,0.47029702970297027,2.978999629069535
RADIATION_HIGH + TEMP_HIGH,NO2_LOW + PM10_MID,0.028727414532692057,0.24285714285714285,2.975
RAIN_LOW + TEMP_LOW + WIND_LOW,PM25_HIGH,0.03301702846743793,0.3978073610023493,2.972639172599391
TEMP_HIGH + WIND_HIGH,O3_HIGH + PM10_LOW,0.02255297023267906,0.2689922480620155,2.9689488727992615
RADIATION_MID + TEMP_LOW + WIND_LOW,PM10_HIGH,0.01338879500844924,0.7383512544802867,2.9622613823816666
RADIATION_MID + RAIN_HIGH + WIND_HIGH,NO2_LOW + PM10_LOW,0.008839204471597556,0.46735395189003437,2.9603573090901887
RADIATION_HIGH + TEMP_HIGH + WIND_HIGH,NO2_LOW + PM10_MID,0.010789028987391135,0.24127906976744187,2.955668604651163
RADIATION_MID + RAIN_HIGH + TEMP_MID,NO2_LOW + PM10_LOW + PM25_LOW,0.0055245027947484725,0.2073170731707317,2.9535004516711836
TEMP_LOW + WIND_LOW,PM25_HIGH,0.04666580007799298,0.3949394939493949,2.9512088654227244
TEMP_HIGH + WIND_MID,O3_HIGH + PM10_MID,0.028402443780059794,0.2923076923076923,2.9510801534423585
RADIATION_LOW + TEMP_LOW + WIND_LOW,PM10_HIGH + PM25_HIGH,0.021773040426361627,0.32587548638132297,2.94936484321355
HUMIDITY_MID + RADIATION_HIGH + WIND_HIGH,NO2_LOW + PM10_LOW,0.01143897049265566,0.4656084656084656,2.949300885900309
HUMIDITY_HIGH + RAIN_LOW + TEMP_LOW,NO2_HIGH + PM10_HIGH,0.03626673599376056,0.5269121813031161,2.9469541335985987
HUMIDITY_MID + RAIN_LOW + TEMP_LOW,NO2_HIGH + PM10_HIGH,0.028727414532692057,0.5268176400476758,2.9464253761445076
HUMIDITY_HIGH + RADIATION_LOW + RAIN_HIGH + TEMP_LOW + WIND_LOW,PM25_HIGH,0.007149356557909788,0.3942652329749104,2.9461704101757995
HUMIDITY_HIGH + RADIATION_LOW + TEMP_LOW,NO2_HIGH + PM10_HIGH + PM25_HIGH,0.020148186663200313,0.2553542009884679,2.945187208702074
HUMIDITY_MID + TEMP_LOW + WIND_LOW,PM25_HIGH,0.01039906408423242,0.39408866995073893,2.9448510324730788
HUMIDITY_HIGH + RADIATION_LOW,O3_LOW + PM10_HIGH + PM25_HIGH,0.025932666060054597,0.2185104052573932,2.943958927574651
RADIATION_HIGH + RAIN_HIGH + TEMP_HIGH,NO2_LOW + PM10_LOW,0.012413882750552451,0.46472019464720193,2.94367431652608
RADIATION_LOW + RAIN_HIGH + WIND_HIGH,NO2_MID + PM10_LOW,0.005914467697907188,0.2765957446808511,2.9430858420882258
HUMIDITY_MID + RADIATION_MID + TEMP_LOW,PM25_HIGH,0.008059274665280124,0.39365079365079364,2.9415789757703306
HUMIDITY_HIGH + RAIN_HIGH + WIND_HIGH,O3_MID + PM10_LOW,0.012348888600025998,0.3177257525083612,2.9413528448216884
RADIATION_MID + RAIN_LOW + WIND_LOW,NO2_HIGH + PM10_HIGH + PM25_HIGH,0.01117899389054985,0.2548148148148148,2.9389660725192956
HUMIDITY_HIGH + TEMP_MID + WIND_HIGH,PM10_LOW + PM25_LOW,0.008514233718965293,0.3350383631713555,2.9389397125168046
RADIATION_LOW + RAIN_HIGH + TEMP_LOW + WIND_LOW,PM25_HIGH,0.007409333160015599,0.3931034482758621,2.9374889048918957
RAIN_HIGH + TEMP_MID + WIND_HIGH,NO2_LOW + PM25_LOW,0.01039906408423242,0.25196850393700787,2.9347368672027274
HUMIDITY_MID + RADIATION_MID + RAIN_LOW + TEMP_LOW,PM25_HIGH,0.0076043156115949565,0.3926174496644295,2.933857251353527
RADIATION_HIGH + TEMP_HIGH,NO2_LOW + O3_HIGH + PM10_LOW,0.025932666060054597,0.21923076923076923,2.933117056856187
RAIN_LOW + TEMP_LOW,O3_LOW + PM25_HIGH,0.052775250227479524,0.2626131953428202,2.92794682865553
RAIN_LOW + TEMP_HIGH + WIND_HIGH,O3_HIGH + PM10_MID,0.013973742363187313,0.28975741239892183,2.9253330362006635
HUMIDITY_HIGH + TEMP_LOW + WIND_MID,NO2_HIGH + O3_LOW + PM10_HIGH,0.008579227869491746,0.34108527131782945,2.9236423311956123
HUMIDITY_HIGH + WIND_LOW,NO2_HIGH + O3_LOW + PM10_HIGH,0.040296373326400625,0.341034103410341,2.923203740986912
HUMIDITY_MID + RAIN_HIGH + WIND_HIGH,NO2_LOW + PM25_LOW,0.009489145976862082,0.2508591065292096,2.9218154527315816
RAIN_MID + TEMP_LOW,NO2_HIGH + PM10_HIGH + PM25_HIGH,0.00519953204211621,0.25236593059936907,2.9107212955036674
HUMIDITY_HIGH + RAIN_MID + TEMP_LOW,PM25_HIGH,0.0052645261926426625,0.3894230769230769,2.9099871109948814
TEMP_MID + WIND_HIGH,O3_MID + PM10_LOW,0.02879240868321851,0.3141843971631206,2.908568673135844
HUMIDITY_HIGH + TEMP_LOW,NO2_HIGH + PM25_HIGH,0.04315611594956454,0.2940655447298494,2.907771511062637
RAIN_HIGH + TEMP_LOW,O3_LOW + PM25_HIGH,0.018523332900038998,0.2607502287282708,2.907176100879112
RADIATION_HIGH + RAIN_LOW + WIND_LOW,NO2_MID + PM10_MID,0.005589496945274925,0.3049645390070922,2.905377335704719
HUMIDITY_HIGH + RADIATION_LOW + TEMP_LOW,PM25_HIGH,0.030677239048485638,0.38879736408566723,2.905311434590615
TEMP_LOW + WIND_LOW,NO2_HIGH + PM10_HIGH,0.06128948394644482,0.5187018701870187,2.9010348872037333
HUMIDITY_LOW + TEMP_HIGH + WIND_HIGH,O3_HIGH + PM10_LOW,0.010984011438970492,0.26283048211508553,2.9009395967164315
HUMIDITY_MID + RADIATION_HIGH + TEMP_HIGH,NO2_LOW + PM10_MID,0.01013908748212661,0.23672230652503792,2.899848254931715
RADIATION_LOW + WIND_LOW,NO2_HIGH + PM10_HIGH + PM25_HIGH,0.021513063824255815,0.2513287775246773,2.8987590487216526
RADIATION_LOW + RAIN_LOW + TEMP_LOW + WIND_LOW,PM25_HIGH,0.016508514233718966,0.38778625954198476,2.897755895732383
HUMIDITY_HIGH + WIND_LOW,O3_LOW + PM10_HIGH,0.04510594046535812,0.38173817381738173,2.8975942488180735
HUMIDITY_MID + RAIN_LOW + TEMP_LOW + WIND_LOW,PM25_HIGH,0.00942415182633563,0.3877005347593583,2.8971153121940194
RADIATION_LOW + RAIN_LOW + WIND_LOW,PM10_HIGH + PM25_HIGH,0.015598596126348629,0.32,2.896188235294118
HUMIDITY_MID + TEMP_LOW,NO2_HIGH + O3_LOW + PM25_HIGH,0.015468607825295723,0.22666666666666666,2.8917855168601436
HUMIDITY_MID + RADIATION_LOW + RAIN_LOW,O3_LOW + PM25_HIGH,0.005134537891589757,0.25901639344262295,2.8878450938465194
RADIATION_HIGH,O3_HIGH + PM10_MID,0.04790068893799558,0.28588052754072923,2.8861927800142126
HUMIDITY_MID + RAIN_HIGH + TEMP_HIGH + WIND_HIGH,NO2_LOW + PM25_LOW,0.00519953204211621,0.2476780185758514,2.884764567606396
HUMIDITY_MID + RAIN_LOW + TEMP_LOW,O3_LOW + PM25_HIGH,0.014103730664240218,0.2586412395709178,2.8836624000276383
HUMIDITY_LOW + RAIN_LOW + TEMP_LOW + WIND_LOW,NO2_HIGH + PM10_HIGH,0.00669439750422462,0.515,2.8803307888040712
RADIATION_HIGH + RAIN_HIGH + TEMP_HIGH,NO2_LOW + PM10_LOW + PM25_LOW,0.0053945144936955675,0.20194647201946472,2.8769892763810043
RADIATION_LOW + RAIN_MID,NO2_HIGH + PM10_HIGH,0.006044455998960093,0.5138121546961326,2.8736873181223905
HUMIDITY_HIGH + RAIN_LOW,PM10_HIGH + PM25_HIGH,0.03028727414532692,0.31743869209809267,2.8730068921301495
TEMP_LOW,NO2_HIGH + O3_LOW + PM10_HIGH,0.10321071103600676,0.334809192494202,2.8698463708723074
RADIATION_MID + RAIN_HIGH,O3_MID + PM10_LOW,0.01364877161055505,0.30973451327433627,2.867373779325474
RAIN_LOW + TEMP_HIGH + WIND_HIGH,NO2_LOW + O3_HIGH + PM10_LOW,0.010334069933705966,0.21428571428571427,2.86695652173913
HUMIDITY_LOW + TEMP_LOW + WIND_LOW,NO2_HIGH + PM10_HIGH,0.006824385805277525,0.5121951219512195,2.8646434555948614
HUMIDITY_HIGH + TEMP_LOW + WIND_MID,O3_LOW + PM10_HIGH,0.009489145976862082,0.3772609819121447,2.8636099988654458
HUMIDITY_LOW + RADIATION_MID + RAIN_LOW + TEMP_LOW,NO2_HIGH + PM10_HIGH,0.008644222020018199,0.5115384615384615,2.860970835779996
RAIN_HIGH + TEMP_MID + WIND_HIGH,PM10_LOW + PM25_LOW,0.013453789158975693,0.32598425196850395,2.859517503299545
TEMP_LOW,NO2_HIGH + O3_LOW + PM25_HIGH,0.06902378785909268,0.2239089184060721,2.8566025029816133
RAIN_HIGH + TEMP_MID + WIND_HIGH,NO2_LOW + PM10_LOW,0.01858832705056545,0.4503937007874016,2.852926093172071
HUMIDITY_MID + RADIATION_MID + RAIN_LOW + TEMP_LOW,O3_LOW + PM10_HIGH,0.007279344858962694,0.37583892617449666,2.8528158451508663
RADIATION_HIGH + TEMP_MID,O3_HIGH + PM10_LOW,0.01091901728844404,0.25846153846153846,2.852718243019534
HUMIDITY_MID + RAIN_HIGH + TEMP_MID,NO2_LOW + O3_HIGH + PM10_LOW,0.005979461848433641,0.21296296296296297,2.849259259259259
HUMIDITY_LOW + RAIN_LOW + TEMP_HIGH,NO2_LOW + PM10_MID,0.025737683608475236,0.23253082795067528,2.8485026423957724
RADIATION_LOW + RAIN_LOW + TEMP_LOW,NO2_HIGH + PM25_HIGH,0.01936825685688288,0.28792270531400965,2.847030041106268
RAIN_HIGH + TEMP_HIGH + WIND_MID,O3_HIGH + PM10_LOW,0.0053945144936955675,0.2577639751552795,2.8450190256378263
RADIATION_HIGH + RAIN_LOW + WIND_MID,NO2_LOW + PM10_MID,0.012478876901078902,0.23216444981862153,2.844014510278114
RADIATION_HIGH,NO2_LOW + O3_HIGH + PM10_LOW,0.035616794488496036,0.2125678820791311,2.8439734205821834
RADIATION_MID + RAIN_HIGH + TEMP_MID,NO2_LOW + PM10_LOW,0.011958923696867282,0.44878048780487806,2.8427075279398326
HUMIDITY_MID + TEMP_LOW,NO2_HIGH + O3_LOW + PM10_HIGH,0.02261796438320551,0.3314285714285714,2.840869080779944
HUMIDITY_HIGH + RADIATION_LOW,O3_LOW + PM10_HIGH,0.04439100480956714,0.37404162102957283,2.8391733503507686
HUMIDITY_LOW + TEMP_MID + WIND_HIGH,O3_MID + PM10_LOW,0.012283894449499545,0.3063209076175041,2.8357722530703477
RADIATION_HIGH + RAIN_HIGH + TEMP_HIGH,NO2_LOW + PM25_LOW,0.006499415052645262,0.24330900243309003,2.8338776013894953
HUMIDITY_HIGH + RAIN_LOW + WIND_LOW,PM25_HIGH,0.022682958533731964,0.3789359391965255,2.831621350402011
RAIN_LOW + TEMP_LOW,NO2_HIGH + PM10_HIGH + PM25_HIGH,0.049265566099051084,0.24514877102199223,2.8274805029568006
HUMIDITY_MID + RADIATION_LOW,NO2_HIGH + O3_LOW + PM10_HIGH,0.009164175224229819,0.3294392523364486,2.823817457631531
RADIATION_LOW + TEMP_LOW + WIND_MID,NO2_HIGH + O3_LOW + PM25_HIGH,0.005134537891589757,0.22128851540616246,2.823171723083927
TEMP_LOW,O3_LOW + PM10_HIGH + PM25_HIGH,0.06453919147276745,0.20936116382036682,2.820692527618357
HUMIDITY_LOW + RADIATION_HIGH + RAIN_LOW + WIND_MID,NO2_LOW + PM10_MID,0.008709216170544652,0.23024054982817868,2.820446735395189
RAIN_HIGH + TEMP_LOW + WIND_LOW,PM25_HIGH,0.01039906408423242,0.37735849056603776,2.819833771660542
TEMP_LOW,O3_LOW + PM25_HIGH,0.0779279864812167,0.25279359055450135,2.818465350921419
HUMIDITY_MID + RADIATION_LOW + RAIN_LOW + TEMP_LOW,NO2_HIGH + PM10_HIGH,0.008319251267385936,0.5039370078740157,2.8184568531986938
RADIATION_MID + RAIN_LOW + TEMP_LOW,PM25_HIGH,0.015988561029507343,0.37672281776416533,2.8150836688292604
HUMIDITY_HIGH + RAIN_HIGH + TEMP_LOW + WIND_LOW,PM25_HIGH,0.009814116729494346,0.3765586034912718,2.8138565679051517
HUMIDITY_HIGH + RAIN_HIGH + TEMP_MID,O3_MID + PM10_LOW,0.021448069673729364,0.30330882352941174,2.807887821193459
HUMIDITY_MID + RADIATION_HIGH + WIND_MID,O3_HIGH + PM10_MID,0.006109450149486546,0.2781065088757396,2.807707838295361
HUMIDITY_LOW + RADIATION_MID + TEMP_LOW,NO2_HIGH + PM10_HIGH,0.008774210321071103,0.5018587360594795,2.8068333380629413
HUMIDITY_LOW + RADIATION_MID + RAIN_LOW + WIND_LOW,PM10_HIGH,0.006044455998960093,0.6992481203007519,2.805379811981061
RADIATION_MID + TEMP_LOW,PM25_HIGH,0.017678408943195112,0.37517241379310345,2.8034981829143706
HUMIDITY_HIGH + TEMP_LOW + WIND_LOW,NO2_HIGH + PM10_HIGH,0.03932146106850384,0.5012427506213754,2.8033882083098804
RADIATION_HIGH + TEMP_MID,NO2_LOW + O3_HIGH + PM10_LOW,0.008839204471597556,0.20923076923076922,2.799325752508361
RADIATION_MID + TEMP_LOW,O3_LOW + PM25_HIGH,0.011828935395814377,0.25103448275862067,2.7988525737131433
TEMP_LOW,O3_LOW + PM10_HIGH,0.11360977512023918,0.36854311617119967,2.7974367959595847
HUMIDITY_MID + RADIATION_MID + TEMP_LOW,O3_LOW + PM10_HIGH,0.0075393214610685036,0.3682539682539683,2.795242010634216
RADIATION_LOW + TEMP_LOW,NO2_HIGH + PM25_HIGH,0.03256206941375276,0.28225352112676055,2.790972156848546
HUMIDITY_HIGH + RADIATION_LOW,NO2_HIGH + O3_LOW + PM10_HIGH,0.03860652541271285,0.3253012048192771,2.788347820250361
RADIATION_LOW + RAIN_HIGH + WIND_HIGH,O3_MID + PM10_LOW,0.006434420902118809,0.3009118541033435,2.7856978262539367
HUMIDITY_LOW + RAIN_LOW + TEMP_HIGH + WIND_HIGH,O3_HIGH + PM10_LOW,0.008839204471597556,0.2523191094619666,2.7849223946784925
RADIATION_MID + RAIN_LOW + TEMP_LOW,O3_LOW + PM25_HIGH,0.010594046535811776,0.24961715160796324,2.7830503584348714
RADIATION_MID + TEMP_LOW,O3_LOW + PM10_HIGH,0.017223449889509943,0.36551724137931035,2.7744688090094076
RAIN_MID + TEMP_LOW,PM10_HIGH + PM25_HIGH,0.006304432601065904,0.305993690851735,2.7694228984969382
HUMIDITY_MID + TEMP_LOW,NO2_HIGH + PM25_HIGH,0.01910828025477707,0.28,2.7686889460154247
HUMIDITY_HIGH + TEMP_LOW,NO2_HIGH + PM10_HIGH + PM25_HIGH,0.03522682958533732,0.2400354295837024,2.7685045873874397
RADIATION_MID + RAIN_LOW + TEMP_LOW,O3_LOW + PM10_HIGH,0.015468607825295723,0.36447166921898927,2.7665323643825204
HUMIDITY_LOW + RADIATION_HIGH + TEMP_MID,O3_HIGH + PM10_LOW,0.006824385805277525,0.25059665871121717,2.765911184311899
HUMIDITY_LOW + RADIATION_MID + WIND_LOW,PM10_HIGH,0.006044455998960093,0.6888888888888889,2.7638186295813414
RADIATION_LOW + TEMP_LOW + WIND_MID,NO2_HIGH + O3_LOW + PM10_HIGH,0.0074743273105420515,0.32212885154061627,2.7611557157682016
HUMIDITY_MID + RADIATION_MID + RAIN_LOW + TEMP_LOW,PM10_HIGH,0.013323800857922787,0.6879194630872483,2.759929298320835
RADIATION_LOW + RAIN_LOW + WIND_LOW,PM25_HIGH,0.018003379695827375,0.36933333333333335,2.759865306783228
HUMIDITY_HIGH + RAIN_MID + TEMP_LOW,PM10_HIGH,0.009294163525282725,0.6875,2.758246414602347
HUMIDITY_LOW + TEMP_HIGH,NO2_LOW + PM10_MID,0.029897309242168206,0.22493887530562348,2.755501222493888
HUMIDITY_LOW + RAIN_LOW + TEMP_MID + WIND_HIGH,O3_MID + PM10_LOW,0.010464058234758872,0.2975970425138632,2.7550108881578215
HUMIDITY_LOW + RADIATION_HIGH + WIND_MID,NO2_LOW + PM10_MID,0.009164175224229819,0.22488038277511962,2.7547846889952154
RAIN_HIGH + TEMP_LOW,NO2_HIGH + O3_LOW + PM25_HIGH,0.015338619524242819,0.21591948764867339,2.754674325839543
RADIATION_LOW + RAIN_LOW + TEMP_LOW,NO2_HIGH + PM10_HIGH + PM25_HIGH,0.016053555180033798,0.23864734299516907,2.752494767109199
RADIATION_LOW + RAIN_LOW + TEMP_LOW,NO2_HIGH + PM10_HIGH,0.033082022617964384,0.49178743961352656,2.7505058327494436
HUMIDITY_MID + TEMP_LOW,NO2_HIGH + PM10_HIGH + PM25_HIGH,0.016248537631613155,0.23809523809523808,2.746126936531734
RADIATION_HIGH + WIND_MID,NO2_LOW + PM10_MID,0.01488366047055765,0.22407045009784737,2.7448630136986307
HUMIDITY_LOW + RADIATION_HIGH + RAIN_LOW + TEMP_MID,O3_HIGH + PM10_LOW,0.005914467697907188,0.24863387978142076,2.7442473990795837
RAIN_LOW + TEMP_HIGH + WIND_MID,NO2_LOW + PM10_MID,0.01637852593266606,0.224,2.744
HUMIDITY_HIGH + RADIATION_LOW + RAIN_MID,PM10_HIGH,0.006304432601065904,0.6830985915492958,2.7405879868520118
HUMIDITY_MID + RADIATION_HIGH + TEMP_HIGH + WIND_HIGH,NO2_LOW + PM10_LOW,0.007864292213700767,0.43214285714285716,2.7373198847262246
RADIATION_HIGH + TEMP_HIGH,O3_HIGH + PM10_LOW,0.02931236188743013,0.2478021978021978,2.7350678733031675
RAIN_LOW + TEMP_LOW,NO2_HIGH + PM25_HIGH,0.05556999870011699,0.27652005174644245,2.734278609364244
HUMIDITY_HIGH + RADIATION_MID + RAIN_HIGH + TEMP_MID,PM25_LOW,0.006109450149486546,0.4034334763948498,2.7320543432267423
RADIATION_LOW,O3_LOW + PM25_HIGH,0.04107630313271805,0.24496124031007752,2.7311403213122123
HUMIDITY_HIGH + RAIN_HIGH + TEMP_MID,NO2_MID + PM10_LOW,0.01813336799688028,0.25643382352941174,2.7285551928240173
HUMIDITY_HIGH + RAIN_LOW,PM25_HIGH,0.03483686468217861,0.3651226158038147,2.72840046952768
RADIATION_LOW + WIND_LOW,NO2_HIGH + PM10_HIGH,0.04172624463798258,0.4874715261958998,2.7263674671210887
HUMIDITY_MID + RADIATION_MID + TEMP_LOW,PM10_HIGH,0.01390874821266086,0.6793650793650794,2.725609155439664
HUMIDITY_HIGH + RADIATION_LOW + RAIN_HIGH + TEMP_LOW,NO2_HIGH + PM25_HIGH,0.009294163525282725,0.27552986512524086,2.724487470962054
HUMIDITY_MID + RAIN_HIGH + TEMP_MID,NO2_LOW + PM25_LOW,0.006564409203171715,0.2337962962962963,2.7230808590573923
RADIATION_HIGH,O3_HIGH + PM10_LOW,0.041336279734823865,0.24670287044220326,2.7229342644359678
RADIATION_HIGH + WIND_LOW,NO2_MID + PM10_MID,0.005849473547380735,0.2857142857142857,2.721981424148607
RADIATION_HIGH + RAIN_HIGH + TEMP_MID,PM10_LOW,0.007344339009489146,0.738562091503268,2.7139996035035305
HUMIDITY_HIGH + RADIATION_LOW + RAIN_HIGH + WIND_HIGH,O3_MID + PM10_LOW,0.00519953204211621,0.29304029304029305,2.712826683945818
HUMIDITY_HIGH + RADIATION_LOW + RAIN_LOW + TEMP_LOW + WIND_LOW,PM10_HIGH,0.019628233458988693,0.6756152125279642,2.710564709245178
HUMIDITY_MID + RADIATION_MID + RAIN_LOW + WIND_LOW,NO2_HIGH + PM10_HIGH + PM25_HIGH,0.006109450149486546,0.2344139650872818,2.703668116066655
RADIATION_LOW + TEMP_MID,NO2_MID + PM10_LOW,0.01163395294423502,0.25390070921985813,2.7016018755579094
RADIATION_MID + RAIN_HIGH + TEMP_MID,NO2_LOW + PM25_LOW,0.006174444300012999,0.23170731707317074,2.6987500230793375
RAIN_HIGH + TEMP_MID,O3_MID + PM10_LOW,0.0347068763811257,0.2914847161572052,2.698425898191793
RADIATION_HIGH + TEMP_HIGH + WIND_HIGH,NO2_LOW + PM25_LOW,0.010334069933705966,0.2311046511627907,2.6917306304244493
RADIATION_LOW + TEMP_LOW + WIND_MID,O3_LOW + PM25_HIGH,0.005589496945274925,0.24089635854341737,2.685819835180449
HUMIDITY_HIGH + RADIATION_LOW + TEMP_LOW,PM10_HIGH + PM25_HIGH,0.02339789418952294,0.29654036243822074,2.6838647155732143
HUMIDITY_MID + RAIN_HIGH + TEMP_MID,NO2_LOW + PM10_LOW,0.01189392954634083,0.4236111111111111,2.6832772974703807
RADIATION_LOW + RAIN_MID + TEMP_LOW,PM10_HIGH,0.006824385805277525,0.6687898089171974,2.6831812255541068
RAIN_MID + TEMP_LOW,NO2_HIGH + PM25_HIGH,0.005589496945274925,0.27129337539432175,2.6825963199338267
HUMIDITY_MID + RAIN_HIGH + TEMP_HIGH,NO2_LOW + PM25_LOW,0.009489145976862082,0.2302839116719243,2.6821712831069093
RAIN_LOW + TEMP_HIGH + WIND_HIGH,O3_HIGH + PM10_LOW,0.01169894709476147,0.24258760107816713,2.6775127906661975
RADIATION_HIGH + TEMP_MID + WIND_HIGH,NO2_LOW + PM10_LOW,0.00994410503054725,0.42265193370165743,2.6772015858104985
RAIN_MID + TEMP_LOW + WIND_LOW,PM10_HIGH,0.005069543741063305,0.6666666666666666,2.674663189917427
HUMIDITY_HIGH + RADIATION_LOW + TEMP_LOW,NO2_HIGH + PM10_HIGH,0.03769660730534252,0.47775947281713343,2.6720491634912453
HUMIDITY_HIGH + RADIATION_LOW + TEMP_MID,NO2_MID + PM10_LOW,0.008644222020018199,0.2509433962264151,2.6701349200135702
RADIATION_LOW + WIND_HIGH,O3_MID + PM10_LOW,0.011243988041076304,0.28833333333333333,2.6692519053349377
RADIATION_MID + RAIN_LOW + WIND_LOW,NO2_HIGH + PM25_HIGH,0.011828935395814377,0.2696296296296296,2.666144910977816
HUMIDITY_HIGH + RAIN_LOW + WIND_LOW,NO2_HIGH + PM10_HIGH,0.0285324320811127,0.4766558089033659,2.6658765088284944
HUMIDITY_HIGH + WIND_LOW,NO2_HIGH + PM25_HIGH,0.03184713375796178,0.26952695269526955,2.6651296235021964
TEMP_HIGH,O3_HIGH + PM10_MID,0.08130768230859223,0.2639797425617219,2.6650868235266754
RAIN_LOW + TEMP_LOW,NO2_HIGH + PM10_HIGH,0.09560639542441181,0.4757438551099612,2.6607760649661443
HUMIDITY_HIGH + RADIATION_LOW + WIND_LOW,PM25_HIGH,0.024242818146366828,0.35591603053435117,2.6596037133567396
HUMIDITY_HIGH + RAIN_HIGH + TEMP_MID + WIND_HIGH,PM25_LOW,0.009034186923176915,0.3926553672316384,2.659064912071298
HUMIDITY_HIGH + RADIATION_LOW + WIND_LOW,NO2_HIGH + PM10_HIGH,0.03236708696217341,0.47519083969465653,2.657683118699377
HUMIDITY_MID + RAIN_HIGH + WIND_HIGH,NO2_LOW + PM10_LOW,0.01585857272845444,0.4192439862542956,2.6556146449191402
HUMIDITY_MID + TEMP_LOW,NO2_HIGH + PM10_HIGH,0.03236708696217341,0.47428571428571437,2.6526208651399497
HUMIDITY_HIGH + RADIATION_MID + RAIN_HIGH + TEMP_MID,PM10_LOW,0.01091901728844404,0.721030042918455,2.649574454345199
HUMIDITY_HIGH + RADIATION_LOW + RAIN_HIGH + TEMP_LOW,NO2_HIGH + O3_LOW + PM10_HIGH,0.01039906408423242,0.30828516377649323,2.642493331401184
RAIN_LOW + WIND_LOW,NO2_HIGH + PM10_HIGH + PM25_HIGH,0.035616794488496036,0.22881002087682673,2.6390337190486175
HUMIDITY_MID + RADIATION_HIGH,O3_HIGH + PM10_MID,0.014688678018978291,0.261271676300578,2.6377467267458616
RADIATION_LOW,NO2_HIGH + O3_LOW + PM25_HIGH,0.03464188223059925,0.2065891472868217,2.6356389885199327
RAIN_HIGH + TEMP_HIGH + WIND_HIGH,NO2_LOW + PM25_LOW,0.007669309762121409,0.2260536398467433,2.6329003048311828
HUMIDITY_HIGH + RAIN_HIGH + TEMP_MID + WIND_HIGH,NO2_LOW + PM25_LOW,0.00519953204211621,0.22598870056497175,2.632143941629565
HUMIDITY_LOW + TEMP_HIGH + WIND_HIGH,NO2_LOW + PM10_MID,0.008969192772650462,0.21461897356143078,2.6290824261275274
RADIATION_MID + RAIN_LOW + WIND_LOW,PM10_HIGH + PM25_HIGH,0.012738853503184714,0.2903703703703704,2.62802265795207
HUMIDITY_LOW + RADIATION_MID + TEMP_LOW,PM10_HIGH + PM25_HIGH,0.005069543741063305,0.2899628252788104,2.624334135141045
RADIATION_MID + RAIN_LOW + TEMP_LOW + WIND_MID,PM25_HIGH,0.00519953204211621,0.3508771929824561,2.6219506999650655
HUMIDITY_HIGH + RADIATION_LOW + RAIN_HIGH + TEMP_LOW,O3_LOW + PM10_HIGH,0.01163395294423502,0.3448940269749518,2.6179277252277298
HUMIDITY_MID + TEMP_LOW,O3_LOW + PM10_HIGH,0.023527882490575847,0.34476190476190477,2.6169248478868607
HUMIDITY_HIGH + RAIN_HIGH + TEMP_MID + WIND_HIGH,NO2_MID + PM10_LOW,0.0056544910958013775,0.2457627118644068,2.6150104320510117
HUMIDITY_HIGH + TEMP_MID + WIND_MID,NO2_MID + PM10_LOW,0.0056544910958013775,0.2457627118644068,2.6150104320510117
RAIN_LOW + TEMP_HIGH + WIND_LOW,O3_HIGH + PM10_MID,0.00844923956843884,0.25896414342629487,2.6144503351423705
HUMIDITY_HIGH + WIND_LOW,NO2_HIGH + PM10_HIGH + PM25_HIGH,0.02677759001689848,0.22662266226622663,2.6138053085668385
HUMIDITY_LOW + RAIN_LOW + TEMP_HIGH + WIND_HIGH,NO2_LOW + PM10_MID,0.0074743273105420515,0.21335807050092764,2.6136363636363638
HUMIDITY_MID + TEMP_LOW,O3_LOW + PM25_HIGH,0.015988561029507343,0.23428571428571426,2.6121159420289852
RAIN_LOW + TEMP_HIGH + WIND_HIGH,NO2_LOW + PM10_MID,0.010269075783179513,0.21293800539083557,2.608490566037736
HUMIDITY_MID + RADIATION_HIGH + RAIN_LOW,NO2_LOW + PM10_MID,0.006434420902118809,0.2129032258064516,2.608064516129032
RADIATION_LOW + RAIN_HIGH + TEMP_LOW,NO2_HIGH + PM25_HIGH,0.00994410503054725,0.2633390705679862,2.603942763341283
RADIATION_HIGH + RAIN_HIGH + TEMP_HIGH,O3_HIGH + PM10_MID,0.006889379955803978,0.25790754257907544,2.603783103754367
RADIATION_LOW,NO2_HIGH + O3_LOW + PM10_HIGH,0.05082542571168595,0.30310077519379847,2.59805488976701
HUMIDITY_HIGH + RADIATION_LOW + RAIN_LOW + TEMP_LOW,PM10_HIGH,0.024112829845313922,0.6474694589877836,2.5976440928255644
RADIATION_LOW + RAIN_LOW + TEMP_LOW + WIND_LOW,PM10_HIGH,0.02755751982321591,0.6473282442748092,2.597077540133563
HUMIDITY_HIGH + TEMP_LOW,PM25_HIGH,0.050955414012738856,0.34720992028343667,2.5945467865376184
RADIATION_LOW + TEMP_LOW + WIND_MID,O3_LOW + PM10_HIGH,0.00792928636422722,0.3417366946778712,2.5939619064201906
HUMIDITY_MID + RADIATION_LOW,NO2_HIGH + O3_LOW + PM25_HIGH,0.0056544910958013775,0.20327102803738317,2.59330683033431
RADIATION_HIGH + RAIN_HIGH + TEMP_HIGH,NO2_LOW + PM10_MID,0.0056544910958013775,0.2116788321167883,2.593065693430657
HUMIDITY_HIGH + RADIATION_LOW + WIND_LOW,PM10_HIGH + PM25_HIGH,0.019498245157935787,0.2862595419847328,2.5908172429277054
TEMP_HIGH + WIND_HIGH,O3_HIGH + PM10_MID,0.021513063824255815,0.2565891472868217,2.5904728478707604
HUMIDITY_LOW + RADIATION_HIGH + TEMP_MID,NO2_MID + PM10_LOW,0.006629403353698167,0.24343675417661098,2.5902613414670377
HUMIDITY_MID + RADIATION_LOW,O3_LOW + PM10_HIGH,0.009489145976862082,0.3411214953271028,2.589292218600298
RADIATION_LOW + WIND_HIGH,NO2_MID + PM10_LOW,0.009489145976862082,0.24333333333333335,2.5891609036422314
RAIN_LOW + TEMP_HIGH,NO2_LOW + PM10_MID,0.04302612764851163,0.2110969387755102,2.5859375
HUMIDITY_HIGH + RADIATION_LOW + RAIN_LOW + WIND_LOW,PM10_HIGH,0.02131808137267646,0.6444007858546169,2.5853325922188097
HUMIDITY_MID + RADIATION_LOW + TEMP_LOW,NO2_HIGH + PM25_HIGH,0.005589496945274925,0.2613981762917933,2.5847508614559973
HUMIDITY_LOW + RADIATION_LOW,O3_MID + PM10_LOW,0.005784479396854283,0.27899686520376177,2.5828193550090726
TEMP_HIGH + WIND_MID,NO2_LOW + PM10_MID,0.020473157415832575,0.21070234113712374,2.581103678929766
RADIATION_LOW,O3_LOW + PM10_HIGH,0.05699987001169895,0.33992248062015507,2.580191064046229
HUMIDITY_MID + RAIN_LOW + TEMP_LOW + WIND_MID,NO2_HIGH + PM10_HIGH,0.006564409203171715,0.4611872146118721,2.5793625896104198
HUMIDITY_LOW + RADIATION_HIGH + TEMP_HIGH + WIND_HIGH,NO2_LOW + PM25_LOW,0.0055245027947484725,0.22135416666666666,2.578164427201615
HUMIDITY_MID + RADIATION_LOW + RAIN_LOW + TEMP_LOW + WIND_LOW,PM10_HIGH,0.006304432601065904,0.6423841059602649,2.577241682999905
RADIATION_MID + RAIN_HIGH + TEMP_MID,PM10_LOW + PM25_LOW,0.007799298063174314,0.2926829268292683,2.567399949940206
HUMIDITY_MID + RAIN_LOW + TEMP_LOW,PM10_HIGH + PM25_HIGH,0.015468607825295723,0.2836710369487485,2.567389749702026
HUMIDITY_HIGH + WIND_HIGH,O3_MID + PM10_LOW,0.012868841804237618,0.2773109243697479,2.56721172223402
RADIATION_LOW + RAIN_LOW,NO2_HIGH + PM25_HIGH,0.021253087222150007,0.25952380952380955,2.5662167952013712
HUMIDITY_MID + TEMP_HIGH + WIND_HIGH,NO2_LOW + PM10_MID,0.007214350708436241,0.20943396226415095,2.5655660377358496
HUMIDITY_HIGH + RAIN_HIGH + TEMP_LOW + WIND_LOW,NO2_HIGH + PM10_HIGH + PM25_HIGH,0.005784479396854283,0.22194513715710723,2.559855982233322
RAIN_HIGH + TEMP_LOW + WIND_LOW,NO2_HIGH + PM10_HIGH + PM25_HIGH,0.006109450149486546,0.22169811320754718,2.5570068739215297
HUMIDITY_HIGH + RAIN_MID,NO2_HIGH + PM10_HIGH,0.008774210321071103,0.4560810810810811,2.5508046214153084
HUMIDITY_MID + RADIATION_LOW + RAIN_LOW,NO2_HIGH + PM10_HIGH,0.009034186923176915,0.4557377049180328,2.5488841613481834
RADIATION_LOW + WIND_LOW,PM25_HIGH,0.029182373586377226,0.34092634776006076,2.5475924170161703
HUMIDITY_MID + RADIATION_HIGH + WIND_MID,O3_HIGH + PM10_LOW,0.005069543741063305,0.23076923076923078,2.54706985983887
HUMIDITY_MID + RADIATION_LOW + TEMP_LOW + WIND_LOW,PM10_HIGH,0.006889379955803978,0.6347305389221557,2.546535611957311
RAIN_MID + TEMP_LOW,PM25_HIGH,0.007019368256856883,0.34069400630914826,2.545856231701095
RADIATION_LOW + TEMP_LOW,NO2_HIGH + PM10_HIGH + PM25_HIGH,0.025412712855842973,0.22028169014084506,2.540670228266148
HUMIDITY_HIGH + RADIATION_LOW + RAIN_HIGH + WIND_LOW,O3_LOW + PM10_HIGH,0.009814116729494346,0.334070796460177,2.5357736923217975
RADIATION_MID + WIND_LOW,NO2_HIGH + PM10_HIGH + PM25_HIGH,0.011763941245287924,0.2196601941747573,2.533502059649787
HUMIDITY_LOW + RAIN_LOW + WIND_MID,O3_HIGH + PM10_MID,0.019043286104250618,0.2508561643835616,2.532593796066587
HUMIDITY_HIGH + RAIN_HIGH + TEMP_LOW,NO2_HIGH + PM25_HIGH,0.014103730664240218,0.25589622641509435,2.530346619294757
RADIATION_HIGH + WIND_HIGH,NO2_LOW + PM25_LOW,0.015793578577927986,0.21715817694369974,2.5292927406932355
HUMIDITY_LOW + RADIATION_HIGH + RAIN_LOW + TEMP_MID,NO2_MID + PM10_LOW,0.0056544910958013775,0.23770491803278687,2.529272385098519
HUMIDITY_MID + RADIATION_MID + RAIN_LOW + WIND_LOW,PM10_HIGH + PM25_HIGH,0.007279344858962694,0.2793017456359102,2.527845093149479
HUMIDITY_HIGH + RADIATION_LOW + RAIN_HIGH + WIND_LOW,NO2_HIGH + O3_LOW + PM10_HIGH,0.008644222020018199,0.2942477876106195,2.5221707299036162
TEMP_HIGH + WIND_HIGH,NO2_LOW + PM10_MID,0.017223449889509943,0.2054263565891473,2.5164728682170545
HUMIDITY_HIGH + RADIATION_MID + RAIN_HIGH,NO2_LOW + PM25_LOW,0.005069543741063305,0.2154696132596685,2.5096256393741556
HUMIDITY_HIGH + TEMP_LOW,PM10_HIGH + PM25_HIGH,0.04068633822955934,0.27723649247121346,2.5091533371541708
RADIATION_LOW + RAIN_HIGH + TEMP_LOW,NO2_HIGH + O3_LOW + PM10_HIGH,0.011049005589496945,0.29259896729776247,2.508037721918314
HUMIDITY_HIGH + RAIN_MID,PM10_HIGH + PM25_HIGH,0.005329520343169115,0.27702702702702703,2.5072575516693165
HUMIDITY_MID + TEMP_HIGH + WIND_HIGH,NO2_LOW + PM25_LOW,0.007409333160015599,0.21509433962264152,2.505254738405725
HUMIDITY_MID + RAIN_HIGH,NO2_LOW + PM25_LOW,0.016313531782139606,0.21508140531276776,2.5051040894339476
HUMIDITY_HIGH + TEMP_MID + WIND_HIGH,NO2_MID + PM10_LOW,0.005979461848433641,0.23529411764705882,2.50362053535107
RADIATION_MID + TEMP_LOW + WIND_MID,PM25_HIGH,0.0055245027947484725,0.33464566929133854,2.5006596734903033
RAIN_HIGH + WIND_HIGH,NO2_LOW + PM25_LOW,0.01884830365267126,0.2146558105107328,2.500147085933486
HUMIDITY_LOW + TEMP_HIGH + WIND_HIGH,NO2_LOW + PM25_LOW,0.008969192772650462,0.21461897356143078,2.4997180372567556
HUMIDITY_MID + RADIATION_MID + WIND_LOW,NO2_HIGH + PM10_HIGH + PM25_HIGH,0.006239438450539451,0.21670428893905191,2.499409437493443
HUMIDITY_MID + RADIATION_LOW + TEMP_LOW,NO2_HIGH + PM10_HIGH,0.009554140127388535,0.44680851063829785,2.4989442910508366
RADIATION_LOW + RAIN_LOW,NO2_HIGH + PM10_HIGH,0.03652671259586637,0.44603174603174606,2.4945999434549053
RADIATION_LOW + WIND_LOW,PM10_HIGH + PM25_HIGH,0.023592876641102302,0.275626423690205,2.4945812675867614
RADIATION_LOW + RAIN_HIGH + WIND_LOW,O3_LOW + PM10_HIGH,0.010074093331600156,0.3283898305084746,2.4926521619158315
RADIATION_HIGH + RAIN_LOW + TEMP_HIGH + WIND_HIGH,NO2_LOW + PM25_LOW,0.005914467697907188,0.2136150234741784,2.488024792712876
HUMIDITY_MID + RAIN_LOW + TEMP_HIGH + WIND_MID,O3_HIGH + PM10_MID,0.006564409203171715,0.24634146341463414,2.4870142756545675
HUMIDITY_MID + RAIN_LOW + TEMP_LOW,PM25_HIGH,0.01813336799688028,0.33253873659118,2.4849154935366173
HUMIDITY_LOW + WIND_MID,O3_HIGH + PM10_MID,0.02027817496425322,0.24605678233438485,2.484140192255148
RAIN_LOW + TEMP_MID + WIND_HIGH,O3_MID + PM10_LOW,0.012933835954764071,0.26819407008086255,2.4828122516631477
HUMIDITY_HIGH + RAIN_LOW,NO2_HIGH + PM10_HIGH,0.042311191992720654,0.4434604904632153,2.4802192316492295
HUMIDITY_MID + RAIN_HIGH + TEMP_MID,O3_HIGH + PM10_LOW,0.006304432601065904,0.22453703703703703,2.4782832509697643
HUMIDITY_LOW + RAIN_LOW + TEMP_MID + WIND_HIGH,NO2_MID + PM10_LOW,0.00818926296633303,0.23290203327171904,2.4781678312023994
RADIATION_HIGH + TEMP_MID,O3_MID + PM10_LOW,0.011308982191602755,0.2676923076923077,2.4781671757845043
HUMIDITY_MID + RAIN_LOW + TEMP_LOW + WIND_LOW,PM10_HIGH,0.015013648771610554,0.6176470588235294,2.477996778894087
HUMIDITY_MID + RADIATION_LOW + RAIN_LOW + WIND_LOW,PM10_HIGH,0.006824385805277525,0.6176470588235294,2.477996778894087
RADIATION_LOW + RAIN_HIGH + TEMP_MID + WIND_HIGH,PM10_LOW,0.007669309762121409,0.6742857142857143,2.4778027227131596
HUMIDITY_MID + RAIN_HIGH + TEMP_HIGH,NO2_LOW + PM10_LOW,0.01611854933056025,0.3911671924290221,2.4777679797089065
RADIATION_MID + RAIN_LOW + WIND_LOW,NO2_HIGH + PM10_HIGH,0.019433251007409332,0.44296296296296295,2.477436622373009
HUMIDITY_HIGH + RADIATION_LOW + RAIN_LOW,PM10_HIGH,0.02684258416742493,0.617339312406577,2.47676210187421
RADIATION_LOW + RAIN_LOW + WIND_LOW,PM10_HIGH,0.030092291693747563,0.6173333333333333,2.4767381138635374
HUMIDITY_HIGH + TEMP_MID + WIND_HIGH,PM25_LOW,0.009294163525282725,0.3657289002557545,2.476718688087605
RADIATION_HIGH + RAIN_LOW + TEMP_MID,NO2_MID + PM10_LOW,0.007214350708436241,0.23270440251572327,2.476064963421105
HUMIDITY_HIGH + RAIN_HIGH + TEMP_MID,PM10_LOW + PM25_LOW,0.019953204211620956,0.2821691176470588,2.475173343282581
RAIN_LOW + WIND_LOW,NO2_HIGH + PM25_HIGH,0.038931496165345116,0.2501043841336117,2.4730758703597364
TEMP_LOW,NO2_HIGH + PM25_HIGH,0.0770830625243728,0.2500527092557453,2.4725649001342527
HUMIDITY_LOW + RADIATION_MID + RAIN_LOW + TEMP_LOW,PM25_HIGH,0.005589496945274925,0.33076923076923076,2.471692756005529
RADIATION_LOW + RAIN_LOW,NO2_HIGH + PM10_HIGH + PM25_HIGH,0.017548420642142206,0.21428571428571427,2.4715142428785604
HUMIDITY_MID + RADIATION_MID + RAIN_LOW + WIND_LOW,PM10_HIGH,0.016053555180033798,0.6159600997506235,2.471228707891289
RADIATION_LOW + RAIN_HIGH + WIND_LOW,NO2_HIGH + O3_LOW + PM10_HIGH,0.008839204471597556,0.288135593220339,2.469779519380577
HUMIDITY_HIGH + RADIATION_LOW + TEMP_LOW + WIND_LOW,PM10_HIGH,0.032042116209541144,0.6154806491885144,2.4693051547365013
RADIATION_LOW + RAIN_HIGH + TEMP_LOW,O3_LOW + PM10_HIGH,0.012283894449499545,0.3253012048192771,2.4692078625305367
HUMIDITY_MID + TEMP_MID + WIND_HIGH,NO2_LOW + PM25_LOW,0.0055245027947484725,0.2119700748129676,2.4688656858988036
RADIATION_LOW + TEMP_LOW,PM25_HIGH,0.038021578057974785,0.3295774647887324,2.4627872138122564
RADIATION_LOW + RAIN_MID,PM10_HIGH,0.007214350708436241,0.6132596685082873,2.4603945918301195
HUMIDITY_HIGH + RADIATION_LOW + RAIN_HIGH + TEMP_MID + WIND_HIGH,PM10_LOW,0.00669439750422462,0.6688311688311688,2.4577588640163275
RADIATION_MID + RAIN_LOW + TEMP_LOW,PM10_HIGH,0.025997660210581048,0.6125574272588055,2.4575772035994734
RADIATION_HIGH + WIND_HIGH,NO2_LOW + PM10_LOW,0.028207461328480437,0.387846291331546,2.456732415984836
RADIATION_MID + RAIN_HIGH,NO2_LOW + PM25_LOW,0.009294163525282725,0.21091445427728614,2.4565706233991857
RADIATION_MID + RAIN_HIGH + TEMP_MID + WIND_HIGH,PM10_LOW,0.008124268815806577,0.6684491978609626,2.456355232454925
RAIN_MID + TEMP_LOW,PM10_HIGH,0.012608865202131808,0.61198738170347,2.4552901838043257
HUMIDITY_HIGH + TEMP_LOW,NO2_HIGH + PM10_HIGH,0.06440920317171454,0.43888396811337466,2.454623312756228
HUMIDITY_LOW + RADIATION_MID + TEMP_LOW,NO2_HIGH + O3_LOW + PM10_HIGH,0.005004549590536852,0.2862453531598513,2.4535771608453882
RADIATION_HIGH + RAIN_LOW + TEMP_MID,O3_HIGH + PM10_LOW,0.006889379955803978,0.2222222222222222,2.4527339391040965
HUMIDITY_HIGH + RAIN_LOW + WIND_MID,O3_LOW + PM10_HIGH,0.00545950864422202,0.3230769230769231,2.4523243899662255
RADIATION_LOW + TEMP_LOW,NO2_HIGH + PM10_HIGH,0.050565449109580135,0.4383098591549296,2.4514123929326597
HUMIDITY_HIGH + RAIN_HIGH + TEMP_MID + WIND_HIGH,NO2_LOW + PM10_LOW,0.008904198622124009,0.3870056497175141,2.4514075448965302
HUMIDITY_MID + RAIN_HIGH + TEMP_HIGH + WIND_HIGH,NO2_LOW + PM10_LOW,0.008124268815806577,0.38699690402476783,2.451352147107895
RADIATION_MID + TEMP_MID + WIND_HIGH,NO2_LOW + PM10_LOW,0.010334069933705966,0.38686131386861317,2.4504932792023393
HUMIDITY_HIGH + RAIN_HIGH + WIND_LOW,O3_LOW + PM25_HIGH,0.010854023137917588,0.21973684210526315,2.449906559877956
HUMIDITY_HIGH + RAIN_HIGH + WIND_HIGH,PM10_LOW + PM25_LOW,0.010854023137917588,0.2792642140468227,2.4496916746433377
RADIATION_HIGH + RAIN_LOW + WIND_HIGH,O3_HIGH + PM10_MID,0.01169894709476147,0.24258760107816713,2.4491160303075326
HUMIDITY_MID + TEMP_MID + WIND_HIGH,NO2_LOW + PM10_LOW,0.010074093331600156,0.3865336658354115,2.4484178602485143
HUMIDITY_HIGH + RADIATION_LOW + RAIN_HIGH + TEMP_LOW,PM25_HIGH,0.011049005589496945,0.32755298651252407,2.4476591794471565
RADIATION_LOW + RAIN_LOW + TEMP_LOW,PM25_HIGH,0.02203301702846744,0.32753623188405795,2.4475339794891284
RADIATION_MID + RAIN_LOW + TEMP_LOW + WIND_MID,PM10_HIGH,0.009034186923176915,0.6096491228070176,2.4459091013060683
HUMIDITY_LOW + RADIATION_MID + TEMP_LOW,PM25_HIGH,0.00571948524632783,0.3271375464684015,2.444554779000886
RADIATION_LOW + TEMP_LOW + WIND_LOW,PM10_HIGH,0.04068633822955934,0.6089494163424124,2.4431018826191284
HUMIDITY_HIGH + TEMP_MID + WIND_HIGH,NO2_LOW + PM25_LOW,0.005329520343169115,0.20971867007672634,2.4426430414841116
HUMIDITY_LOW + RAIN_LOW + TEMP_HIGH + WIND_HIGH,NO2_LOW + PM25_LOW,0.007344339009489146,0.20964749536178107,2.4418140527148853
HUMIDITY_MID + RADIATION_MID + RAIN_LOW + WIND_LOW,NO2_HIGH + PM25_HIGH,0.006434420902118809,0.24688279301745636,2.4412202142458765
RADIATION_HIGH + TEMP_HIGH + WIND_HIGH,NO2_LOW + PM10_LOW,0.017223449889509943,0.3851744186046512,2.439807988740701
RADIATION_LOW + RAIN_LOW + TEMP_LOW,PM10_HIGH + PM25_HIGH,0.01813336799688028,0.26956521739130435,2.4397237851662403
HUMIDITY_MID + TEMP_LOW + WIND_MID,NO2_HIGH + PM10_HIGH,0.007084362407383336,0.436,2.438493638676845
TEMP_LOW,NO2_HIGH + PM10_HIGH + PM25_HIGH,0.06512413882750552,0.21125869702719796,2.436601433628536
HUMIDITY_MID + TEMP_HIGH + WIND_MID,O3_HIGH + PM10_MID,0.009619134277914988,0.24104234527687296,2.433515435977669
HUMIDITY_MID + RAIN_LOW + WIND_LOW,NO2_HIGH + PM10_HIGH + PM25_HIGH,0.012478876901078902,0.210989010989011,2.433490946834275
HUMIDITY_HIGH + RAIN_LOW + TEMP_LOW + WIND_LOW,PM10_HIGH,0.027687508124268817,0.6059743954480796,2.431166114306168
HUMIDITY_MID + TEMP_LOW + WIND_LOW,PM10_HIGH,0.015988561029507343,0.605911330049261,2.430913096255001
HUMIDITY_LOW + TEMP_MID,O3_MID + PM10_LOW,0.02157805797478227,0.2624505928853755,2.4296418905742403
RAIN_LOW + TEMP_LOW,PM10_HIGH + PM25_HIGH,0.05394514493695567,0.2684346701164295,2.4294916673008147
HUMIDITY_HIGH + TEMP_LOW + WIND_MID,NO2_HIGH + PM25_HIGH,0.006174444300012999,0.2454780361757106,2.427329733033087
HUMIDITY_LOW + RAIN_LOW + TEMP_MID,NO2_MID + PM10_LOW,0.01592356687898089,0.22811918063314712,2.427276426847581
HUMIDITY_HIGH + RADIATION_LOW + RAIN_HIGH + TEMP_LOW + WIND_LOW,NO2_HIGH + PM10_HIGH,0.007864292213700767,0.4336917562724014,2.4255839193046778
HUMIDITY_MID + RADIATION_LOW + WIND_LOW,PM10_HIGH,0.0075393214610685036,0.6041666666666666,2.4239135158626683
HUMIDITY_MID + RADIATION_LOW,O3_LOW + PM25_HIGH,0.006044455998960093,0.21728971962616822,2.422622917513206
HUMIDITY_HIGH + RAIN_LOW + TEMP_LOW,PM10_HIGH,0.041531262186403226,0.603399433427762,2.4208353801093994
TEMP_HIGH + WIND_HIGH,NO2_LOW + PM25_LOW,0.017418432341089304,0.20775193798449612,2.4197360468050397
RADIATION_MID + TEMP_LOW,PM10_HIGH,0.028402443780059794,0.6027586206896551,2.4182644427460325
RADIATION_LOW + RAIN_HIGH + TEMP_MID,O3_MID + PM10_LOW,0.008059274665280124,0.26105263157894737,2.4167002343403636
HUMIDITY_LOW + RADIATION_HIGH,O3_HIGH + PM10_LOW,0.022682958533731964,0.21880877742946708,2.415058715588078
HUMIDITY_HIGH + RADIATION_MID + RAIN_HIGH,NO2_LOW + PM10_LOW,0.008969192772650462,0.3812154696132597,2.4147308421035873
HUMIDITY_MID + RADIATION_MID + RAIN_LOW + WIND_LOW,NO2_HIGH + PM10_HIGH,0.011243988041076304,0.4314214463840399,2.4128863591656993
RADIATION_MID + RAIN_HIGH + WIND_HIGH,PM10_LOW + PM25_LOW,0.00519953204211621,0.27491408934707906,2.4115325990274563
RADIATION_LOW + RAIN_HIGH + TEMP_LOW + WIND_LOW,NO2_HIGH + PM10_HIGH,0.008124268815806577,0.43103448275862066,2.4107221198561026
HUMIDITY_MID + RADIATION_HIGH,NO2_LOW + PM25_LOW,0.01163395294423502,0.2069364161849711,2.4102374711748413
RAIN_HIGH + TEMP_MID + WIND_HIGH,PM25_LOW,0.014688678018978291,0.35590551181102364,2.410194632361096
HUMIDITY_LOW + RAIN_LOW + TEMP_MID,O3_MID + PM10_LOW,0.01813336799688028,0.25977653631284914,2.4048867555412135
HUMIDITY_MID + TEMP_HIGH + WIND_HIGH,O3_HIGH + PM10_MID,0.00818926296633303,0.23773584905660378,2.4001337097013815
HUMIDITY_HIGH + RAIN_HIGH + TEMP_MID + WIND_HIGH,PM10_LOW,0.015013648771610554,0.652542372881356,2.397902304550404
RAIN_LOW + TEMP_LOW + WIND_LOW,PM10_HIGH,0.049590536851683346,0.5974941268598277,2.397143320955752
TEMP_LOW,NO2_HIGH + PM10_HIGH,0.13200311971922526,0.4282099936748893,2.394925104573554
RADIATION_MID + RAIN_LOW + WIND_LOW,PM25_HIGH,0.014038736513713766,0.32,2.3912190383681398
HUMIDITY_MID + RADIATION_MID + WIND_LOW,PM10_HIGH + PM25_HIGH,0.0076043156115949565,0.26410835214446954,2.390335944761652
HUMIDITY_MID + WIND_HIGH,O3_HIGH + PM10_LOW,0.01566359027687508,0.21653189577717877,2.3899280835205685
RADIATION_MID + RAIN_LOW + WIND_LOW,PM10_HIGH,0.026127648511633954,0.5955555555555555,2.3893657829929014
RADIATION_MID + TEMP_LOW + WIND_MID,PM10_HIGH,0.009814116729494346,0.5944881889763779,2.3850835138436897
HUMIDITY_HIGH + RADIATION_LOW + RAIN_HIGH + WIND_LOW,NO2_HIGH + PM25_HIGH,0.007084362407383336,0.2411504424778761,2.3845377300543715
RADIATION_MID + RAIN_HIGH,NO2_LOW + PM10_LOW,0.016573508384245417,0.37610619469026546,2.3823671928795487
RAIN_LOW + TEMP_LOW + WIND_MID,NO2_HIGH + PM25_HIGH,0.009099181073703366,0.24054982817869416,2.378598750872358
HUMIDITY_MID + TEMP_MID + WIND_HIGH,O3_MID + PM10_LOW,0.00669439750422462,0.256857855361596,2.3778670051705872
RAIN_HIGH + TEMP_MID + WIND_MID,O3_MID + PM10_LOW,0.006759391654751073,0.25679012345679014,2.3772399756354834
RAIN_LOW + WIND_LOW,NO2_HIGH + O3_LOW + PM10_HIGH,0.04315611594956454,0.27724425887265136,2.376423491373044
HUMIDITY_HIGH + RADIATION_MID + RAIN_HIGH,PM10_LOW + PM25_LOW,0.006369426751592357,0.27071823204419887,2.374726749277106
RADIATION_MID + TEMP_MID,O3_MID + PM10_LOW,0.019628233458988693,0.2561492790500424,2.3713073450444964
HUMIDITY_LOW + RADIATION_HIGH + WIND_HIGH,O3_HIGH + PM10_MID,0.010594046535811776,0.23487031700288186,2.3712038696891997
HUMIDITY_MID + RADIATION_HIGH + RAIN_HIGH,PM10_LOW + PM25_LOW,0.006304432601065904,0.27019498607242337,2.3701368618644847
RAIN_LOW + WIND_LOW,PM10_HIGH + PM25_HIGH,0.04075133238008579,0.2617954070981211,2.369402431536289
RADIATION_LOW + RAIN_HIGH + WIND_LOW,NO2_HIGH + PM25_HIGH,0.007344339009489146,0.23940677966101695,2.367296087316457
RADIATION_HIGH + TEMP_MID,PM10_LOW + PM25_LOW,0.011373976342129208,0.2692307692307692,2.3616788001052536
HUMIDITY_MID + RADIATION_MID + RAIN_HIGH,NO2_LOW + PM10_LOW,0.006759391654751073,0.3727598566308244,2.3611705039612447
HUMIDITY_MID + RAIN_HIGH,NO2_LOW + PM10_LOW,0.028272455479006888,0.37275064267352187,2.361112140047265
HUMIDITY_LOW + RADIATION_HIGH + TEMP_HIGH,O3_HIGH + PM10_LOW,0.01514363707266346,0.21356553620531624,2.3571874749318473
HUMIDITY_HIGH + RADIATION_MID + RAIN_HIGH,PM25_LOW,0.00818926296633303,0.34806629834254144,2.3571074235468057
HUMIDITY_HIGH + RADIATION_LOW,NO2_HIGH + PM25_HIGH,0.028272455479006888,0.23822562979189485,2.3556166709370787
RADIATION_HIGH + WIND_HIGH,O3_HIGH + PM10_MID,0.016963473287404135,0.23324396782841822,2.354784572839923
HUMIDITY_LOW + RADIATION_HIGH + RAIN_LOW + WIND_HIGH,O3_HIGH + PM10_MID,0.008969192772650462,0.23310810810810811,2.353412960204299
HUMIDITY_HIGH + RADIATION_LOW + WIND_MID,O3_LOW + PM25_HIGH,0.005004549590536852,0.21095890410958903,2.352038912050824
RADIATION_MID + WIND_HIGH,O3_MID + PM10_LOW,0.012283894449499545,0.2540322580645161,2.3517089786887158
RADIATION_HIGH + TEMP_MID + WIND_HIGH,PM10_LOW + PM25_LOW,0.006304432601065904,0.26795580110497236,2.3504948436722377
RADIATION_MID + RAIN_HIGH + TEMP_MID,PM25_LOW,0.009229169374756272,0.3463414634146341,2.3454268292682925
HUMIDITY_LOW + TEMP_MID + WIND_HIGH,NO2_MID + PM10_LOW,0.008839204471597556,0.22042139384116693,2.3453689942186684
HUMIDITY_HIGH + RADIATION_MID + RAIN_HIGH + WIND_MID,PM10_LOW,0.0052645261926426625,0.6377952755905512,2.343711036598094
HUMIDITY_MID + RAIN_LOW + TEMP_HIGH,O3_HIGH + PM10_MID,0.015078642922137007,0.23176823176823177,2.339885835948828
RAIN_HIGH + TEMP_MID + WIND_MID,NO2_MID + PM10_LOW,0.005784479396854283,0.21975308641975308,2.3382579444359064
HUMIDITY_HIGH + RAIN_HIGH + TEMP_LOW,O3_LOW + PM10_HIGH,0.016963473287404135,0.30778301886792453,2.3362355837700477
RADIATION_HIGH + TEMP_MID + WIND_HIGH,PM10_LOW,0.014948654621084103,0.6353591160220995,2.3347588629367144
HUMIDITY_HIGH + RADIATION_MID + TEMP_LOW,PM10_HIGH,0.005329520343169115,0.5815602836879432,2.333216825247117
HUMIDITY_HIGH + RADIATION_LOW + TEMP_MID + WIND_HIGH,PM10_LOW,0.006889379955803978,0.6347305389221557,2.3324490259986357
TEMP_HIGH + WIND_LOW,O3_HIGH + PM10_MID,0.009229169374756272,0.23089430894308943,2.331062885432004
HUMIDITY_MID + RADIATION_MID + RAIN_LOW + WIND_LOW,PM25_HIGH,0.008124268815806577,0.3117206982543641,2.3293514634976424
HUMIDITY_HIGH + RADIATION_MID + RAIN_HIGH + WIND_HIGH,PM10_LOW,0.0053945144936955675,0.6335877862595419,2.328249744301245
RADIATION_MID + WIND_LOW,NO2_HIGH + PM25_HIGH,0.012608865202131808,0.2354368932038835,2.328041156063594
HUMIDITY_MID + RADIATION_MID + WIND_LOW,PM10_HIGH,0.016703496685298323,0.5801354401805869,2.327500360526339
RADIATION_HIGH + TEMP_MID + WIND_HIGH,O3_MID + PM10_LOW,0.005914467697907188,0.2513812154696133,2.327166896038189
HUMIDITY_HIGH + WIND_LOW,PM10_HIGH + PM25_HIGH,0.030352268295853375,0.2568756875687569,2.324876075842879
HUMIDITY_HIGH + RAIN_MID,PM25_HIGH,0.005979461848433641,0.3108108108108108,2.3225522754420274
WIND_LOW,NO2_HIGH + PM10_HIGH + PM25_HIGH,0.04510594046535812,0.2013344937626922,2.3221383216137794
HUMIDITY_LOW + TEMP_MID,NO2_MID + PM10_LOW,0.017938385545300924,0.21818181818181817,2.321539041870992
HUMIDITY_HIGH + RADIATION_LOW + WIND_HIGH,O3_MID + PM10_LOW,0.005329520343169115,0.25076452599388377,2.3214578802297807
WIND_LOW,O3_LOW + PM25_HIGH,0.04660080592746653,0.20800696257615317,2.3191269030410817
HUMIDITY_HIGH + TEMP_MID + WIND_HIGH,NO2_LOW + PM10_LOW,0.009294163525282725,0.3657289002557545,2.316634359545096
RADIATION_LOW + RAIN_HIGH + TEMP_LOW,PM25_HIGH,0.01169894709476147,0.3098106712564544,2.315078673118896
HUMIDITY_HIGH + WIND_LOW,PM25_HIGH,0.036591706746392824,0.3096809680968097,2.314109458541774
HUMIDITY_MID + RADIATION_HIGH,NO2_LOW + PM10_LOW,0.020538151566359027,0.3653179190751445,2.3140310839399643
HUMIDITY_MID + RADIATION_HIGH + TEMP_MID,PM10_LOW,0.008254257116859483,0.6287128712871288,2.3103358580424564
HUMIDITY_HIGH + RAIN_HIGH + TEMP_LOW,PM25_HIGH,0.017028467437930586,0.3089622641509434,2.308738900547069
RADIATION_MID + TEMP_MID + WIND_MID,O3_MID + PM10_LOW,0.006239438450539451,0.24935064935064935,2.3083688874302593
HUMIDITY_HIGH + RAIN_HIGH + TEMP_LOW,NO2_HIGH + O3_LOW + PM10_HIGH,0.014818666320031197,0.2688679245283019,2.3046250065696117
RAIN_LOW + WIND_LOW,O3_LOW + PM25_HIGH,0.032172104510594046,0.20668058455114824,2.304338749205773
RAIN_HIGH + TEMP_MID + WIND_HIGH,PM10_LOW,0.025867671909528142,0.6267716535433071,2.3032024507803497
RAIN_HIGH + WIND_HIGH,NO2_LOW + PM10_LOW,0.03184713375796178,0.3626943005181347,2.297412312792104
RADIATION_MID + WIND_LOW,PM10_HIGH + PM25_HIGH,0.013583777460028597,0.2536407766990291,2.2955982295830952
RADIATION_LOW + TEMP_MID + WIND_HIGH,PM10_LOW,0.010269075783179513,0.624505928853755,2.29487657543441
HUMIDITY_MID + RADIATION_LOW + RAIN_LOW + TEMP_LOW,PM25_HIGH,0.005069543741063305,0.3070866141732283,2.294722994496984
RADIATION_MID + TEMP_MID + WIND_MID,NO2_MID + PM10_LOW,0.0053945144936955675,0.21558441558441557,2.2939016723249086
HUMIDITY_HIGH + RADIATION_LOW + RAIN_HIGH + TEMP_MID,O3_MID + PM10_LOW,0.006824385805277525,0.24764150943396226,2.292546488658811
RAIN_HIGH + WIND_HIGH,PM10_LOW + PM25_LOW,0.022942935135837776,0.2612879348630644,2.292004655531989
HUMIDITY_LOW + RADIATION_HIGH + RAIN_LOW,O3_HIGH + PM10_LOW,0.01936825685688288,0.2075208913649025,2.290470899957238
WIND_LOW,NO2_HIGH + PM25_HIGH,0.051865332120109194,0.23150565709312446,2.289168406192039
RAIN_LOW + TEMP_LOW,PM25_HIGH,0.06154946054855063,0.30627425614489,2.2886526007990664
HUMIDITY_HIGH + RADIATION_MID + TEMP_MID,PM10_LOW + PM25_LOW,0.005914467697907188,0.2607449856733524,2.2872419324801596
RADIATION_MID + RAIN_HIGH + TEMP_MID,PM10_LOW,0.016573508384245417,0.6219512195121951,2.285488766041231
TEMP_LOW + WIND_MID,NO2_HIGH + O3_LOW + PM10_HIGH,0.014818666320031197,0.26635514018691586,2.283086455106344
HUMIDITY_LOW + RADIATION_HIGH + TEMP_MID,PM10_LOW + PM25_LOW,0.007084362407383336,0.26014319809069214,2.2819630819973713
RADIATION_HIGH + TEMP_MID,PM25_LOW,0.014233718965293124,0.33692307692307694,2.281645449620802
RAIN_HIGH + TEMP_MID,PM10_LOW + PM25_LOW,0.030937215650591446,0.259825327510917,2.279174737219481
HUMIDITY_HIGH + RAIN_HIGH + WIND_HIGH,NO2_MID + PM10_LOW,0.008319251267385936,0.2140468227424749,2.27754108901502
HUMIDITY_MID + RADIATION_MID + WIND_LOW,NO2_HIGH + PM25_HIGH,0.006629403353698167,0.23024830699774265,2.276735508655057
RAIN_HIGH + TEMP_HIGH,NO2_LOW + PM10_LOW,0.02859742623163915,0.35918367346938773,2.275174969123096
HUMIDITY_HIGH + TEMP_MID + WIND_HIGH,PM10_LOW,0.015728584427401535,0.618925831202046,2.27437134914609
RADIATION_LOW + TEMP_LOW,PM10_HIGH + PM25_HIGH,0.02898739113479787,0.2512676056338028,2.2741196354598174
RAIN_LOW + WIND_LOW,O3_LOW + PM10_HIGH,0.04660080592746653,0.29937369519832985,2.272404378056982
RAIN_HIGH + TEMP_LOW,O3_LOW + PM10_HIGH,0.021253087222150007,0.2991765782250686,2.2709081561770623
HUMIDITY_MID + RADIATION_HIGH + WIND_HIGH,O3_HIGH + PM10_MID,0.0055245027947484725,0.22486772486772486,2.270219694760377
RAIN_LOW + TEMP_LOW + WIND_MID,NO2_HIGH + PM10_HIGH,0.015338619524242819,0.4054982817869416,2.2679013317244214
HUMIDITY_LOW + RADIATION_HIGH + TEMP_MID,PM25_LOW,0.009099181073703366,0.3341288782816229,2.26272311674342
HUMIDITY_HIGH + RADIATION_LOW + TEMP_LOW + WIND_MID,NO2_HIGH + PM10_HIGH,0.006044455998960093,0.4043478260869565,2.2614669764354467
RADIATION_HIGH + TEMP_MID,NO2_LOW + PM10_LOW,0.015078642922137007,0.3569230769230769,2.260855686100643
HUMIDITY_MID + RAIN_LOW + WIND_LOW,NO2_HIGH + PM25_HIGH,0.013518783309502146,0.22857142857142856,2.2601542416452443
HUMIDITY_MID + TEMP_HIGH,O3_HIGH + PM10_LOW,0.023527882490575847,0.20463538722442057,2.2586227172417037
HUMIDITY_MID + TEMP_LOW,PM10_HIGH + PM25_HIGH,0.017028467437930586,0.24952380952380954,2.258337254901961
HUMIDITY_MID + RAIN_HIGH + TEMP_MID,PM10_LOW + PM25_LOW,0.007214350708436241,0.2569444444444444,2.253903775497276
HUMIDITY_LOW + RADIATION_HIGH + TEMP_MID + WIND_HIGH,NO2_LOW + PM10_LOW,0.005849473547380735,0.35573122529644274,2.253306147554989
TEMP_LOW + WIND_LOW,PM10_HIGH,0.06629403353698167,0.5610561056105611,2.250954169732488
HUMIDITY_LOW + RADIATION_HIGH + TEMP_MID + WIND_HIGH,PM25_LOW,0.00545950864422202,0.33201581027667987,2.248413405333185
RAIN_HIGH + TEMP_MID,NO2_MID + PM10_LOW,0.025152736253737165,0.21124454148471616,2.2477237311783145
HUMIDITY_MID + RAIN_LOW + TEMP_LOW,PM10_HIGH,0.030547250747432732,0.5601907032181168,2.2474821798471827
RAIN_HIGH + TEMP_HIGH + WIND_HIGH,NO2_LOW + PM10_LOW,0.012023917847393735,0.3544061302681992,2.244912606136893
RADIATION_HIGH + TEMP_MID + WIND_HIGH,PM25_LOW,0.007799298063174314,0.3314917127071823,2.2448642129017196
HUMIDITY_MID + RADIATION_HIGH + RAIN_HIGH,PM25_LOW,0.0077343039126478615,0.33147632311977715,2.2447599945074344
RADIATION_LOW + TEMP_LOW + WIND_MID,NO2_HIGH + PM25_HIGH,0.0052645261926426625,0.226890756302521,2.2435354604566764
HUMIDITY_MID + RADIATION_MID + WIND_LOW,PM25_HIGH,0.008644222020018199,0.3002257336343115,2.2434546564825237
RAIN_HIGH + TEMP_LOW,NO2_HIGH + O3_LOW + PM10_HIGH,0.01858832705056545,0.2616651418115279,2.242885722513743
RADIATION_HIGH + TEMP_MID,NO2_MID + PM10_LOW,0.008904198622124009,0.21076923076923076,2.2426662410894775
RADIATION_MID + RAIN_LOW + TEMP_HIGH + WIND_LOW,PM10_HIGH,0.0052645261926426625,0.5586206896551724,2.2411832936204648
WIND_LOW,NO2_HIGH + O3_LOW + PM10_HIGH,0.05855972962433381,0.26138671308384104,2.240499146243999
TEMP_MID + WIND_HIGH,PM10_LOW + PM25_LOW,0.02339789418952294,0.2553191489361702,2.2396467648414564
RAIN_LOW + TEMP_LOW + WIND_MID,NO2_HIGH + O3_LOW + PM10_HIGH,0.009879110880020798,0.2611683848797251,2.2386277268854875
HUMIDITY_MID + RAIN_LOW + WIND_LOW,PM10_HIGH + PM25_HIGH,0.01462368386845184,0.24725274725274726,2.2377828054298643
HUMIDITY_HIGH,O3_LOW + PM25_HIGH,0.05556999870011699,0.2007042253521127,2.2377066748315984
HUMIDITY_LOW + RADIATION_HIGH + TEMP_MID + WIND_HIGH,PM10_LOW,0.010009099181073703,0.6086956521739131,2.236778434284172
RADIATION_LOW + RAIN_LOW,PM25_HIGH,0.024502794748472636,0.2992063492063492,2.2358372456964
HUMIDITY_MID + RADIATION_MID + WIND_LOW,NO2_HIGH + PM10_HIGH,0.011503964643182114,0.39954853273137697,2.2346251270828668
HUMIDITY_HIGH + RAIN_HIGH + TEMP_LOW + WIND_LOW,PM10_HIGH + PM25_HIGH,0.006434420902118809,0.24688279301745636,2.2344345019803433
RADIATION_HIGH + RAIN_LOW + TEMP_MID,O3_MID + PM10_LOW,0.0074743273105420515,0.24109014675052412,2.231897110651964
HUMIDITY_HIGH + TEMP_MID,NO2_MID + PM10_LOW,0.02105810477057065,0.20970873786407768,2.231382185876002
HUMIDITY_MID + RAIN_HIGH + TEMP_MID,O3_MID + PM10_LOW,0.006759391654751073,0.24074074074074073,2.2286624771582653
HUMIDITY_MID + TEMP_LOW,PM25_HIGH,0.02034316911477967,0.2980952380952381,2.2275344018131777
HUMIDITY_LOW + RAIN_HIGH,NO2_LOW + PM10_LOW,0.00669439750422462,0.3515358361774744,2.2267313196486707
RADIATION_MID + RAIN_HIGH + TEMP_MID + WIND_MID,PM10_LOW,0.005589496945274925,0.6056338028169014,2.2255270337093016
RAIN_HIGH + TEMP_LOW + WIND_LOW,PM10_HIGH + PM25_HIGH,0.006759391654751073,0.24528301886792453,2.219955604883463
RADIATION_HIGH + RAIN_HIGH + WIND_HIGH,PM10_LOW + PM25_LOW,0.005784479396854283,0.2528409090909091,2.217907769254691
RAIN_HIGH + TEMP_LOW,NO2_HIGH + PM25_HIGH,0.01592356687898089,0.22415370539798718,2.216471022656447
HUMIDITY_MID + TEMP_HIGH,O3_HIGH + PM10_MID,0.025217730404263616,0.21933295647258338,2.2143417770913176
HUMIDITY_HIGH + TEMP_LOW + WIND_LOW,PM10_HIGH,0.04328610425061744,0.551781275890638,2.2137436012655427
RADIATION_LOW + RAIN_LOW,PM10_HIGH + PM25_HIGH,0.020018198362147407,0.24444444444444444,2.2123660130718954
RADIATION_HIGH + RAIN_HIGH,PM10_LOW + PM25_LOW,0.009359157675809178,0.2521891418563923,2.2121904997733477
HUMIDITY_LOW + RADIATION_HIGH + RAIN_LOW + TEMP_HIGH,PM25_MID,0.019238268555829975,0.2998986828774063,2.212004379075634
HUMIDITY_LOW + RADIATION_HIGH + RAIN_LOW + TEMP_MID + WIND_HIGH,PM10_LOW,0.00844923956843884,0.6018518518518519,2.211629470406638
RADIATION_MID + RAIN_HIGH + WIND_HIGH,PM25_LOW,0.006174444300012999,0.32646048109965636,2.2107926770243456
HUMIDITY_LOW + RADIATION_HIGH + TEMP_MID,O3_MID + PM10_LOW,0.006499415052645262,0.2386634844868735,2.2094322336432226
HUMIDITY_HIGH + RAIN_MID,PM10_HIGH,0.010594046535811776,0.5506756756756757,2.209307938968956
HUMIDITY_MID + RAIN_HIGH + TEMP_MID + WIND_HIGH,PM10_LOW,0.008514233718965293,0.6009174311926605,2.208195747869662
TEMP_LOW + WIND_MID,NO2_HIGH + PM25_HIGH,0.012413882750552451,0.22313084112149534,2.206356761886457
HUMIDITY_HIGH + TEMP_MID + WIND_MID,PM10_LOW + PM25_LOW,0.005784479396854283,0.2514124293785311,2.20537721688602
HUMIDITY_LOW + RADIATION_HIGH + RAIN_LOW + TEMP_MID,PM25_LOW,0.0077343039126478615,0.3251366120218579,2.2018274263064725
HUMIDITY_MID + RAIN_HIGH + TEMP_HIGH,O3_HIGH + PM10_MID,0.008969192772650462,0.21766561514195584,2.197508631610323
RADIATION_HIGH + RAIN_LOW + TEMP_MID + WIND_HIGH,PM10_LOW,0.009749122578967893,0.5976095617529881,2.196040295469662
HUMIDITY_LOW + RADIATION_HIGH + TEMP_HIGH + WIND_HIGH,NO2_LOW + PM10_LOW,0.008644222020018199,0.3463541666666667,2.193909101825168
HUMIDITY_HIGH + RADIATION_MID + RAIN_HIGH,PM10_LOW,0.014038736513713766,0.5966850828729282,2.1926431060623055
HUMIDITY_HIGH + RAIN_LOW + WIND_LOW,PM10_HIGH,0.03269205771480567,0.5461454940282302,2.191132873824863
HUMIDITY_HIGH + RAIN_HIGH + TEMP_MID,PM25_LOW,0.02287794098531132,0.3235294117647059,2.1909434548467277
TEMP_LOW + WIND_MID,O3_LOW + PM10_HIGH,0.016053555180033798,0.2885514018691589,2.1902574588844987
RAIN_HIGH + TEMP_MID + WIND_MID,PM10_LOW + PM25_LOW,0.006564409203171715,0.24938271604938272,2.1875726733955543
RADIATION_MID + RAIN_HIGH,PM10_LOW + PM25_LOW,0.010984011438970492,0.24926253687315633,2.1865184676912106
HUMIDITY_MID + RAIN_HIGH + WIND_HIGH,PM10_LOW + PM25_LOW,0.00942415182633563,0.24914089347079038,2.185451417868632
RADIATION_HIGH + RAIN_LOW + TEMP_MID + WIND_HIGH,PM25_LOW,0.0052645261926426625,0.3227091633466136,2.185388726783009
HUMIDITY_HIGH + RADIATION_LOW,PM25_HIGH,0.0347068763811257,0.29244249726177435,2.185293959625867
HUMIDITY_LOW + RADIATION_HIGH + RAIN_LOW + TEMP_HIGH + WIND_HIGH,NO2_LOW + PM10_LOW,0.007149356557909788,0.3448275862068966,2.1842392924575176
RAIN_LOW + WIND_LOW,PM25_HIGH,0.04549590536851683,0.29227557411273486,2.184046616463593
HUMIDITY_HIGH + RAIN_LOW,PM10_HIGH,0.051930326270635645,0.5442779291553134,2.1836402132943027
WIND_LOW,O3_LOW + PM10_HIGH,0.06440920317171454,0.28749637365825353,2.1822492378420764
RAIN_MID,O3_LOW + PM10_HIGH,0.01163395294423502,0.2864,2.173927183029107
HUMIDITY_LOW + RADIATION_MID + TEMP_LOW,O3_LOW + PM10_HIGH,0.005004549590536852,0.2862453531598513,2.172753331878378
HUMIDITY_HIGH + TEMP_LOW + WIND_MID,PM25_HIGH,0.007279344858962694,0.28940568475452194,2.1626011974905652
HUMIDITY_HIGH + RAIN_HIGH + TEMP_LOW + WIND_LOW,NO2_HIGH + PM10_HIGH,0.010074093331600156,0.3865336658354115,2.161834599252505
RADIATION_MID + RAIN_HIGH + WIND_HIGH,PM10_LOW,0.011113999740023398,0.5876288659793815,2.1593641585762513
HUMIDITY_LOW + RADIATION_HIGH + RAIN_LOW + TEMP_MID,PM10_LOW + PM25_LOW,0.005849473547380735,0.2459016393442623,2.1570368431874685
RADIATION_MID + RAIN_HIGH + WIND_MID,NO2_LOW + PM10_LOW,0.005329520343169115,0.34024896265560167,2.1552369450057993
HUMIDITY_HIGH + RADIATION_LOW + TEMP_LOW,PM10_HIGH,0.042376186143247105,0.5370675453047776,2.1547121908889983
RADIATION_MID + WIND_LOW,NO2_HIGH + PM10_HIGH,0.02060314571688548,0.38470873786407767,2.1516280046443836
HUMIDITY_LOW + RADIATION_HIGH + RAIN_LOW + TEMP_HIGH + WIND_HIGH,PM25_MID,0.006044455998960093,0.29153605015673983,2.1503229471292418
TEMP_MID,O3_MID + PM10_LOW,0.07110360067593917,0.23227176220806794,2.1502607300441237
HUMIDITY_HIGH + TEMP_MID + WIND_MID,O3_MID + PM10_LOW,0.005329520343169115,0.23163841807909605,2.1443975334325946
RAIN_LOW + WIND_LOW,NO2_HIGH + PM10_HIGH,0.0596646301832835,0.3832985386221294,2.1437409361105355
HUMIDITY_HIGH + RADIATION_MID + TEMP_MID,NO2_LOW + PM10_LOW,0.007669309762121409,0.33810888252148996,2.141681048363789
RADIATION_LOW + TEMP_MID,O3_MID + PM10_LOW,0.010594046535811776,0.23120567375886525,2.14039139377491
RADIATION_HIGH + RAIN_HIGH,O3_HIGH + PM10_MID,0.007864292213700767,0.2119089316987741,2.139390303882768
HUMIDITY_MID + WIND_LOW,NO2_HIGH + PM25_HIGH,0.01462368386845184,0.21634615384615385,2.139268588095709
RAIN_LOW + TEMP_LOW + WIND_MID,O3_LOW + PM10_HIGH,0.01065904068633823,0.281786941580756,2.1389116345148063
HUMIDITY_HIGH + WIND_HIGH,PM10_LOW + PM25_LOW,0.011308982191602755,0.24369747899159663,2.1377020591588973
RAIN_HIGH + TEMP_LOW + WIND_LOW,NO2_HIGH + PM10_HIGH,0.010529052385285325,0.38207547169811323,2.1369004752988623
HUMIDITY_LOW + RADIATION_HIGH + TEMP_HIGH,PM25_MID,0.020538151566359027,0.28964252978918426,2.1363566458947214
HUMIDITY_LOW + RADIATION_HIGH + WIND_HIGH,NO2_LOW + PM10_LOW,0.015208631223189913,0.3371757925072046,2.1357705819332438
HUMIDITY_LOW + TEMP_LOW + WIND_HIGH,O3_MID + PM10_LOW,0.005004549590536852,0.23053892215568864,2.134218926767404
HUMIDITY_MID + RADIATION_HIGH + RAIN_HIGH + WIND_HIGH,PM10_LOW,0.008644222020018199,0.5807860262008734,2.1342187244152466
TEMP_LOW,PM10_HIGH + PM25_HIGH,0.07266346028857402,0.2357157916930213,2.1333665711698973
HUMIDITY_HIGH + RAIN_HIGH + TEMP_MID + WIND_MID,PM10_LOW,0.010074093331600156,0.5805243445692884,2.133257120979955
HUMIDITY_HIGH + RADIATION_MID,O3_MID + PM10_LOW,0.009554140127388535,0.2304075235109718,2.1330025010468185
RADIATION_MID + WIND_LOW,PM25_HIGH,0.015273625373716366,0.28519417475728154,2.1311304384728187
HUMIDITY_HIGH + RADIATION_LOW + RAIN_HIGH + TEMP_MID,PM10_LOW + PM25_LOW,0.00669439750422462,0.2429245283018868,2.1309217744885007
HUMIDITY_HIGH + RAIN_HIGH + TEMP_MID + WIND_MID,PM25_LOW,0.00545950864422202,0.3146067415730337,2.130519069473018
HUMIDITY_LOW + RADIATION_MID + RAIN_LOW + TEMP_LOW,PM10_HIGH,0.008969192772650462,0.5307692307692308,2.129443385818875
HUMIDITY_HIGH + RAIN_HIGH + WIND_HIGH,PM25_LOW,0.012218900298973092,0.31438127090301005,2.128992180507796
RADIATION_LOW + RAIN_LOW + TEMP_LOW,PM10_HIGH,0.03568178863902249,0.5304347826086957,2.1281015815429964
RADIATION_MID + RAIN_HIGH,PM25_LOW,0.013843754062134409,0.3141592920353982,2.1274889380530975
TEMP_LOW,PM25_HIGH,0.08774210321071103,0.2846299810246679,2.1269144672392133
HUMIDITY_LOW + RAIN_LOW + TEMP_LOW + WIND_LOW,PM10_HIGH,0.006889379955803978,0.53,2.1263572359843548
RADIATION_HIGH + RAIN_LOW + TEMP_HIGH + WIND_HIGH,NO2_LOW + PM10_LOW,0.009294163525282725,0.33568075117370894,2.126300550662283
RAIN_MID,NO2_HIGH + O3_LOW + PM10_HIGH,0.010074093331600156,0.248,2.1257537604456824
HUMIDITY_MID + RADIATION_HIGH + TEMP_HIGH,NO2_LOW + PM10_LOW,0.014363707266346028,0.3353566009104704,2.1242472876115674
RADIATION_LOW + WIND_LOW,PM10_HIGH,0.04530092291693748,0.5292331055429005,2.123280459421921
TEMP_MID + WIND_HIGH,NO2_LOW + PM10_LOW,0.030677239048485638,0.3347517730496454,2.120416130153085
HUMIDITY_MID + RADIATION_HIGH + RAIN_HIGH,PM10_LOW,0.013453789158975693,0.5766016713091922,2.118842444414433
HUMIDITY_MID + RADIATION_LOW,NO2_HIGH + PM10_HIGH,0.010529052385285325,0.37850467289719625,2.1169294428194334
RADIATION_HIGH + TEMP_MID,PM10_LOW,0.02430781229689328,0.5753846153846154,2.1143701199684006
HUMIDITY_LOW + TEMP_LOW + WIND_LOW,PM10_HIGH,0.007019368256856883,0.526829268292683,2.1136362769103574
HUMIDITY_MID + RADIATION_LOW + TEMP_LOW,PM25_HIGH,0.006044455998960093,0.2826747720364742,2.1123040517499714
HUMIDITY_MID + RADIATION_MID + RAIN_LOW + TEMP_MID + WIND_LOW,PM10_HIGH,0.005849473547380735,0.5263157894736842,2.11157620256639
HUMIDITY_MID + RADIATION_HIGH + RAIN_HIGH + TEMP_HIGH,PM25_LOW,0.0055245027947484725,0.31135531135531136,2.108500361141206
RAIN_LOW + TEMP_LOW,PM10_HIGH,0.10555050045495905,0.5252263906856404,2.1072055403101078
RAIN_HIGH + TEMP_HIGH + WIND_MID,NO2_LOW + PM10_LOW,0.00695437410633043,0.33229813664596275,2.1048740759303346
HUMIDITY_LOW + RADIATION_MID + TEMP_LOW,PM10_HIGH,0.009164175224229819,0.5241635687732342,2.102941504340282
HUMIDITY_MID + RADIATION_LOW,NO2_HIGH + PM25_HIGH,0.005914467697907188,0.21261682242990654,2.1023923071378805
RADIATION_HIGH + RAIN_LOW + TEMP_MID,PM25_LOW,0.009619134277914988,0.31027253668763105,2.1011678034665016
WIND_LOW,PM10_HIGH + PM25_HIGH,0.051930326270635645,0.23179576443284014,2.0978880185668696
HUMIDITY_HIGH + RADIATION_LOW + WIND_LOW,PM10_HIGH,0.035616794488496036,0.5229007633587787,2.097875135603173
HUMIDITY_HIGH + TEMP_MID,O3_MID + PM10_LOW,0.022747952684258416,0.22653721682847897,2.097173055428988
HUMIDITY_LOW + RAIN_LOW + TEMP_HIGH + WIND_MID,PM25_MID,0.012803847653711165,0.2842712842712843,2.0967392041217545
HUMIDITY_HIGH + RADIATION_LOW + WIND_MID,NO2_HIGH + O3_LOW + PM10_HIGH,0.005784479396854283,0.24383561643835616,2.0900583813484945
RAIN_HIGH + WIND_HIGH,O3_MID + PM10_LOW,0.01982321591056805,0.22575869726128794,2.0899658941409003
RADIATION_MID + WIND_LOW,PM10_HIGH,0.027882490575848174,0.5206310679611651,2.08876912950469
HUMIDITY_MID + WIND_LOW,PM10_HIGH + PM25_HIGH,0.015598596126348629,0.23076923076923078,2.0885972850678733
HUMIDITY_MID + RADIATION_HIGH + WIND_HIGH,PM10_LOW + PM25_LOW,0.005849473547380735,0.23809523809523808,2.088559483086279
HUMIDITY_HIGH + RAIN_HIGH + TEMP_MID,PM10_LOW,0.040166385025347716,0.5680147058823529,2.087287858778572
HUMIDITY_HIGH + WIND_LOW,NO2_HIGH + PM10_HIGH,0.04406603405693488,0.37293729372937295,2.085791785285399
RADIATION_HIGH + RAIN_HIGH,PM10_LOW,0.02105810477057065,0.5674255691768827,2.085122953751019
HUMIDITY_MID + RADIATION_LOW + RAIN_LOW + TEMP_LOW,PM10_HIGH,0.008579227869491746,0.5196850393700787,2.0849736677309076
RAIN_HIGH + TEMP_MID,PM10_LOW,0.06752892239698427,0.5671397379912664,2.0840726077701515
HUMIDITY_MID + RAIN_LOW + WIND_LOW,NO2_HIGH + PM10_HIGH,0.02203301702846744,0.37252747252747254,2.08349970640047
HUMIDITY_MID + RADIATION_LOW + RAIN_LOW,PM25_HIGH,0.0055245027947484725,0.2786885245901639,2.0825165805460233
RADIATION_LOW,NO2_HIGH + PM25_HIGH,0.03529182373586377,0.21046511627906977,2.0811158605846836
RADIATION_HIGH + RAIN_LOW + TEMP_HIGH + WIND_LOW,PM10_MID,0.00792928636422722,0.5213675213675214,2.0797927621884065
HUMIDITY_HIGH + RADIATION_LOW + WIND_MID,O3_LOW + PM10_HIGH,0.006499415052645262,0.273972602739726,2.0795966777273924
RADIATION_HIGH + RAIN_HIGH + WIND_HIGH,PM25_LOW,0.007019368256856883,0.3068181818181818,2.0777748879641487
TEMP_LOW + WIND_MID,NO2_HIGH + PM10_HIGH,0.020668139867411933,0.37149532710280375,2.077727045730185
HUMIDITY_MID + RAIN_LOW + WIND_LOW,PM25_HIGH,0.01644352008319251,0.278021978021978,2.077535771659132
HUMIDITY_HIGH + RADIATION_MID + TEMP_MID,PM25_LOW,0.00695437410633043,0.30659025787965616,2.076231385447355
RADIATION_HIGH + RAIN_LOW + TEMP_HIGH,PM25_MID,0.024892759651631353,0.2814107274063189,2.075640197446607
HUMIDITY_HIGH + RADIATION_MID + TEMP_MID,PM10_LOW,0.012803847653711165,0.5644699140401146,2.0742617858660624
HUMIDITY_MID + RADIATION_MID + RAIN_HIGH + WIND_HIGH,PM10_LOW,0.00519953204211621,0.5633802816901409,2.0702577057760947
RADIATION_HIGH + RAIN_LOW + TEMP_MID + WIND_HIGH,NO2_LOW + PM10_LOW,0.005329520343169115,0.3266932270916335,2.069370931260549
HUMIDITY_LOW + RADIATION_HIGH + TEMP_HIGH + WIND_LOW,PM10_MID,0.0053945144936955675,0.51875,2.0693511796733213
RADIATION_LOW + RAIN_HIGH + TEMP_MID,PM10_LOW + PM25_LOW,0.007279344858962694,0.23578947368421052,2.0683334333553383
RAIN_HIGH + TEMP_MID,NO2_LOW + PM10_LOW,0.038866502014818664,0.32641921397379914,2.0676352516265433
HUMIDITY_MID + TEMP_HIGH + WIND_HIGH,NO2_LOW + PM10_LOW,0.011243988041076304,0.3264150943396226,2.0676091566527104
RADIATION_HIGH + RAIN_HIGH + WIND_HIGH,PM10_LOW,0.012868841804237618,0.5625,2.0670229281108194
HUMIDITY_HIGH + TEMP_LOW + WIND_MID,NO2_HIGH + PM10_HIGH,0.009294163525282725,0.3695090439276486,2.06661801158517
HUMIDITY_HIGH + RADIATION_LOW + RAIN_HIGH + WIND_LOW,PM25_HIGH,0.008124268815806577,0.27654867256637167,2.0665264089879525
RAIN_MID + WIND_LOW,PM10_HIGH,0.00571948524632783,0.5146198830409356,2.0646522869538035
RADIATION_HIGH + RAIN_HIGH,PM25_LOW,0.011308982191602755,0.30472854640980734,2.063623862262894
HUMIDITY_LOW + TEMP_HIGH + WIND_MID,PM25_MID,0.013453789158975693,0.2793522267206478,2.0604570279596772
TEMP_MID + WIND_HIGH,PM25_LOW,0.027882490575848174,0.30425531914893617,2.0604191639196885
HUMIDITY_MID + RADIATION_HIGH + WIND_HIGH,PM25_LOW,0.0074743273105420515,0.30423280423280424,2.0602666927490874
HUMIDITY_LOW + RADIATION_HIGH + RAIN_LOW + TEMP_HIGH + WIND_LOW,PM10_MID,0.005329520343169115,0.5157232704402516,2.057277220376902
HUMIDITY_LOW + RADIATION_HIGH + RAIN_LOW + WIND_HIGH,NO2_LOW + PM10_LOW,0.012478876901078902,0.32432432432432434,2.0543656047978813
HUMIDITY_LOW + RADIATION_HIGH + RAIN_LOW + TEMP_HIGH + WIND_MID,PM25_MID,0.008384245417912387,0.27801724137931033,2.050610391113168
HUMIDITY_HIGH + RADIATION_MID + WIND_HIGH,PM10_LOW,0.0056544910958013775,0.5576923076923077,2.0493560654773937
HUMIDITY_LOW + TEMP_MID + WIND_HIGH,PM10_LOW + PM25_LOW,0.009359157675809178,0.233387358184765,2.047262196710829
HUMIDITY_HIGH + RADIATION_LOW + RAIN_HIGH + WIND_HIGH,PM10_LOW,0.009879110880020798,0.5567765567765568,2.0459909487853123
TEMP_MID + WIND_MID,O3_MID + PM10_LOW,0.015013648771610554,0.2208413001912046,2.0444429872093104
RADIATION_LOW + RAIN_HIGH + WIND_LOW,PM25_HIGH,0.008384245417912387,0.2733050847457627,2.0422885060215177
RADIATION_HIGH + RAIN_LOW + TEMP_MID,PM10_LOW + PM25_LOW,0.007214350708436241,0.23270440251572327,2.0412713438465895
RADIATION_HIGH + RAIN_LOW + WIND_HIGH,NO2_LOW + PM10_LOW,0.015533601975822176,0.3221024258760108,2.0402914469033764
WIND_LOW,PM25_HIGH,0.061094501494865464,0.2727008993327531,2.037773694576852
RADIATION_HIGH + RAIN_HIGH + WIND_MID,PM10_LOW,0.005784479396854283,0.5527950310559007,2.0313600066458295
RAIN_HIGH + TEMP_HIGH + WIND_HIGH,O3_HIGH + PM10_MID,0.006824385805277525,0.20114942528735633,2.0307644734063417
HUMIDITY_HIGH + TEMP_LOW,PM10_HIGH,0.0742233199012089,0.5057573073516386,2.0290956795077735
RADIATION_MID + RAIN_HIGH + WIND_MID,PM10_LOW,0.008644222020018199,0.5518672199170125,2.0279505721622053
RADIATION_HIGH + RAIN_LOW + TEMP_HIGH + WIND_HIGH,PM25_MID,0.0076043156115949565,0.2746478873239437,2.0257585783155307
HUMIDITY_MID + TEMP_LOW,PM10_HIGH,0.034446899779019886,0.5047619047619047,2.0251021295089093
RAIN_HIGH + WIND_HIGH,PM25_LOW,0.02625763681268686,0.2990377498149519,2.025085747646501
HUMIDITY_HIGH + RADIATION_LOW,PM10_HIGH + PM25_HIGH,0.026517613414792668,0.22343921139101863,2.0222562979189487
RADIATION_LOW + RAIN_HIGH + WIND_HIGH,PM10_LOW,0.011763941245287924,0.5501519756838906,2.0216475514383427
RAIN_HIGH + TEMP_LOW,PM25_HIGH,0.019173274405303524,0.2698993595608417,2.0168390219539147
HUMIDITY_LOW + RADIATION_HIGH + TEMP_HIGH + WIND_HIGH,PM25_MID,0.006824385805277525,0.2734375,2.0168309563758386
HUMIDITY_HIGH + RADIATION_LOW + RAIN_HIGH + TEMP_MID,PM25_LOW,0.00818926296633303,0.2971698113207547,2.0124360550093012
RAIN_LOW + TEMP_HIGH + WIND_LOW,NO2_MID + PM10_MID,0.006889379955803978,0.2111553784860558,2.011663562468393
HUMIDITY_LOW + RAIN_LOW + TEMP_MID + WIND_HIGH,PM10_LOW + PM25_LOW,0.008059274665280124,0.22920517560073936,2.010576300908196
RADIATION_HIGH + RAIN_LOW + WIND_LOW,PM10_MID,0.009229169374756272,0.5035460992907801,2.0087011365537832
HUMIDITY_MID + RADIATION_HIGH + TEMP_HIGH + WIND_HIGH,PM25_LOW,0.0053945144936955675,0.29642857142857143,2.007416373239437
RAIN_HIGH + TEMP_MID,PM25_LOW,0.03529182373586377,0.29639737991266374,2.0072051440740513
RADIATION_MID + RAIN_HIGH,PM10_LOW,0.02404783569478747,0.5457227138643068,2.0053713101304576
HUMIDITY_LOW + RAIN_LOW + TEMP_HIGH,PM25_MID,0.030092291693747563,0.271873165002936,2.005292673410917
RADIATION_LOW + TEMP_LOW + WIND_MID,NO2_HIGH + PM10_HIGH,0.008319251267385936,0.3585434173669468,2.0052886294466896
RAIN_LOW + TEMP_LOW + WIND_MID,PM25_HIGH,0.01013908748212661,0.26804123711340205,2.002954091416612
HUMIDITY_MID + RAIN_LOW + TEMP_LOW + WIND_MID,PM10_HIGH,0.007084362407383336,0.4977168949771689,1.9968375869931476
RADIATION_HIGH + TEMP_HIGH + WIND_LOW,PM10_MID,0.008384245417912387,0.5,1.9945553539019965
HUMIDITY_LOW + RADIATION_HIGH + TEMP_HIGH + WIND_MID,PM25_MID,0.008709216170544652,0.2701612903225806,1.9926661615068193
HUMIDITY_MID + RAIN_HIGH + WIND_MID,NO2_LOW + PM10_LOW,0.006174444300012999,0.31456953642384106,1.9925759108345897
HUMIDITY_MID + RADIATION_MID + RAIN_HIGH,PM25_LOW,0.005329520343169115,0.2939068100358423,1.9903389873289918
HUMIDITY_MID + WIND_LOW,PM25_HIGH,0.018003379695827375,0.26634615384615384,1.9902874808532893
HUMIDITY_MID + RAIN_HIGH + WIND_HIGH,PM25_LOW,0.011113999740023398,0.29381443298969073,1.9897134093219109
HUMIDITY_MID + RADIATION_HIGH + WIND_MID,NO2_LOW + PM10_LOW,0.006889379955803978,0.3136094674556213,1.9864945517794108
RADIATION_HIGH + RAIN_LOW + TEMP_HIGH + WIND_MID,PM25_MID,0.011373976342129208,0.2692307692307692,1.9858027878162103
HUMIDITY_LOW + RADIATION_HIGH + RAIN_LOW + WIND_LOW,PM10_MID,0.006239438450539451,0.49740932642487046,1.9842208702030224
HUMIDITY_LOW + RAIN_LOW + TEMP_MID + WIND_HIGH,PM25_LOW,0.010269075783179513,0.2920517560073937,1.9777765483845773
HUMIDITY_LOW + TEMP_MID + WIND_HIGH,PM25_LOW,0.01169894709476147,0.2917341977309562,1.9756260415002167
TEMP_MID + WIND_HIGH,PM10_LOW,0.049265566099051084,0.5375886524822695,1.9754810143520896
HUMIDITY_LOW + RADIATION_HIGH + WIND_LOW,PM10_MID,0.006304432601065904,0.49489795918367346,1.9742027482499351
HUMIDITY_LOW + RADIATION_HIGH + TEMP_MID,PM10_LOW,0.01462368386845184,0.5369928400954654,1.9732915781487537
HUMIDITY_HIGH + RAIN_HIGH + WIND_HIGH,PM10_LOW,0.02086312231899129,0.5367892976588629,1.9725436192451073
HUMIDITY_MID + RAIN_HIGH + TEMP_HIGH + WIND_HIGH,PM25_LOW,0.006109450149486546,0.29102167182662536,1.9708008110583002
HUMIDITY_HIGH + RAIN_LOW + TEMP_LOW + WIND_MID,PM10_HIGH,0.005069543741063305,0.49056603773584906,1.9681483850335786
HUMIDITY_HIGH + RADIATION_LOW + RAIN_HIGH + TEMP_MID,PM10_LOW,0.014753672169504744,0.535377358490566,1.967355155895832
RADIATION_MID + TEMP_MID + WIND_HIGH,PM10_LOW,0.014298713115819576,0.5352798053527981,1.9669966766558757
HUMIDITY_MID + RADIATION_MID + TEMP_MID + WIND_LOW,PM10_HIGH,0.006174444300012999,0.4896907216494845,1.9646366214599658
HUMIDITY_HIGH + RADIATION_MID + RAIN_LOW,PM10_HIGH,0.0076043156115949565,0.4895397489539749,1.9640309197929224
RADIATION_LOW + RAIN_LOW + WIND_MID,NO2_HIGH + PM10_HIGH,0.00519953204211621,0.3508771929824561,1.962412392303915
HUMIDITY_HIGH + TEMP_MID,PM10_LOW + PM25_LOW,0.022422981931626153,0.22330097087378642,1.9587849132634423
HUMIDITY_MID + RAIN_LOW + WIND_LOW,PM10_HIGH,0.028857402833744963,0.4879120879120879,1.957500752181326
RADIATION_LOW + RAIN_HIGH + TEMP_MID,PM10_LOW,0.01644352008319251,0.5326315789473683,1.9572652194134725
HUMIDITY_HIGH + RADIATION_LOW,NO2_HIGH + PM10_HIGH,0.041531262186403226,0.34994523548740414,1.957200070232352
RAIN_HIGH + TEMP_MID + WIND_MID,PM25_LOW,0.0076043156115949565,0.28888888888888886,1.9563575899843504
HUMIDITY_MID + RADIATION_MID + RAIN_LOW,PM10_HIGH,0.029182373586377226,0.48698481561822127,1.9537805405741728
RAIN_MID + TEMP_MID,PM10_LOW,0.0056544910958013775,0.5304878048780488,1.9493874769175208
RADIATION_LOW + RAIN_LOW,PM10_HIGH,0.039776420122189,0.4857142857142857,1.948683181225554
HUMIDITY_HIGH + RAIN_HIGH + WIND_LOW,O3_LOW + PM10_HIGH,0.012673859352658261,0.2565789473684211,1.9475696518058838
HUMIDITY_MID + RAIN_HIGH,PM10_LOW + PM25_LOW,0.01683348498635123,0.22193658954584405,1.9468166287071589
HUMIDITY_MID + RADIATION_HIGH + RAIN_HIGH + TEMP_HIGH + WIND_HIGH,PM10_LOW,0.005784479396854283,0.5297619047619048,1.9467200063689198
HUMIDITY_LOW + TEMP_MID + WIND_HIGH,PM10_LOW,0.021188093071623552,0.5283630470016207,1.9415796133668346
RADIATION_LOW + RAIN_HIGH + TEMP_MID,PM25_LOW,0.008839204471597556,0.2863157894736842,1.938932542624166
TEMP_HIGH + WIND_LOW,NO2_MID + PM10_MID,0.008124268815806577,0.2032520325203252,1.9363688992927082
HUMIDITY_LOW + RAIN_LOW + TEMP_MID,PM10_LOW + PM25_LOW,0.01540361367476927,0.2206703910614525,1.935709599128568
HUMIDITY_LOW + TEMP_MID,PM10_LOW + PM25_LOW,0.01813336799688028,0.22055335968379447,1.9346830057553372
HUMIDITY_LOW + RADIATION_LOW + RAIN_LOW + WIND_HIGH,PM10_LOW,0.00519953204211621,0.5263157894736842,1.934056540922404
HUMIDITY_MID + RADIATION_MID + RAIN_LOW,PM10_HIGH + PM25_HIGH,0.012803847653711165,0.21366594360086769,1.9338024754370295
RADIATION_LOW + TEMP_LOW,PM10_HIGH,0.05556999870011699,0.48169014084507045,1.9325383329966763
HUMIDITY_MID + WIND_LOW,NO2_HIGH + PM10_HIGH,0.02333290003899649,0.3451923076923077,1.9306175376786063
HUMIDITY_MID + RADIATION_MID + RAIN_LOW,NO2_HIGH + PM10_HIGH,0.020668139867411933,0.34490238611713664,1.9289960424566575
HUMIDITY_MID + RAIN_HIGH + TEMP_MID,PM25_LOW,0.007994280514753671,0.2847222222222222,1.928140893974961
RAIN_LOW + TEMP_HIGH + WIND_MID,PM25_MID,0.01910828025477707,0.2613333333333333,1.9275525727069347
HUMIDITY_MID + RADIATION_HIGH + RAIN_HIGH + TEMP_HIGH,PM10_LOW,0.009294163525282725,0.5238095238095238,1.9248467478703926
TEMP_HIGH + WIND_HIGH,NO2_LOW + PM10_LOW,0.025477707006369428,0.30387596899224806,1.9248397113687643
TEMP_LOW,PM10_HIGH,0.14766670999610035,0.4790217162133671,1.9218326272904476
RADIATION_MID + TEMP_MID + WIND_HIGH,PM10_LOW + PM25_LOW,0.005849473547380735,0.21897810218978103,1.9208649260501545
HUMIDITY_MID + RADIATION_LOW + RAIN_LOW,PM10_HIGH,0.009489145976862082,0.4786885245901639,1.9204958642357919
RADIATION_LOW + WIND_MID,NO2_HIGH + O3_LOW + PM10_HIGH,0.007864292213700767,0.22365988909426987,1.917120364125034
HUMIDITY_HIGH + RAIN_LOW + WIND_MID,NO2_HIGH + PM10_HIGH,0.005784479396854283,0.3423076923076923,1.9144842434918772
WIND_LOW,NO2_HIGH + PM10_HIGH,0.07662810347068764,0.34203655352480417,1.9129677980852915
HUMIDITY_HIGH + RAIN_HIGH + WIND_LOW,NO2_HIGH + O3_LOW + PM10_HIGH,0.010984011438970492,0.22236842105263158,1.906050432487905
HUMIDITY_MID + RADIATION_HIGH + WIND_HIGH,PM10_LOW,0.012738853503184714,0.5185185185185185,1.905403851427257
HUMIDITY_HIGH,O3_LOW + PM10_HIGH,0.06947874691277785,0.2509389671361502,1.9047592246456868
HUMIDITY_LOW + RAIN_LOW + TEMP_MID,PM25_LOW,0.019628233458988693,0.2811918063314711,1.9042328927007106
HUMIDITY_LOW + RADIATION_LOW + WIND_HIGH,PM10_LOW,0.0056544910958013775,0.5178571428571429,1.9029734893718655
HUMIDITY_LOW + RAIN_LOW + TEMP_MID + WIND_HIGH,PM10_LOW,0.018198362147406732,0.5175600739371534,1.9018818480050257
RAIN_LOW + WIND_LOW,PM10_HIGH,0.07376836084752372,0.47390396659707723,1.9013002425195906
HUMIDITY_MID + WIND_HIGH,NO2_LOW + PM10_LOW,0.021708046275835176,0.3000898472596586,1.9008573033911516
RADIATION_LOW,PM25_HIGH,0.04263616274535292,0.25426356589147286,1.8999996235095684
RADIATION_HIGH + WIND_LOW,PM10_MID,0.009749122578967893,0.47619047619047616,1.8995765275257108
HUMIDITY_HIGH + RADIATION_LOW + RAIN_HIGH + TEMP_LOW + WIND_LOW,PM10_HIGH,0.008579227869491746,0.4731182795698925,1.8981480702639808
RAIN_HIGH + TEMP_MID + WIND_MID,PM10_LOW,0.013583777460028597,0.5160493827160494,1.8963304997537942
HUMIDITY_HIGH + RAIN_HIGH + WIND_HIGH,NO2_LOW + PM10_LOW,0.01163395294423502,0.2993311036789298,1.896051198519561
RADIATION_MID + RAIN_LOW,PM10_HIGH + PM25_HIGH,0.024112829845313922,0.20948616600790515,1.8959730295280168
TEMP_LOW + WIND_MID,PM25_HIGH,0.014103730664240218,0.25350467289719625,1.8943287504595732
HUMIDITY_MID + TEMP_LOW + WIND_MID,PM10_HIGH,0.007669309762121409,0.472,1.8936615384615383
HUMIDITY_LOW + TEMP_MID + WIND_MID,PM25_LOW,0.005589496945274925,0.2792207792207792,1.8908850832266324
HUMIDITY_LOW + RADIATION_HIGH + RAIN_LOW,PM25_MID,0.023917847393734565,0.2562674094707521,1.890187134284272
RADIATION_HIGH + WIND_HIGH,PM25_LOW,0.02027817496425322,0.27882037533512066,1.8881735452932071
RAIN_LOW + TEMP_MID,O3_MID + PM10_LOW,0.03282204601585857,0.20387565603552685,1.8873831791592155
HUMIDITY_MID + RAIN_HIGH + TEMP_HIGH,PM10_LOW + PM25_LOW,0.008839204471597556,0.21451104100946372,1.8816800894935055
RAIN_LOW + TEMP_LOW + WIND_MID,PM10_HIGH + PM25_HIGH,0.007864292213700767,0.20790378006872853,1.8816515059632102
RADIATION_LOW + RAIN_HIGH + TEMP_LOW + WIND_LOW,PM10_HIGH,0.008839204471597556,0.4689655172413793,1.8814872094591557
RADIATION_HIGH + WIND_HIGH,PM10_LOW + PM25_LOW,0.015598596126348629,0.21447721179624665,1.8813833413324121
HUMIDITY_HIGH + RAIN_LOW + TEMP_MID,PM25_HIGH,0.005134537891589757,0.2515923566878981,1.88003885381253
HUMIDITY_MID + RAIN_HIGH + TEMP_MID,PM10_LOW,0.014363707266346028,0.5115740740740741,1.879885049845642
RADIATION_MID + TEMP_MID + WIND_HIGH,PM25_LOW,0.007409333160015599,0.2773722627737226,1.878366916829444
RADIATION_MID + RAIN_LOW + TEMP_MID + WIND_LOW,PM10_HIGH,0.008124268815806577,0.4681647940074906,1.878274712020665
HUMIDITY_HIGH + WIND_HIGH,PM25_LOW,0.012868841804237618,0.2773109243697479,1.8779515327257665
RAIN_HIGH + WIND_HIGH,PM10_LOW,0.044845963863252306,0.5107327905255367,1.8767935789409858
HUMIDITY_HIGH + TEMP_MID + WIND_MID,PM25_LOW,0.006369426751592357,0.2768361581920904,1.8747364128272461
RADIATION_HIGH + RAIN_LOW + TEMP_MID,PM10_LOW,0.015793578577927986,0.5094339622641509,1.8720207650814966
HUMIDITY_LOW + TEMP_HIGH + WIND_HIGH,NO2_LOW + PM10_LOW,0.012348888600025998,0.2954898911353033,1.8717198291509987
HUMIDITY_HIGH + RADIATION_LOW + TEMP_MID,O3_MID + PM10_LOW,0.00695437410633043,0.2018867924528302,1.8689712326589925
HUMIDITY_LOW + RADIATION_HIGH + RAIN_LOW + TEMP_MID,PM10_LOW,0.012088911997920187,0.5081967213114754,1.8674742665627804
RADIATION_LOW,NO2_HIGH + PM10_HIGH,0.05589496945274925,0.3333333333333333,1.8642917726887192
HUMIDITY_LOW + TEMP_MID,PM25_LOW,0.02261796438320551,0.27509881422924903,1.8629711072760677
RADIATION_HIGH + RAIN_HIGH + TEMP_HIGH + WIND_HIGH,PM10_LOW,0.008059274665280124,0.5061224489795918,1.859851922617626
RADIATION_HIGH + RAIN_HIGH + TEMP_HIGH,PM10_LOW,0.013518783309502146,0.5060827250608273,1.8597059488382826
HUMIDITY_MID + TEMP_MID + WIND_HIGH,PM10_LOW + PM25_LOW,0.0055245027947484725,0.2119700748129676,1.8593908615007522
HUMIDITY_HIGH,NO2_HIGH + O3_LOW + PM10_HIGH,0.059989600935915766,0.21666666666666667,1.8571773444753947
RADIATION_HIGH + RAIN_HIGH + TEMP_HIGH,PM10_LOW + PM25_LOW,0.0056544910958013775,0.2116788321167883,1.8568360951818157
HUMIDITY_HIGH + RADIATION_LOW + TEMP_MID,PM10_LOW + PM25_LOW,0.007279344858962694,0.21132075471698114,1.853695058195822
HUMIDITY_MID + RADIATION_LOW + TEMP_LOW,PM10_HIGH,0.009879110880020798,0.46200607902735563,1.853565979638825
RADIATION_HIGH + TEMP_HIGH,PM25_MID,0.029702326790588846,0.2510989010989011,1.8520650490449146
RADIATION_LOW + WIND_MID,O3_LOW + PM10_HIGH,0.008579227869491746,0.24399260628465805,1.8520326789816224
HUMIDITY_MID + RAIN_HIGH + TEMP_HIGH,PM25_LOW,0.011243988041076304,0.27287066246056785,1.847882047807349
HUMIDITY_HIGH + TEMP_MID + WIND_MID,PM10_LOW,0.011568958793708567,0.5028248587570622,1.847734243333212
RADIATION_LOW + TEMP_LOW + WIND_MID,PM25_HIGH,0.00571948524632783,0.24649859943977592,1.841975449723357
HUMIDITY_MID + RADIATION_MID + WIND_HIGH,NO2_LOW + PM10_LOW,0.006174444300012999,0.290519877675841,1.840238302972618
RADIATION_HIGH,NO2_LOW + PM10_LOW,0.04861562459378656,0.29014740108611325,1.8378789267644868
HUMIDITY_LOW + RADIATION_HIGH + RAIN_LOW + WIND_MID,PM25_MID,0.00942415182633563,0.24914089347079038,1.837623100163749
HUMIDITY_MID + RAIN_HIGH + WIND_HIGH,PM10_LOW,0.018913297803197712,0.5,1.8373537138762839
RADIATION_HIGH + RAIN_LOW,PM25_MID,0.03126218640322371,0.24832214765100674,1.8315841628755463
HUMIDITY_LOW + RADIATION_HIGH + WIND_HIGH,PM25_LOW,0.01215390614844664,0.26945244956772335,1.8247338860250844
HUMIDITY_MID + WIND_LOW,PM10_HIGH,0.03074223319901209,0.4548076923076923,1.824686089660014
HUMIDITY_MID + RADIATION_MID + RAIN_LOW,PM25_HIGH,0.01462368386845184,0.2440347071583514,1.8235638680613864
HUMIDITY_MID + RADIATION_MID + RAIN_HIGH,PM10_LOW,0.008969192772650462,0.4946236559139785,1.817597222329227
RAIN_HIGH + TEMP_HIGH + WIND_HIGH,PM10_LOW + PM25_LOW,0.007019368256856883,0.20689655172413793,1.8148861715094562
HUMIDITY_LOW + TEMP_HIGH,PM25_MID,0.03269205771480567,0.24596577017114918,1.8142039021348517
RADIATION_MID + WIND_HIGH,NO2_LOW + PM10_LOW,0.013843754062134409,0.2862903225806452,1.8134470577298505
HUMIDITY_LOW + RADIATION_HIGH,PM25_MID,0.025477707006369428,0.2457680250783699,1.8127453661820705
RADIATION_MID + RAIN_LOW,NO2_HIGH + PM10_HIGH,0.0373066424021838,0.3241106719367589,1.8127105773969368
RADIATION_HIGH + RAIN_HIGH + TEMP_HIGH,PM25_LOW,0.007149356557909788,0.26763990267639903,1.8124593057126213
HUMIDITY_MID + RAIN_LOW + TEMP_MID + WIND_LOW,NO2_HIGH + PM10_HIGH,0.005979461848433641,0.323943661971831,1.8117765114862203
RADIATION_LOW + RAIN_HIGH + WIND_HIGH,PM25_LOW,0.00571948524632783,0.2674772036474164,1.8113575067425831
HUMIDITY_HIGH + RADIATION_LOW + RAIN_HIGH + TEMP_LOW,NO2_HIGH + PM10_HIGH,0.01091901728844404,0.3236994219653179,1.810410507582109
RADIATION_MID + RAIN_LOW,PM25_HIGH,0.027882490575848174,0.2422360248447205,1.8101231074603543
HUMIDITY_LOW + RAIN_LOW + TEMP_HIGH + WIND_HIGH,NO2_LOW + PM10_LOW,0.010009099181073703,0.2857142857142857,1.8097982708933715
HUMIDITY_LOW + RADIATION_HIGH + RAIN_LOW + WIND_HIGH,PM25_LOW,0.010269075783179513,0.2668918918918919,1.8073937714122572
RADIATION_HIGH + RAIN_LOW + WIND_HIGH,PM25_LOW,0.012868841804237618,0.2668463611859838,1.807085437151209
HUMIDITY_HIGH + RAIN_LOW + WIND_MID,PM10_HIGH,0.0076043156115949565,0.45,1.8053976531942635
HUMIDITY_MID + RAIN_HIGH,PM25_LOW,0.020213180813726764,0.26649528706083975,1.8047079607033805
RADIATION_MID + TEMP_HIGH + WIND_LOW,PM10_HIGH,0.0055245027947484725,0.4497354497354497,1.80433627891255
RADIATION_LOW + TEMP_MID,PM10_LOW + PM25_LOW,0.00942415182633563,0.20567375886524822,1.8041598939000623
HUMIDITY_MID + RADIATION_MID + RAIN_HIGH + TEMP_MID,PM10_LOW,0.00519953204211621,0.49079754601226994,1.8035373878540208
HUMIDITY_MID + RAIN_LOW + WIND_LOW,NO2_HIGH + O3_LOW + PM10_HIGH,0.012413882750552451,0.2098901098901099,1.7990914934647526
HUMIDITY_LOW + RADIATION_HIGH + TEMP_MID,NO2_LOW + PM10_LOW,0.0077343039126478615,0.2840095465393795,1.7989999518546285
HUMIDITY_MID + RADIATION_HIGH + RAIN_LOW + TEMP_HIGH,PM25_MID,0.0056544910958013775,0.24369747899159663,1.7974733517568098
HUMIDITY_LOW + RADIATION_HIGH + WIND_HIGH,PM10_LOW + PM25_LOW,0.009229169374756272,0.20461095100864554,1.7948369967041164
RADIATION_MID + RAIN_LOW,PM10_HIGH,0.05147536721695047,0.4472049689440994,1.7941840031744234
HUMIDITY_MID + RAIN_LOW + TEMP_MID + WIND_LOW,PM10_HIGH,0.008254257116859483,0.44718309859154937,1.7940962594340493
HUMIDITY_MID + RADIATION_HIGH + TEMP_HIGH + WIND_MID,NO2_LOW + PM10_LOW,0.005004549590536852,0.28308823529411764,1.7931640956094252
RAIN_LOW + TEMP_LOW + WIND_MID,PM10_HIGH,0.01689847913687768,0.44673539518900346,1.7923000757178638
HUMIDITY_MID + TEMP_MID + WIND_HIGH,PM25_LOW,0.006889379955803978,0.26433915211970077,1.7901065996979384
RADIATION_HIGH + TEMP_MID + WIND_MID,PM10_LOW,0.006044455998960093,0.4869109947643979,1.7892554491151247
HUMIDITY_HIGH + RADIATION_LOW + TEMP_MID,PM25_LOW,0.009099181073703366,0.2641509433962264,1.7888320488971565
HUMIDITY_LOW + TEMP_MID + WIND_HIGH,NO2_LOW + PM10_LOW,0.011308982191602755,0.2820097244732577,1.7863324910438627
HUMIDITY_MID + RADIATION_LOW,PM25_HIGH,0.006629403353698167,0.2383177570093458,1.780843617943562
RADIATION_MID + RAIN_LOW + TEMP_MID + WIND_LOW,NO2_HIGH + PM10_HIGH,0.0055245027947484725,0.31835205992509363,1.7805033784105746
HUMIDITY_LOW + RADIATION_HIGH + RAIN_LOW + TEMP_HIGH + WIND_MID,PM10_MID,0.013453789158975693,0.44612068965517243,1.7796248200763503
HUMIDITY_MID + RADIATION_HIGH + RAIN_LOW + TEMP_HIGH,PM10_MID,0.010334069933705966,0.44537815126050423,1.7766627522152239
HUMIDITY_HIGH + RADIATION_LOW + WIND_HIGH,PM10_LOW,0.010269075783179513,0.4831804281345566,1.7755467082107208
RADIATION_HIGH + RAIN_LOW + WIND_MID,PM25_MID,0.012933835954764071,0.24062877871825877,1.7748391128279621
RADIATION_HIGH + TEMP_HIGH + WIND_MID,PM25_MID,0.012543871051605355,0.24004975124378108,1.770568299442385
TEMP_MID + WIND_MID,PM10_LOW + PM25_LOW,0.013713765761081503,0.20172084130019122,1.769485099341358
RADIATION_LOW + TEMP_MID,PM25_LOW,0.011958923696867282,0.26099290780141843,1.7674458096094297
RADIATION_HIGH + WIND_HIGH,PM10_LOW,0.03496685298323151,0.48078641644325293,1.7667494156665606
HUMIDITY_LOW + RADIATION_HIGH + WIND_MID,PM25_MID,0.009749122578967893,0.23923444976076555,1.7645547670273913
RAIN_HIGH + TEMP_HIGH + WIND_HIGH,PM25_LOW,0.008839204471597556,0.26053639846743293,1.7643543251848253
HUMIDITY_MID + TEMP_HIGH + WIND_HIGH,PM25_LOW,0.008969192772650462,0.26037735849056604,1.763277305341483
HUMIDITY_HIGH + RADIATION_LOW + TEMP_LOW + WIND_MID,PM10_HIGH,0.006564409203171715,0.4391304347826087,1.7617890142282184
RADIATION_HIGH + RAIN_LOW + TEMP_HIGH + WIND_MID,PM10_MID,0.0186533212010919,0.44153846153846155,1.7613458048303785
TEMP_HIGH + WIND_MID,PM25_MID,0.023137917587417133,0.23812709030100335,1.7563870620188098
WIND_HIGH,PM10_LOW + PM25_LOW,0.0447159755621994,0.2,1.7543899657924744
RADIATION_MID + TEMP_MID + WIND_MID,PM10_LOW + PM25_LOW,0.005004549590536852,0.2,1.7543899657924744
HUMIDITY_MID + RADIATION_HIGH,PM25_LOW,0.014558689717925387,0.2589595375722543,1.7536758120980216
HUMIDITY_LOW + RADIATION_HIGH + TEMP_HIGH + WIND_MID,PM10_MID,0.014168724814766671,0.43951612903225806,1.753278496575142
HUMIDITY_HIGH + TEMP_MID,PM25_LOW,0.025997660210581048,0.2588996763754045,1.753270431651397
HUMIDITY_HIGH + RAIN_HIGH + TEMP_MID,NO2_LOW + PM10_LOW,0.019563239308462238,0.2766544117647059,1.7524103661637567
RADIATION_HIGH + TEMP_HIGH + WIND_HIGH,PM25_LOW,0.011568958793708567,0.25872093023255816,1.7520599615132657
RAIN_HIGH + TEMP_MID + WIND_MID,NO2_LOW + PM10_LOW,0.007279344858962694,0.2765432098765432,1.7517059807165472
HUMIDITY_LOW + RAIN_LOW + TEMP_HIGH + WIND_HIGH,PM25_MID,0.008319251267385936,0.23747680890538034,1.7515906911880066
HUMIDITY_MID + RAIN_HIGH + TEMP_HIGH,PM10_LOW,0.019628233458988693,0.47634069400630913,1.7504126864057972
RAIN_HIGH + WIND_LOW,O3_LOW + PM10_HIGH,0.013063824255816977,0.2299771167048055,1.7456477146621299
HUMIDITY_MID + RAIN_LOW + TEMP_HIGH + WIND_MID,PM25_MID,0.006304432601065904,0.23658536585365852,1.745015550826649
HUMIDITY_MID + RADIATION_HIGH + RAIN_LOW,PM25_MID,0.007149356557909788,0.23655913978494625,1.7448221115681604
HUMIDITY_HIGH + WIND_HIGH,PM10_LOW,0.02203301702846744,0.47478991596638653,1.744714030823698
HUMIDITY_LOW + RAIN_LOW + TEMP_LOW,NO2_HIGH + PM10_HIGH,0.017223449889509943,0.31176470588235294,1.743661128573567
HUMIDITY_MID + RAIN_HIGH,PM10_LOW,0.0359417652411283,0.47386461011139674,1.741313802525424
RAIN_LOW + TEMP_MID + WIND_HIGH,PM25_LOW,0.012348888600025998,0.2560646900269542,1.734071884134999
HUMIDITY_HIGH + RADIATION_LOW + RAIN_HIGH + WIND_LOW,NO2_HIGH + PM10_HIGH,0.009099181073703366,0.30973451327433627,1.73230651444527
HUMIDITY_MID + TEMP_MID + WIND_HIGH,PM10_LOW,0.012283894449499545,0.4713216957605985,1.7319693362724071
RADIATION_LOW + RAIN_HIGH + WIND_LOW,NO2_HIGH + PM10_HIGH,0.009489145976862082,0.3093220338983051,1.729999568723854
RADIATION_HIGH + TEMP_HIGH,NO2_LOW + PM10_LOW,0.03230209281164695,0.27307692307692305,1.7297495012192416
RADIATION_HIGH + RAIN_LOW + TEMP_HIGH,PM10_MID,0.03834654881060705,0.43350477590007347,1.7292985434271533
RADIATION_MID + RAIN_LOW + WIND_LOW,NO2_HIGH + O3_LOW + PM10_HIGH,0.008839204471597556,0.20148148148148148,1.7270161972557516
RADIATION_HIGH + TEMP_HIGH + WIND_HIGH,PM25_MID,0.010464058234758872,0.23401162790697674,1.726032074293741
HUMIDITY_HIGH + WIND_LOW,PM10_HIGH,0.05082542571168595,0.43014301430143015,1.725731530128241
RADIATION_LOW + RAIN_HIGH + TEMP_LOW,NO2_HIGH + PM10_HIGH,0.01163395294423502,0.3080895008605852,1.7231061651184891
HUMIDITY_LOW + TEMP_HIGH + WIND_LOW,PM10_MID,0.005979461848433641,0.431924882629108,1.7229961742627575
HUMIDITY_HIGH + RAIN_HIGH + TEMP_LOW + WIND_LOW,PM10_HIGH,0.01117899389054985,0.428927680798005,1.720855618450614
HUMIDITY_LOW + RADIATION_MID + TEMP_MID,PM10_LOW,0.008059274665280124,0.4679245283018868,1.71948573977856
RAIN_LOW + TEMP_HIGH,PM25_MID,0.04751072403483687,0.23309948979591838,1.7193042905081495
WIND_HIGH,NO2_LOW + PM10_LOW,0.06037956583907449,0.2700581395348837,1.7106276388981971
RAIN_LOW + TEMP_HIGH + WIND_HIGH,PM25_MID,0.01117899389054985,0.23180592991913745,1.7097632012156512
HUMIDITY_LOW + RADIATION_HIGH + RAIN_LOW + TEMP_HIGH,PM10_MID,0.027492525672689457,0.42857142857142855,1.7096188747731398
RADIATION_LOW + WIND_HIGH,PM10_LOW,0.01813336799688028,0.465,1.708738953904944
RAIN_LOW + TEMP_HIGH + WIND_HIGH,NO2_LOW + PM10_LOW,0.012998830105290524,0.2695417789757412,1.7073568593333694
HUMIDITY_LOW + RADIATION_HIGH + RAIN_LOW + WIND_MID,PM10_MID,0.016183543481086703,0.4278350515463918,1.7066813852975846
HUMIDITY_MID + RADIATION_HIGH + TEMP_HIGH + WIND_HIGH,PM10_LOW,0.00844923956843884,0.4642857142857143,1.7061141628851206
HUMIDITY_HIGH + RADIATION_MID + WIND_MID,PM10_LOW,0.006304432601065904,0.46411483253588515,1.7054862224497562
RAIN_MID,NO2_HIGH + PM10_HIGH,0.012348888600025998,0.304,1.700234096692112
RADIATION_HIGH + RAIN_LOW + TEMP_MID,NO2_LOW + PM10_LOW,0.008319251267385936,0.26834381551362685,1.6997686066252213
WIND_HIGH,PM25_LOW,0.05608995190432861,0.2508720930232558,1.6989075806583689
RADIATION_MID + RAIN_HIGH + TEMP_HIGH,PM10_LOW,0.00669439750422462,0.4618834080717489,1.6972863903969257
RAIN_HIGH + TEMP_LOW + WIND_LOW,PM10_HIGH,0.01163395294423502,0.4221698113207547,1.6937430813510124
HUMIDITY_LOW + RAIN_HIGH,PM10_LOW,0.008774210321071103,0.46075085324232085,1.6931245827528896
HUMIDITY_MID + RAIN_HIGH + TEMP_HIGH + WIND_MID,PM10_LOW,0.005329520343169115,0.4606741573033708,1.6928427476163515
HUMIDITY_HIGH + RADIATION_LOW + TEMP_MID,PM10_LOW,0.01585857272845444,0.4603773584905661,1.69175209881439
HUMIDITY_HIGH + TEMP_MID,PM10_LOW,0.04614584687378136,0.459546925566343,1.688700500779497
HUMIDITY_LOW + TEMP_MID,PM10_LOW,0.03776160145586897,0.4592885375494071,1.6877510004144205
HUMIDITY_MID + RAIN_LOW + WIND_LOW,O3_LOW + PM10_HIGH,0.01312881840634343,0.22197802197802197,1.684930363174073
RADIATION_LOW + TEMP_MID,PM10_LOW,0.020993110620044195,0.4581560283687943,1.6835893605164245
WIND_LOW,PM10_HIGH,0.09398154166125049,0.4194952132288947,1.6830126077548302
HUMIDITY_LOW + RAIN_LOW + TEMP_HIGH + WIND_LOW,PM10_MID,0.00571948524632783,0.42105263157894735,1.6796255611806286
HUMIDITY_LOW + WIND_HIGH,PM25_LOW,0.025737683608475236,0.24796493425172197,1.6792202809845926
HUMIDITY_HIGH + RADIATION_LOW + WIND_MID,PM25_HIGH,0.005329520343169115,0.22465753424657534,1.6787667906351664
HUMIDITY_LOW + RADIATION_MID + RAIN_LOW + TEMP_MID,PM10_LOW,0.007214350708436241,0.4567901234567901,1.678570059590679
HUMIDITY_LOW + RADIATION_HIGH + TEMP_HIGH,PM10_MID,0.02983231509164175,0.42071494042163154,1.6782784737690493
RADIATION_HIGH + TEMP_HIGH + WIND_MID,PM10_MID,0.021968022877940984,0.42039800995024873,1.6770142030320268
HUMIDITY_LOW + TEMP_HIGH + WIND_HIGH,PM25_MID,0.009489145976862082,0.22706065318818042,1.6747628043879883
RADIATION_MID + RAIN_LOW + WIND_MID,PM10_HIGH,0.016053555180033798,0.4172297297297297,1.6739234997709573
RAIN_LOW + TEMP_MID + WIND_HIGH,PM10_LOW,0.021968022877940984,0.4555256064690027,1.6739233296231373
HUMIDITY_LOW + RAIN_LOW + WIND_HIGH,PM25_LOW,0.022422981931626153,0.24713467048710602,1.6735977289236854
HUMIDITY_LOW + RADIATION_HIGH + RAIN_LOW + WIND_HIGH,PM25_MID,0.008709216170544652,0.22635135135135134,1.6695311082894972
HUMIDITY_HIGH + WIND_HIGH,NO2_LOW + PM10_LOW,0.012218900298973092,0.26330532212885155,1.6678533084703622
HUMIDITY_LOW + RAIN_LOW + WIND_MID,PM25_MID,0.017158455738983492,0.22602739726027396,1.6671416750942354
HUMIDITY_MID + RADIATION_MID + RAIN_LOW + WIND_MID,PM10_HIGH,0.008384245417912387,0.41479099678456594,1.6641393159132547
RADIATION_MID + RAIN_LOW + WIND_MID,NO2_HIGH + PM10_HIGH,0.01143897049265566,0.2972972972972973,1.6627467161818308
HUMIDITY_LOW + RADIATION_HIGH + WIND_HIGH,PM10_LOW,0.02040816326530612,0.45244956772334294,1.6626197871964066
HUMIDITY_HIGH + RAIN_HIGH + WIND_LOW,PM25_HIGH,0.010984011438970492,0.22236842105263158,1.6616612561028603
HUMIDITY_LOW + RADIATION_MID + RAIN_LOW,NO2_HIGH + PM10_HIGH,0.01169894709476147,0.297029702970297,1.6612500944750963
HUMIDITY_LOW + RADIATION_HIGH + WIND_MID,PM10_MID,0.016963473287404135,0.41626794258373206,1.6605389070763032
RADIATION_HIGH + RAIN_LOW + WIND_HIGH,PM25_MID,0.010854023137917588,0.22506738544474394,1.6600607825756615
HUMIDITY_LOW + RAIN_LOW + TEMP_MID,PM10_LOW,0.03152216300532952,0.4515828677839851,1.6594349184916157
RADIATION_HIGH + RAIN_LOW + WIND_MID,PM10_MID,0.0223579877810997,0.4159613059250302,1.6593156994976705
RAIN_HIGH + TEMP_HIGH,PM10_LOW,0.0359417652411283,0.4514285714285714,1.6588679245283018
HUMIDITY_LOW + RAIN_LOW + TEMP_HIGH + WIND_MID,PM10_MID,0.018718315351618355,0.4155844155844156,1.657812242204257
HUMIDITY_MID + TEMP_MID + WIND_LOW,NO2_HIGH + PM10_HIGH,0.006434420902118809,0.2964071856287425,1.657768432600448
HUMIDITY_HIGH + RADIATION_LOW + WIND_HIGH,PM25_LOW,0.00519953204211621,0.24464831804281345,1.6567601326614119
HUMIDITY_HIGH + RAIN_HIGH + TEMP_LOW,NO2_HIGH + PM10_HIGH,0.016313531782139606,0.2959905660377358,1.655438331172884
HUMIDITY_MID + RADIATION_MID + RAIN_LOW + WIND_MID,NO2_HIGH + PM10_HIGH,0.005979461848433641,0.2958199356913183,1.6544840169198922
RADIATION_HIGH + RAIN_LOW + TEMP_HIGH + WIND_HIGH,PM25_LOW,0.006759391654751073,0.24413145539906103,1.6532599351980428
HUMIDITY_LOW + RADIATION_MID + RAIN_LOW,PM25_HIGH,0.008709216170544652,0.22112211221122113,1.6523481391364003
HUMIDITY_LOW + TEMP_LOW,NO2_HIGH + PM10_HIGH,0.01787339139477447,0.2953813104189044,1.6520308404599287
TEMP_HIGH + WIND_HIGH,PM25_LOW,0.02040816326530612,0.2434108527131783,1.6483800087345781
RAIN_LOW + TEMP_MID + WIND_LOW,PM25_HIGH,0.007994280514753671,0.2204301075268817,1.647177092961924
HUMIDITY_MID + TEMP_MID + WIND_LOW,PM10_HIGH,0.008904198622124009,0.4101796407185629,1.6456385794252435
TEMP_LOW + WIND_MID,PM10_HIGH,0.02281294683478487,0.4100467289719626,1.6451053381910343
TEMP_MID + WIND_MID,PM25_LOW,0.016508514233718966,0.24282982791587002,1.6444453047154826
HUMIDITY_LOW + RADIATION_HIGH + RAIN_LOW + TEMP_MID,NO2_LOW + PM10_LOW,0.006174444300012999,0.25956284153005466,1.644147336262421
HUMIDITY_LOW + TEMP_HIGH + WIND_MID,PM10_MID,0.01982321591056805,0.4116059379217274,1.6419416543592684
HUMIDITY_LOW + RADIATION_HIGH + RAIN_LOW + WIND_HIGH,PM10_LOW,0.017158455738983492,0.44594594594594594,1.6387208799437125
HUMIDITY_HIGH,PM25_HIGH,0.06070453659170675,0.2192488262910798,1.638349898647185
HUMIDITY_MID + RAIN_HIGH + TEMP_HIGH + WIND_HIGH,PM10_LOW,0.009359157675809178,0.4458204334365325,1.638259658193095
HUMIDITY_HIGH + TEMP_LOW + WIND_MID,PM10_HIGH,0.010269075783179513,0.4082687338501292,1.6379720310347035
HUMIDITY_MID + RAIN_LOW + TEMP_HIGH,PM25_MID,0.014428701416872481,0.2217782217782218,1.6358004411695686
HUMIDITY_LOW + TEMP_HIGH + WIND_HIGH,PM25_LOW,0.010074093331600156,0.2410575427682737,1.632443377215079
RADIATION_MID + RAIN_LOW + WIND_LOW,O3_LOW + PM10_HIGH,0.00942415182633563,0.21481481481481482,1.630557839536626
RADIATION_MID + RAIN_LOW + WIND_MID,PM25_HIGH,0.008384245417912387,0.2179054054054054,1.628311106152291
HUMIDITY_HIGH + RADIATION_LOW,PM10_HIGH,0.04816066554010139,0.4058050383351588,1.6280876974771195
RAIN_HIGH + TEMP_LOW,NO2_HIGH + PM10_HIGH,0.020668139867411933,0.2909423604757548,1.627204346884756
RADIATION_HIGH,PM25_MID,0.03691667749902509,0.22032583397982933,1.6250878627102847
HUMIDITY_LOW + RADIATION_HIGH + TEMP_HIGH + WIND_HIGH,PM25_LOW,0.005979461848433641,0.23958333333333334,1.6224600205399062
RAIN_HIGH,NO2_LOW + PM10_LOW,0.07526322630963213,0.25596816976127323,1.6213776286319266
HUMIDITY_LOW + RAIN_LOW + TEMP_HIGH + WIND_HIGH,PM25_LOW,0.008384245417912387,0.23933209647495363,1.620758642765685
RADIATION_HIGH + RAIN_LOW + WIND_HIGH,PM10_LOW,0.021253087222150007,0.44070080862533695,1.6194465348720886
HUMIDITY_LOW + WIND_MID,PM25_MID,0.01806837384635383,0.2192429022082019,1.617100332394724
HUMIDITY_LOW + RAIN_LOW + TEMP_MID + WIND_HIGH,NO2_LOW + PM10_LOW,0.008969192772650462,0.25508317929759705,1.6157718388937126
HUMIDITY_MID + WIND_HIGH,PM25_LOW,0.017223449889509943,0.23809523809523808,1.6123826291079812
RADIATION_HIGH + TEMP_HIGH,PM10_MID,0.04777070063694268,0.40384615384615385,1.610987016613151
RADIATION_LOW + WIND_HIGH,PM25_LOW,0.009229169374756272,0.23666666666666666,1.6027083333333334
RADIATION_MID + TEMP_MID + WIND_MID,PM25_LOW,0.005914467697907188,0.23636363636363636,1.600656209987196
HUMIDITY_LOW + RAIN_LOW + TEMP_HIGH,PM10_MID,0.04432601065904069,0.4004697592483852,1.5975182047694205
HUMIDITY_MID + RADIATION_HIGH + RAIN_LOW,PM10_MID,0.012088911997920187,0.4,1.5956442831215973
HUMIDITY_MID + RADIATION_LOW,PM10_HIGH,0.011049005589496945,0.397196261682243,1.5935493304414579
HUMIDITY_MID + RADIATION_HIGH,PM10_LOW,0.024372806447419734,0.43352601156069365,1.5930812548060265
HUMIDITY_MID + RADIATION_HIGH + TEMP_HIGH,PM25_LOW,0.010074093331600156,0.23520485584218512,1.592808940135502
TEMP_MID,PM10_LOW,0.13258806707396334,0.43312101910828027,1.5915930260329592
HUMIDITY_LOW + WIND_HIGH,NO2_LOW + PM10_LOW,0.0260626543611075,0.2510958046336882,1.5905146356912006
RAIN_HIGH + WIND_LOW,PM25_HIGH,0.012088911997920187,0.2128146453089245,1.5902700984570723
HUMIDITY_MID + RADIATION_MID + RAIN_LOW + TEMP_MID,PM10_HIGH,0.00968412842844144,0.3962765957446808,1.5898596354961303
HUMIDITY_HIGH + RAIN_HIGH + WIND_MID,PM10_LOW,0.01585857272845444,0.4326241134751774,1.589767043212104
RADIATION_MID + RAIN_LOW + TEMP_HIGH,PM10_HIGH,0.009619134277914988,0.39572192513368987,1.5876342998975104
HUMIDITY_HIGH + RADIATION_LOW + RAIN_HIGH,O3_LOW + PM10_HIGH,0.013778759911607956,0.20886699507389161,1.5854107480053756
HUMIDITY_LOW + RADIATION_HIGH + WIND_HIGH,PM25_MID,0.00968412842844144,0.21469740634005763,1.5835734870317
RADIATION_HIGH + WIND_MID,PM25_MID,0.014233718965293124,0.2142857142857143,1.5805369127516777
RADIATION_HIGH,PM25_LOW,0.038996490315871574,0.23273855702094648,1.5761071471497723
RAIN_LOW + TEMP_HIGH + WIND_MID,PM10_MID,0.028857402833744963,0.39466666666666667,1.5743690260133092
HUMIDITY_MID + TEMP_HIGH + WIND_MID,PM25_MID,0.008514233718965293,0.21335504885993486,1.573672474476969
RADIATION_HIGH + WIND_MID,PM10_MID,0.026192642662160405,0.3943248532289629,1.5730054943688938
HUMIDITY_HIGH + RAIN_LOW + TEMP_MID,PM10_HIGH,0.007994280514753671,0.3917197452229299,1.5715775749674055
RAIN_HIGH + WIND_MID,PM10_LOW,0.026387625113739762,0.42691903259726605,1.5688025401341141
HUMIDITY_LOW + RADIATION_MID + RAIN_LOW + WIND_MID,PM10_HIGH,0.005329520343169115,0.3904761904761905,1.5665884398087788
HUMIDITY_LOW + RADIATION_MID,NO2_HIGH + PM10_HIGH,0.01189392954634083,0.2798165137614679,1.5649788734038332
RAIN_HIGH + TEMP_HIGH + WIND_MID,PM10_LOW,0.008904198622124009,0.4254658385093168,1.5634624770251608
RADIATION_MID + TEMP_MID,PM25_LOW,0.017678408943195112,0.23070398642917728,1.5623290207743492
RAIN_LOW + TEMP_HIGH + WIND_HIGH,PM25_LOW,0.011113999740023398,0.23045822102425875,1.5606646957214987
RADIATION_HIGH + RAIN_LOW,PM10_MID,0.04920057194852463,0.3908105317501291,1.5589864769270123
RAIN_HIGH + TEMP_HIGH + WIND_HIGH,PM10_LOW,0.014363707266346028,0.42337164750957856,1.5557669378032901
HUMIDITY_MID + RADIATION_MID,PM10_HIGH,0.03165215130638242,0.38773885350318466,1.5556062581486307
RAIN_HIGH,PM10_LOW,0.12446379825815676,0.4232979664014147,1.5554961812878354
HUMIDITY_LOW + RADIATION_LOW,PM10_LOW,0.008774210321071103,0.4231974921630094,1.5551269678576696
HUMIDITY_LOW + RADIATION_MID,PM25_HIGH,0.008839204471597556,0.20795107033639143,1.5539267451169103
RADIATION_MID + TEMP_MID + WIND_LOW,PM10_HIGH,0.008579227869491746,0.38596491228070173,1.5484892152153524
RADIATION_MID + WIND_HIGH,PM25_LOW,0.011049005589496945,0.22849462365591397,1.5473672005149175
HUMIDITY_MID + WIND_LOW,O3_LOW + PM10_HIGH,0.013778759911607956,0.20384615384615384,1.547299912716785
TEMP_MID,PM25_LOW,0.06993370596646302,0.22845010615711253,1.5470657276995305
RADIATION_MID + TEMP_MID + WIND_MID,PM10_LOW,0.010529052385285325,0.42077922077922075,1.54624052804134
HUMIDITY_MID + RAIN_LOW + WIND_HIGH,PM25_MID,0.00669439750422462,0.209349593495935,1.5441288808861244
HUMIDITY_MID + RADIATION_HIGH + TEMP_HIGH + WIND_MID,PM10_MID,0.006824385805277525,0.3860294117647059,1.539914059997865
HUMIDITY_LOW + RADIATION_LOW + RAIN_LOW,PM10_LOW,0.0077343039126478615,0.41901408450704225,1.5397541686709701
RAIN_LOW + TEMP_HIGH,PM10_MID,0.07864292213700767,0.38584183673469385,1.5391658024371273
HUMIDITY_LOW + TEMP_HIGH,PM10_MID,0.05128038476537112,0.38581907090464546,1.5390749870207092
HUMIDITY_LOW + RADIATION_HIGH + RAIN_LOW,PM10_MID,0.03600675939165475,0.38579387186629527,1.538974465267
RADIATION_HIGH + TEMP_HIGH + WIND_HIGH,PM10_LOW,0.018718315351618355,0.4186046511627907,1.5382496209196794
RAIN_HIGH + TEMP_HIGH,PM25_LOW,0.01806837384635383,0.22693877551020408,1.536830985915493
RAIN_MID,PM10_HIGH,0.015533601975822176,0.3824,1.5341868057366363
RAIN_LOW + TEMP_MID + WIND_LOW,NO2_HIGH + PM10_HIGH,0.00994410503054725,0.27419354838709675,1.5335303291471722
RAIN_HIGH + WIND_MID,NO2_LOW + PM10_LOW,0.014948654621084103,0.24185068349106204,1.5319533207877647
RAIN_MID,PM25_HIGH,0.008319251267385936,0.2048,1.5303801845556095
RADIATION_LOW + TEMP_LOW + WIND_MID,PM10_HIGH,0.008839204471597556,0.38095238095238093,1.5283789656671012
HUMIDITY_MID + TEMP_HIGH,NO2_LOW + PM10_LOW,0.027687508124268817,0.24081401921989826,1.5253867845686926
RADIATION_MID + RAIN_LOW + TEMP_MID + WIND_HIGH,PM10_LOW,0.00571948524632783,0.41509433962264153,1.5253502530293677
HUMIDITY_MID + RADIATION_MID + RAIN_LOW + TEMP_MID,NO2_HIGH + PM10_HIGH,0.006629403353698167,0.2712765957446808,1.5172161767094363
HUMIDITY_MID + RADIATION_MID + RAIN_LOW + TEMP_HIGH,PM10_HIGH,0.005849473547380735,0.37815126050420167,1.5171408850371961
HUMIDITY_HIGH + RADIATION_LOW + WIND_MID,NO2_HIGH + PM10_HIGH,0.006434420902118809,0.27123287671232876,1.5169716616124647
HUMIDITY_MID + RADIATION_HIGH + RAIN_LOW + WIND_MID,PM10_MID,0.0056544910958013775,0.3799126637554585,1.5155136750172375
RADIATION_LOW + RAIN_LOW + WIND_MID,PM10_HIGH,0.005589496945274925,0.37719298245614036,1.5132962785059128
RADIATION_LOW,PM10_HIGH,0.06310932016118549,0.3763565891472868,1.5099406729126872
RAIN_LOW + TEMP_MID + WIND_LOW,PM10_HIGH,0.01364877161055505,0.3763440860215054,1.5098905104372573
HUMIDITY_MID + RADIATION_MID,NO2_HIGH + PM10_HIGH,0.02203301702846744,0.26990445859872614,1.5095419847328246
HUMIDITY_LOW + RADIATION_HIGH,NO2_LOW + PM10_LOW,0.024697777200051996,0.23824451410658307,1.5091107838797393
HUMIDITY_HIGH + RADIATION_MID,PM25_LOW,0.009229169374756272,0.2225705329153605,1.5072492163009403
RADIATION_LOW + RAIN_HIGH + WIND_HIGH,NO2_LOW + PM10_LOW,0.005069543741063305,0.23708206686930092,1.5017475013796062
HUMIDITY_LOW + RADIATION_HIGH,PM10_MID,0.038996490315871574,0.3761755485893417,1.5006059088917842
WIND_HIGH,PM10_LOW,0.09125178733913948,0.40813953488372096,1.4997933803966876
HUMIDITY_MID + RADIATION_MID,PM25_HIGH,0.01637852593266606,0.20063694267515925,1.4992714910150557
TEMP_HIGH,PM25_MID,0.06258936695697387,0.2032074277273686,1.498825255519316
HUMIDITY_LOW + RADIATION_HIGH,PM25_LOW,0.022942935135837776,0.2213166144200627,1.4987576714203719
RADIATION_HIGH + RAIN_LOW + TEMP_HIGH + WIND_HIGH,PM10_MID,0.01039906408423242,0.3755868544600939,1.4982575428371803
TEMP_HIGH + WIND_HIGH,PM25_MID,0.017028467437930586,0.20310077519379846,1.4980386036106341
HUMIDITY_LOW + RADIATION_MID + WIND_MID,PM10_HIGH,0.00545950864422202,0.37333333333333335,1.4978113863537594
HUMIDITY_HIGH + RADIATION_LOW + RAIN_HIGH + WIND_MID,PM10_LOW,0.006434420902118809,0.4074074074074074,1.4971030261214164
TEMP_HIGH + WIND_MID,PM10_MID,0.03646171844533992,0.37525083612040133,1.4969171284802942
RADIATION_MID + WIND_HIGH,PM10_LOW,0.019693227609515144,0.40725806451612906,1.4965542346895537
HUMIDITY_LOW + RADIATION_MID + RAIN_LOW,PM10_HIGH,0.014688678018978291,0.37293729372937295,1.4962224775280657
RAIN_HIGH + WIND_MID,PM25_LOW,0.01364877161055505,0.22082018927444794,1.4953958768383169
HUMIDITY_MID + RADIATION_HIGH + TEMP_HIGH,PM10_MID,0.016053555180033798,0.37481031866464337,1.4951598555805556
HUMIDITY_HIGH + RADIATION_MID,NO2_LOW + PM10_LOW,0.009749122578967893,0.23510971786833856,1.4892540630392166
HUMIDITY_MID + RADIATION_HIGH + TEMP_HIGH,PM25_MID,0.008644222020018199,0.20182094081942337,1.488598751413062
HUMIDITY_HIGH,NO2_HIGH + PM10_HIGH,0.0732484076433121,0.26455399061032864,1.479617484380413
RAIN_LOW + WIND_HIGH,PM25_LOW,0.028272455479006888,0.21848317428427927,1.4795695948670426
HUMIDITY_LOW + RAIN_LOW + WIND_HIGH,NO2_LOW + PM10_LOW,0.021188093071623552,0.2335243553008596,1.4792119105224477
RADIATION_MID + RAIN_LOW + WIND_HIGH,PM25_MID,0.005589496945274925,0.20046620046620048,1.4786064047809013
RADIATION_HIGH + WIND_MID,NO2_LOW + PM10_LOW,0.015468607825295723,0.23287671232876714,1.4751095495637756
HUMIDITY_HIGH + RADIATION_MID,PM10_LOW,0.016638502534771872,0.4012539184952978,1.474490754709494
RADIATION_MID + TEMP_MID,PM10_LOW,0.03074223319901209,0.4011874469889737,1.474246491371471
HUMIDITY_MID + RAIN_HIGH + WIND_MID,PM10_LOW,0.007864292213700767,0.40066225165562913,1.472316552179009
RADIATION_MID + TEMP_MID,NO2_LOW + PM10_LOW,0.017808397244248018,0.23240033927056827,1.4720920625841758
RAIN_LOW + TEMP_MID + WIND_HIGH,NO2_LOW + PM10_LOW,0.01117899389054985,0.23180592991913745,1.4683268990266978
HUMIDITY_LOW + WIND_HIGH,PM10_LOW,0.041466268035876774,0.3994990607388854,1.4680421658773564
HUMIDITY_LOW + TEMP_MID + WIND_MID,PM10_LOW,0.007994280514753671,0.3993506493506493,1.467496797446642
TEMP_HIGH,NO2_LOW + PM10_LOW,0.07123358897699207,0.23127242034184428,1.464947492539982
RAIN_HIGH,PM25_LOW,0.06356427921487066,0.21618037135278514,1.4639749971980425
HUMIDITY_LOW + RADIATION_HIGH + RAIN_LOW + TEMP_HIGH + WIND_HIGH,PM10_MID,0.0076043156115949565,0.3667711598746082,1.4630907611694897
HUMIDITY_HIGH + RADIATION_LOW + RAIN_HIGH + TEMP_LOW,PM10_HIGH,0.012283894449499545,0.36416184971098264,1.4610154418913113
HUMIDITY_HIGH + RAIN_LOW + TEMP_MID,NO2_HIGH + PM10_HIGH,0.005329520343169115,0.2611464968152866,1.460559796437659
RADIATION_LOW + RAIN_HIGH + WIND_MID,PM10_LOW,0.007279344858962694,0.3971631205673759,1.4594582691783249
HUMIDITY_MID + RAIN_LOW + TEMP_HIGH + WIND_MID,PM10_MID,0.009749122578967893,0.36585365853658536,1.4594307467575582
RADIATION_MID + TEMP_MID + WIND_LOW,NO2_HIGH + PM10_HIGH,0.005784479396854283,0.260233918128655,1.4554558576254037
TEMP_MID + WIND_MID,PM10_LOW,0.026907578317951385,0.39579349904397704,1.4544253107930811
HUMIDITY_HIGH + RAIN_HIGH + WIND_MID,PM25_LOW,0.007864292213700767,0.21453900709219859,1.452859666866447
HUMIDITY_HIGH + TEMP_MID + WIND_MID,NO2_LOW + PM10_LOW,0.0052645261926426625,0.2288135593220339,1.449372344062912
HUMIDITY_LOW + RADIATION_HIGH + RAIN_LOW,PM25_LOW,0.019953204211620956,0.2137883008356546,1.4477758788104673
HUMIDITY_LOW + RADIATION_HIGH + TEMP_HIGH,NO2_LOW + PM10_LOW,0.016183543481086703,0.22823098075160406,1.44568212014993
HUMIDITY_LOW + RADIATION_HIGH + TEMP_HIGH + WIND_HIGH,PM10_MID,0.009034186923176915,0.3619791666666667,1.4439749697519662
HUMIDITY_HIGH + RAIN_HIGH,PM25_LOW,0.03126218640322371,0.2129260734838424,1.4419368691119716
HUMIDITY_HIGH + RAIN_HIGH,PM10_LOW,0.05758481736643702,0.3922089420097388,1.4412531124341632
RADIATION_HIGH,PM10_MID,0.06031457168854803,0.3599689681923972,1.4359560654934467
HUMIDITY_LOW + RAIN_LOW + WIND_HIGH,PM10_LOW,0.035356817886390224,0.38968481375358166,1.4319776795826624
HUMIDITY_LOW + RAIN_LOW + WIND_LOW,NO2_HIGH + PM10_HIGH,0.008969192772650462,0.2560296846011132,1.431942103697829
HUMIDITY_HIGH + RAIN_HIGH + TEMP_MID + WIND_LOW,PM10_LOW,0.007344339009489146,0.3896551724137931,1.431868756331173
HUMIDITY_HIGH + RAIN_HIGH + TEMP_HIGH,PM10_MID,0.007084362407383336,0.35855263157894735,1.4303061419428789
HUMIDITY_LOW + RADIATION_MID,PM10_HIGH,0.01514363707266346,0.3562691131498471,1.4293498239696343
HUMIDITY_LOW + RADIATION_MID + WIND_HIGH,PM10_LOW,0.006564409203171715,0.38846153846153847,1.4274825007808052
RADIATION_LOW + WIND_MID,NO2_HIGH + PM10_HIGH,0.008969192772650462,0.25508317929759705,1.4266484175473748
RADIATION_HIGH + RAIN_LOW,PM25_LOW,0.026517613414792668,0.21063500258131132,1.4264217208257288
RAIN_LOW + TEMP_MID + WIND_MID,PM25_LOW,0.008319251267385936,0.21052631578947367,1.4256856931060045
RAIN_HIGH + TEMP_MID + WIND_LOW,PM10_LOW,0.00844923956843884,0.3869047619047619,1.4217618024042673
HUMIDITY_LOW + WIND_LOW,NO2_HIGH + PM10_HIGH,0.009099181073703366,0.2536231884057971,1.4184828705240258
HUMIDITY_LOW + RAIN_LOW + WIND_MID,PM10_MID,0.026972572468477837,0.3553082191780822,1.4173638216940556
HUMIDITY_MID + RADIATION_HIGH + RAIN_LOW,NO2_LOW + PM10_LOW,0.006759391654751073,0.22365591397849463,1.4167023023767469
TEMP_MID,NO2_LOW + PM10_LOW,0.06837384635382815,0.22335456475583865,1.4147934678194043
TEMP_HIGH,PM10_MID,0.10912517873391395,0.3542941548849968,1.4133186069641073
RADIATION_HIGH + RAIN_LOW,NO2_LOW + PM10_LOW,0.02807747302742753,0.22302529685080022,1.4127077881212071
HUMIDITY_HIGH + RADIATION_LOW + RAIN_HIGH + WIND_LOW,PM10_HIGH,0.010334069933705966,0.35176991150442477,1.4112990504320937
RADIATION_LOW + RAIN_HIGH + WIND_LOW,PM10_HIGH,0.010789028987391135,0.3516949152542373,1.4109981658674564
RADIATION_HIGH + TEMP_HIGH + WIND_MID,NO2_LOW + PM10_LOW,0.01163395294423502,0.22263681592039802,1.4102470357147978
HUMIDITY_MID + RAIN_LOW,PM10_HIGH,0.060964513193812554,0.3507853403141361,1.4073489559513164
RAIN_LOW + TEMP_HIGH + WIND_LOW,PM10_MID,0.011503964643182114,0.35258964143426297,1.4065191141061888
HUMIDITY_MID + TEMP_MID,NO2_LOW + PM10_LOW,0.020213180813726764,0.22119487908961594,1.4011133839739938
HUMIDITY_MID + TEMP_HIGH + WIND_HIGH,PM10_LOW,0.01312881840634343,0.38113207547169814,1.4005488686906014
HUMIDITY_LOW + RADIATION_HIGH + RAIN_LOW,NO2_LOW + PM10_LOW,0.02060314571688548,0.22075208913649025,1.3983086222536183
RADIATION_HIGH + TEMP_HIGH + WIND_HIGH,PM10_MID,0.01566359027687508,0.35029069767441856,1.3973483729371543
HUMIDITY_LOW + WIND_MID,PM10_MID,0.028857402833744963,0.3501577287066246,1.3968179450039218
HUMIDITY_HIGH + RAIN_HIGH + TEMP_LOW,PM10_HIGH,0.019173274405303524,0.34787735849056606,1.3956821480406387
HUMIDITY_MID + RAIN_LOW + TEMP_HIGH,PM10_MID,0.022747952684258416,0.34965034965034963,1.3947939537776197
HUMIDITY_HIGH + TEMP_MID,NO2_LOW + PM10_LOW,0.02209801117899389,0.22006472491909385,1.3939546552512054
HUMIDITY_MID + TEMP_HIGH + WIND_MID,NO2_LOW + PM10_LOW,0.008774210321071103,0.21986970684039087,1.3927193534155018
HUMIDITY_MID + RADIATION_HIGH + WIND_MID,PM10_MID,0.007669309762121409,0.34911242603550297,1.3926481169256544
TEMP_HIGH + WIND_LOW,PM10_MID,0.01390874821266086,0.34796747967479674,1.3880807991383
HUMIDITY_LOW + RADIATION_HIGH + TEMP_HIGH + WIND_HIGH,PM10_LOW,0.00942415182633563,0.3776041666666667,1.3875848360003185
HUMIDITY_MID + WIND_HIGH,PM10_LOW,0.0272975432211101,0.37735849056603776,1.3866820482085163
HUMIDITY_MID + RAIN_LOW,NO2_HIGH + PM10_HIGH,0.04302612764851163,0.2475691847419596,1.3846235828570668
HUMIDITY_LOW + RAIN_LOW + WIND_LOW,PM10_HIGH,0.012088911997920187,0.3450834879406308,1.3844731539646795
RADIATION_HIGH,PM10_LOW,0.06310932016118549,0.37664856477889835,1.384073278645362
HUMIDITY_MID + RADIATION_HIGH + RAIN_LOW,PM25_LOW,0.006174444300012999,0.20430107526881722,1.383528320460397
HUMIDITY_LOW + RADIATION_MID + RAIN_LOW + WIND_HIGH,PM10_LOW,0.00571948524632783,0.37606837606837606,1.3819412548813075
RADIATION_LOW + RAIN_HIGH + TEMP_LOW,PM10_HIGH,0.012998830105290524,0.3442340791738382,1.3810653304220795
HUMIDITY_HIGH + RAIN_HIGH + TEMP_HIGH,PM10_LOW,0.007409333160015599,0.375,1.3780152854072127
HUMIDITY_MID + RADIATION_HIGH + TEMP_HIGH,PM10_LOW,0.016053555180033798,0.37481031866464337,1.3773182619952717
HUMIDITY_LOW + TEMP_MID,NO2_LOW + PM10_LOW,0.017808397244248018,0.216600790513834,1.3720130765112597
RADIATION_MID,NO2_HIGH + PM10_HIGH,0.04081632653061224,0.2453125,1.3720022264631044
RADIATION_HIGH + RAIN_LOW + TEMP_HIGH + WIND_HIGH,PM10_LOW,0.010334069933705966,0.3732394366197183,1.3715457300766625
RADIATION_MID,PM10_HIGH,0.05686988171064604,0.341796875,1.3712872799869622
HUMIDITY_MID + TEMP_HIGH + WIND_MID,PM10_MID,0.013713765761081503,0.34364820846905536,1.3708507481215675
HUMIDITY_LOW + RADIATION_HIGH + RAIN_LOW + TEMP_HIGH + WIND_HIGH,PM10_LOW,0.0077343039126478615,0.3730407523510972,1.370815623518983
RAIN_HIGH + TEMP_LOW,PM10_HIGH,0.024242818146366828,0.3412625800548948,1.3691436914536144
HUMIDITY_LOW + WIND_LOW,PM10_HIGH,0.012218900298973092,0.34057971014492755,1.366404020936077
RADIATION_LOW + RAIN_LOW + WIND_HIGH,PM10_LOW,0.005849473547380735,0.37037037037037035,1.3610027510194693
HUMIDITY_LOW + RAIN_LOW + TEMP_LOW,PM10_HIGH,0.018718315351618355,0.3388235294117647,1.3593582329933276
HUMIDITY_MID + RAIN_LOW + TEMP_HIGH + WIND_LOW,PM10_HIGH,0.0053945144936955675,0.33877551020408164,1.3591655801825293
HUMIDITY_MID + RADIATION_HIGH + WIND_MID,PM10_LOW,0.008124268815806577,0.3698224852071006,1.3589894333404466
HUMIDITY_LOW + RADIATION_HIGH + RAIN_LOW + TEMP_HIGH,NO2_LOW + PM10_LOW,0.01364877161055505,0.2127659574468085,1.3477221166227236
HUMIDITY_LOW + RADIATION_LOW + TEMP_LOW,PM10_LOW,0.0055245027947484725,0.36637931034482757,1.346336773099001
HUMIDITY_HIGH + TEMP_HIGH,NO2_LOW + PM10_LOW,0.005914467697907188,0.2116279069767442,1.3405133704175323
HUMIDITY_MID + RADIATION_MID + WIND_MID,PM10_HIGH,0.009359157675809178,0.33410672853828305,1.3404344524876202
RADIATION_HIGH + RAIN_LOW + TEMP_HIGH,NO2_LOW + PM10_LOW,0.018718315351618355,0.21160911094783247,1.340394310845348
HUMIDITY_MID + RADIATION_HIGH + TEMP_HIGH + WIND_HIGH,PM10_MID,0.006109450149486546,0.3357142857142857,1.3392014519056261
HUMIDITY_LOW + RAIN_LOW + TEMP_MID + WIND_MID,PM10_LOW,0.006369426751592357,0.362962962962963,1.3337826959990802
HUMIDITY_HIGH + RADIATION_LOW + RAIN_HIGH + TEMP_MID,NO2_LOW + PM10_LOW,0.005784479396854283,0.2099056603773585,1.3296041542058616
RAIN_LOW + TEMP_HIGH + WIND_HIGH,PM10_MID,0.016053555180033798,0.3328840970350404,1.3279115159401431
HUMIDITY_LOW + TEMP_HIGH,NO2_LOW + PM10_LOW,0.027752502274795268,0.20880195599022006,1.3226129661858894
HUMIDITY_LOW + RAIN_LOW + TEMP_HIGH + WIND_HIGH,PM10_MID,0.011568958793708567,0.3302411873840445,1.3173686567515968
RAIN_LOW + WIND_HIGH,NO2_LOW + PM10_LOW,0.026907578317951385,0.20793571069814162,1.3171259138746838
RADIATION_LOW + TEMP_LOW + WIND_HIGH,PM10_LOW,0.007214350708436241,0.3580645161290323,1.315782337033984
HUMIDITY_HIGH + RADIATION_MID + WIND_LOW,PM10_HIGH,0.005134537891589757,0.32780082987551873,1.3151352199386521
HUMIDITY_MID + RADIATION_MID + WIND_MID,NO2_HIGH + PM10_HIGH,0.006564409203171715,0.23433874709976799,1.3106273947208398
HUMIDITY_HIGH + RAIN_HIGH + WIND_LOW,NO2_HIGH + PM10_HIGH,0.011568958793708567,0.23421052631578948,1.3099102718628635
HUMIDITY_MID + RADIATION_HIGH,PM10_MID,0.018458338749512544,0.3283236994219653,1.3097195849899814
HUMIDITY_HIGH,PM10_HIGH,0.09034186923176914,0.32629107981220656,1.3090781105581775
RADIATION_LOW + TEMP_MID + WIND_LOW,PM10_MID,0.005329520343169115,0.328,1.3084283121597098
RADIATION_MID + TEMP_HIGH + WIND_MID,PM10_LOW,0.005134537891589757,0.35585585585585583,1.3076661567227605
HUMIDITY_LOW + TEMP_HIGH + WIND_HIGH,PM10_MID,0.01364877161055505,0.3265940902021773,1.3028199823310085
RADIATION_MID + RAIN_LOW + TEMP_MID,PM10_HIGH,0.015338619524242819,0.3246217331499312,1.3023807004549783
TEMP_HIGH + WIND_HIGH,PM10_LOW,0.029637332640062394,0.35348837209302325,1.298966346554396
RADIATION_HIGH + RAIN_LOW + WIND_HIGH,PM10_MID,0.01566359027687508,0.32479784366576814,1.295654556038763
RADIATION_LOW + RAIN_HIGH + TEMP_MID,NO2_LOW + PM10_LOW,0.006304432601065904,0.20421052631578948,1.293529500985894
HUMIDITY_LOW + TEMP_LOW,PM10_HIGH,0.019433251007409332,0.32116004296455425,1.288492417484389
RADIATION_LOW + RAIN_HIGH,PM10_LOW,0.025867671909528142,0.3500439753737907,1.2863091963461055
HUMIDITY_MID + RADIATION_MID + WIND_HIGH,PM10_LOW,0.007409333160015599,0.3486238532110092,1.2810906628862162
HUMIDITY_HIGH + TEMP_HIGH,PM10_MID,0.008969192772650462,0.3209302325581395,1.2802262271557
HUMIDITY_HIGH + RADIATION_LOW + WIND_MID,PM10_HIGH,0.0075393214610685036,0.3178082191780822,1.2750449179332395
HUMIDITY_LOW + RAIN_LOW,PM10_MID,0.07591316781489665,0.31947483588621445,1.2744204887076214
RADIATION_MID + WIND_MID,PM10_HIGH,0.017938385545300924,0.3168771526980482,1.27130948407097
HUMIDITY_HIGH + RADIATION_LOW + RAIN_HIGH + WIND_LOW,PM10_MID,0.009294163525282725,0.3163716814159292,1.2620416619822366
RAIN_LOW + TEMP_MID,PM10_LOW,0.055180033796958274,0.34275333064190555,1.2595182099967421
RADIATION_MID + WIND_MID,NO2_HIGH + PM10_HIGH,0.012738853503184714,0.22502870264064295,1.258557476855301
HUMIDITY_HIGH + RADIATION_LOW + RAIN_HIGH,PM10_LOW,0.02255297023267906,0.34187192118226595,1.256279288108513
HUMIDITY_LOW + RADIATION_HIGH + RAIN_LOW + WIND_HIGH,PM10_MID,0.012088911997920187,0.3141891891891892,1.2533354588708492
RADIATION_MID + TEMP_HIGH,PM10_MID,0.012868841804237618,0.31378763866877973,1.2517336293901595
HUMIDITY_LOW + RADIATION_HIGH + WIND_HIGH,PM10_MID,0.014103730664240218,0.3126801152737752,1.2473155959560034
RAIN_LOW + WIND_HIGH,PM10_LOW,0.043806057454829066,0.33852335509794074,1.2439742874461228
RADIATION_LOW + RAIN_HIGH + WIND_LOW,PM10_MID,0.009554140127388535,0.3114406779661017,1.2423713433203114
RADIATION_HIGH + RAIN_HIGH + TEMP_HIGH,PM10_MID,0.008319251267385936,0.31143552311435524,1.2423507800460125
HUMIDITY_MID + TEMP_HIGH,PM10_MID,0.03574678278954894,0.3109101187111362,1.240254883715204
TEMP_HIGH + WIND_HIGH,PM10_MID,0.0260626543611075,0.31085271317829455,1.2400258866894582
HUMIDITY_MID + TEMP_MID,PM10_LOW,0.03074223319901209,0.3364153627311522,1.2362280322382393
HUMIDITY_LOW + RADIATION_HIGH,PM10_LOW,0.03477187053165215,0.335423197492163,1.2325821152649676
HUMIDITY_MID + RAIN_LOW + WIND_HIGH,PM10_MID,0.009879110880020798,0.3089430894308943,1.2324081861508271
HUMIDITY_MID + RADIATION_MID + TEMP_HIGH,PM10_MID,0.007344339009489146,0.3087431693989071,1.2316106830105225
HUMIDITY_LOW,PM10_MID,0.08553230209281165,0.3081967213114754,1.2294308410936896
RAIN_LOW,PM10_HIGH,0.18900298973092422,0.30562270099842354,1.2261566825454353
HUMIDITY_MID + RAIN_LOW + TEMP_MID,PM10_HIGH,0.016313531782139606,0.30535279805352794,1.2250738333380915
RAIN_HIGH + WIND_LOW,NO2_HIGH + PM10_HIGH,0.012413882750552451,0.21853546910755148,1.222241631293634
RAIN_HIGH + TEMP_HIGH,PM10_MID,0.024372806447419734,0.30612244897959184,1.2211563391236713
HUMIDITY_MID + RADIATION_MID + TEMP_MID,PM10_HIGH,0.011049005589496945,0.30303030303030304,1.2157559954170125
RADIATION_MID + RAIN_LOW + TEMP_MID,NO2_HIGH + PM10_HIGH,0.010269075783179513,0.2173314993122421,1.215507978341751
RAIN_LOW + TEMP_HIGH + WIND_LOW,PM10_HIGH,0.009879110880020798,0.30278884462151395,1.2147872655401861
RAIN_LOW + WIND_MID,PM10_MID,0.046080852723254906,0.3044224989265779,1.2143750501644615
HUMIDITY_LOW + WIND_LOW,PM10_MID,0.01091901728844404,0.30434782608695654,1.2140771719403458
RAIN_HIGH + TEMP_HIGH + WIND_MID,PM10_MID,0.006369426751592357,0.30434782608695654,1.2140771719403458
RADIATION_HIGH + WIND_HIGH,PM10_MID,0.02203301702846744,0.30294906166219837,1.2084973457958477
HUMIDITY_LOW + TEMP_HIGH + WIND_HIGH,PM10_LOW,0.013713765761081503,0.328149300155521,1.2058526706933
RAIN_LOW,NO2_HIGH + PM10_HIGH,0.13330300272975432,0.21555438780872307,1.205568815276268
HUMIDITY_LOW + RADIATION_LOW,PM10_MID,0.006239438450539451,0.30094043887147337,1.2004847271134274
HUMIDITY_HIGH + RADIATION_LOW + RAIN_HIGH + TEMP_LOW,PM10_MID,0.01013908748212661,0.30057803468208094,1.199039056680969
HUMIDITY_LOW + RAIN_LOW + WIND_LOW,PM10_MID,0.010529052385285325,0.300556586270872,1.1989534965941502
RADIATION_LOW + TEMP_LOW + WIND_HIGH,PM10_MID,0.006044455998960093,0.3,1.1967332123411978
RADIATION_LOW + RAIN_HIGH + TEMP_LOW,PM10_MID,0.011308982191602755,0.29948364888123924,1.1946734305643627
RADIATION_MID + RAIN_LOW + TEMP_HIGH,PM10_MID,0.007279344858962694,0.2994652406417112,1.1945999980589497
HUMIDITY_MID + TEMP_HIGH + WIND_LOW,PM10_HIGH,0.005589496945274925,0.296551724137931,1.1897639706874072
HUMIDITY_LOW + RADIATION_LOW + RAIN_LOW,PM10_MID,0.00545950864422202,0.29577464788732394,1.1798778149842795
HUMIDITY_MID + RADIATION_LOW + RAIN_LOW,PM10_MID,0.005849473547380735,0.29508196721311475,1.1771146350897028
HUMIDITY_HIGH + RADIATION_LOW + RAIN_HIGH + TEMP_LOW + WIND_LOW,PM10_MID,0.005329520343169115,0.2939068100358423,1.1724268030104925
RADIATION_LOW + RAIN_HIGH + TEMP_LOW + WIND_LOW,PM10_MID,0.0055245027947484725,0.29310344827586204,1.1692221040115152
HUMIDITY_MID + TEMP_HIGH + WIND_HIGH,PM10_MID,0.010074093331600156,0.29245283018867924,1.1666267164332431
HUMIDITY_HIGH + TEMP_HIGH,PM10_LOW,0.008839204471597556,0.31627906976744186,1.1622330469170912
HUMIDITY_MID + RADIATION_HIGH + TEMP_HIGH + WIND_MID,PM10_LOW,0.005589496945274925,0.3161764705882353,1.1618560249511793
HUMIDITY_LOW + RAIN_LOW + TEMP_HIGH + WIND_HIGH,PM10_LOW,0.011049005589496945,0.31539888682745826,1.1589986321297523
RADIATION_LOW + WIND_MID,PM10_HIGH,0.01013908748212661,0.28835489833641403,1.156878348319183
HUMIDITY_HIGH + WIND_MID,PM10_LOW,0.01806837384635383,0.31447963800904977,1.1556206616687938
RAIN_LOW + TEMP_MID + WIND_MID,PM10_LOW,0.012413882750552451,0.31414473684210525,1.1543899978630598
HUMIDITY_MID + RADIATION_HIGH + RAIN_HIGH + TEMP_HIGH,PM10_MID,0.005134537891589757,0.2893772893772894,1.1543580436502399
HUMIDITY_LOW + RADIATION_HIGH + RAIN_LOW,PM10_LOW,0.02931236188743013,0.314066852367688,1.1541037952064122
RADIATION_HIGH + RAIN_LOW,PM10_LOW,0.03938645521903029,0.31285493030459477,1.1496503361993062
RADIATION_HIGH + TEMP_HIGH,PM10_LOW,0.03691667749902509,0.3120879120879121,1.1468317686612408
HUMIDITY_MID + RADIATION_MID + TEMP_MID,NO2_HIGH + PM10_HIGH,0.0074743273105420515,0.20499108734402852,1.146489592829961
HUMIDITY_MID + TEMP_HIGH + WIND_LOW,PM10_MID,0.0053945144936955675,0.28620689655172415,1.1417109956818325
HUMIDITY_MID + RADIATION_HIGH + WIND_HIGH,PM10_MID,0.007019368256856883,0.2857142857142857,1.1397459165154264
WIND_MID,PM10_MID,0.06343429091381776,0.2855471035693388,1.1390790084308653
HUMIDITY_MID + RADIATION_LOW,PM10_MID,0.00792928636422722,0.28504672897196265,1.1370829587665587
HUMIDITY_LOW + RAIN_LOW + TEMP_LOW + WIND_HIGH,PM10_MID,0.005784479396854283,0.28434504792332266,1.134283875381966
HUMIDITY_MID + TEMP_HIGH,PM10_LOW,0.035356817886390224,0.3075183719615602,1.1300400456175221
HUMIDITY_MID + RAIN_LOW + TEMP_MID,NO2_HIGH + PM10_HIGH,0.010789028987391135,0.20194647201946472,1.1294614389282023
HUMIDITY_MID + RAIN_LOW + WIND_MID,PM10_MID,0.01644352008319251,0.2829977628635346,1.1289094061235012
HUMIDITY_MID + WIND_MID,PM10_MID,0.02287794098531132,0.2816,1.1233335753176044
HUMIDITY_MID + RADIATION_HIGH + RAIN_LOW,PM10_LOW,0.009229169374756272,0.3053763440860215,1.122168719872827
RAIN_LOW + TEMP_HIGH + WIND_HIGH,PM10_LOW,0.014688678018978291,0.3045822102425876,1.1192505103397308
RAIN_HIGH + TEMP_LOW,PM10_MID,0.0198882100610945,0.2799634034766697,1.1168050106020326
HUMIDITY_LOW + TEMP_LOW + WIND_HIGH,PM10_LOW,0.006564409203171715,0.3023952095808383,1.111213922763501
HUMIDITY_LOW + TEMP_LOW + WIND_HIGH,PM10_MID,0.006044455998960093,0.27844311377245506,1.1107404066639859
RADIATION_MID + RAIN_LOW + WIND_HIGH,PM10_MID,0.0077343039126478615,0.2773892773892774,1.1065365366635784
RADIATION_LOW + WIND_MID,PM10_MID,0.009749122578967893,0.27726432532347506,1.1060380890399242
RADIATION_MID + WIND_MID,PM10_LOW,0.017028467437930586,0.3008036739380023,1.1053654949152385
RAIN_MID,PM10_LOW,0.012218900298973092,0.3008,1.1053519942679724
HUMIDITY_LOW,PM10_LOW,0.08338749512543871,0.3004683840749415,1.1041334027649987
HUMIDITY_LOW + RAIN_LOW + TEMP_LOW + WIND_HIGH,PM10_LOW,0.006109450149486546,0.3003194888178914,1.1035862562579597
HUMIDITY_LOW + RAIN_HIGH,PM10_MID,0.0052645261926426625,0.2764505119453925,1.1027916973792609
RADIATION_LOW + TEMP_LOW + WIND_MID,PM10_MID,0.006369426751592357,0.27450980392156865,1.095049998220704
RADIATION_HIGH + WIND_MID,PM10_LOW,0.019758221760041595,0.29745596868884544,1.0930636575702355
HUMIDITY_HIGH + RAIN_HIGH + WIND_LOW,PM10_MID,0.013518783309502146,0.2736842105263158,1.0917566147674087
HUMIDITY_MID + RADIATION_LOW + TEMP_LOW,PM10_MID,0.005849473547380735,0.2735562310030395,1.0912460902807275
RAIN_HIGH + WIND_LOW,PM10_MID,0.015533601975822176,0.2734553775743707,1.090843774788506
RAIN_HIGH + TEMP_HIGH + WIND_HIGH,PM10_MID,0.009229169374756272,0.2720306513409962,1.0851603841152626
HUMIDITY_HIGH + RAIN_HIGH + WIND_LOW,PM10_HIGH,0.013323800857922787,0.26973684210526316,1.0821828038152748
HUMIDITY_MID + RAIN_LOW + WIND_MID,PM10_HIGH,0.01566359027687508,0.26957494407158833,1.0815332697484896
RAIN_LOW + WIND_HIGH,PM10_MID,0.03503184713375796,0.27071823204419887,1.0799249982452797
TEMP_MID + WIND_LOW,PM10_HIGH,0.016248537631613155,0.2691065662002153,1.0796541401711897
RADIATION_LOW + RAIN_HIGH,PM10_MID,0.019953204211620956,0.2700087950747581,1.0770949756339716
HUMIDITY_MID + RAIN_HIGH + TEMP_HIGH,PM10_MID,0.011113999740023398,0.2697160883280757,1.0759273360165342
HUMIDITY_MID + TEMP_MID + WIND_MID,PM10_LOW,0.007214350708436241,0.29210526315789476,1.0734013802119342
HUMIDITY_HIGH + RADIATION_LOW + RAIN_HIGH,PM10_MID,0.017743403093721567,0.2689655172413793,1.0729332248576255
RAIN_HIGH + TEMP_LOW + WIND_LOW,PM10_MID,0.007409333160015599,0.2688679245283019,1.0725439167208848
RAIN_LOW + TEMP_LOW + WIND_HIGH,PM10_MID,0.008644222020018199,0.2686868686868687,1.0718216649251133
TEMP_HIGH,PM10_LOW,0.08949694527492526,0.2905676303017514,1.067751029334308
HUMIDITY_MID + RADIATION_MID + TEMP_HIGH,PM10_HIGH,0.006304432601065904,0.2650273224043716,1.0632882353360265
HUMIDITY_LOW + RAIN_LOW + TEMP_LOW,PM10_MID,0.014688678018978291,0.26588235294117646,1.0606341411337674
RAIN_LOW,PM10_MID,0.1643052125308722,0.2656857593273778,1.0598499074438774
HUMIDITY_HIGH + TEMP_MID + WIND_LOW,PM10_LOW,0.009034186923176915,0.28838174273858924,1.059718532069724
HUMIDITY_LOW + RAIN_LOW,PM10_LOW,0.06850383465488107,0.2882932166301969,1.0593932245216646
RADIATION_HIGH + RAIN_HIGH,PM10_MID,0.009814116729494346,0.26444833625218916,1.0549136898045586
HUMIDITY_HIGH + RAIN_HIGH + TEMP_LOW + WIND_LOW,PM10_MID,0.006889379955803978,0.26433915211970077,1.054478142212527
HUMIDITY_MID + RADIATION_MID + TEMP_HIGH,PM10_LOW,0.006824385805277525,0.28688524590163933,1.054219344027376
HUMIDITY_HIGH + RAIN_HIGH + TEMP_LOW,PM10_MID,0.014558689717925387,0.2641509433962264,1.0537273567784131
HUMIDITY_LOW + RAIN_LOW + WIND_HIGH,PM10_MID,0.023917847393734565,0.2636103151862464,1.051570730997041
TEMP_LOW + WIND_HIGH,PM10_MID,0.012348888600025998,0.2631578947368421,1.0497659757378928
HUMIDITY_LOW + RADIATION_HIGH + RAIN_LOW + TEMP_MID,PM10_MID,0.006239438450539451,0.26229508196721313,1.046324120079736
HUMIDITY_LOW + TEMP_LOW,PM10_MID,0.01585857272845444,0.2620837808807734,1.0454812166532486
RADIATION_MID + RAIN_LOW + WIND_HIGH,PM10_LOW,0.00792928636422722,0.2843822843822844,1.0450216927408236
RADIATION_MID + TEMP_HIGH,PM10_HIGH,0.01065904068633823,0.25990491283676703,1.0427371548647972
HUMIDITY_LOW + WIND_HIGH,PM10_MID,0.02703756661900429,0.2604884157795867,1.0391171286452479
TEMP_HIGH + WIND_LOW,PM10_HIGH,0.010334069933705966,0.25853658536585367,1.03724743218749
HUMIDITY_MID + RADIATION_MID + WIND_HIGH,PM10_MID,0.0055245027947484725,0.2599388379204893,1.0369248017227504
HUMIDITY_MID + RADIATION_MID + WIND_MID,PM10_MID,0.007279344858962694,0.25986078886310904,1.0366134553922208
HUMIDITY_MID + TEMP_HIGH + WIND_MID,PM10_LOW,0.011243988041076304,0.28175895765472314,1.0353817345296323
HUMIDITY_MID + RAIN_LOW,PM10_MID,0.04491095801377876,0.25841436050860134,1.0308434925551828
HUMIDITY_MID + RAIN_HIGH + WIND_MID,PM10_MID,0.005069543741063305,0.2582781456953642,1.030300116585137
RADIATION_HIGH + RAIN_LOW + TEMP_MID,PM10_MID,0.007994280514753671,0.25786163522012573,1.0286386101884508
HUMIDITY_HIGH + RADIATION_LOW + WIND_MID,PM10_LOW,0.006629403353698167,0.27945205479452057,1.0269045414541422
RAIN_HIGH + WIND_LOW,PM10_HIGH,0.014493695567398934,0.2551487414187643,1.0236554199397934
HUMIDITY_MID,PM10_HIGH,0.07019368256856882,0.2546569205376091,1.0216822371295053
RAIN_HIGH + TEMP_MID + WIND_LOW,PM10_MID,0.005589496945274925,0.25595238095238093,1.0210223835450696
RADIATION_HIGH + RAIN_HIGH + WIND_HIGH,PM10_MID,0.005849473547380735,0.2556818181818182,1.0199430786998844
RADIATION_MID,PM10_LOW,0.046015858572728455,0.2765625,1.0162862729878195
RADIATION_MID + TEMP_HIGH,PM10_LOW,0.011308982191602755,0.2757527733755943,1.0133107645466668
HUMIDITY_MID + RAIN_HIGH + TEMP_HIGH + WIND_HIGH,PM10_MID,0.005329520343169115,0.25386996904024767,1.0127154118883201
HUMIDITY_MID + WIND_HIGH,PM10_MID,0.018263356297933186,0.252470799640611,1.0071339702541977
RAIN_MID,PM10_MID,0.01020408163265306,0.2512,1.002064609800363
HUMIDITY_LOW + RADIATION_MID + RAIN_LOW,PM10_MID,0.009879110880020798,0.2508250825082508,1.0005690224194832
HUMIDITY_LOW + RADIATION_MID,PM10_MID,0.01065904068633823,0.25076452599388377,1.0003274557795945
